x_,y_,t_,dt,id,sim
415.16814346144366,7358.912075940491,2022-03-17T06:53:00Z,1H 0M 0S,5605,1
415.2899054458367,7359.290910553151,2022-03-17T07:53:00Z,1H 0M 0S,5605,1
414.6561756116638,7359.856190286612,2022-03-17T08:53:00Z,1H 0M 0S,5605,1
414.6064614742239,7359.821635431333,2022-03-17T09:53:00Z,1H 0M 0S,5605,1
414.1836132258695,7361.109308095845,2022-03-17T10:53:00Z,1H 0M 0S,5605,1
414.9371985913013,7361.663975962526,2022-03-17T11:53:00Z,1H 0M 0S,5605,1
415.08200006544814,7363.5140963248105,2022-03-17T12:53:00Z,1H 0M 0S,5605,1
414.46862599747135,7363.423917566609,2022-03-17T13:53:00Z,1H 0M 0S,5605,1
414.38914389147965,7362.920872999659,2022-03-17T14:53:00Z,1H 0M 0S,5605,1
414.44060296327336,7363.655215079577,2022-03-17T15:53:00Z,1H 0M 0S,5605,1
414.4163660920129,7363.948607895745,2022-03-17T16:53:00Z,1H 0M 0S,5605,1
413.8507760409135,7364.227195186568,2022-03-17T17:53:00Z,1H 0M 0S,5605,1
413.5834396852236,7364.256398957675,2022-03-17T18:53:00Z,1H 0M 0S,5605,1
413.165950871645,7364.228888163595,2022-03-17T19:53:00Z,1H 0M 0S,5605,1
413.04873796401324,7364.113084058136,2022-03-17T20:53:00Z,1H 0M 0S,5605,1
413.2757272909512,7363.819629690687,2022-03-17T21:53:00Z,1H 0M 0S,5605,1
413.248807507223,7363.54559244881,2022-03-17T22:53:00Z,1H 0M 0S,5605,1
413.7415842122891,7363.658291057237,2022-03-17T23:53:00Z,1H 0M 0S,5605,1
413.8162222924068,7363.73681092589,2022-03-18T00:53:00Z,1H 0M 0S,5605,1
414.96070133692655,7364.641778887942,2022-03-18T01:53:00Z,1H 0M 0S,5605,1
415.4043474681908,7364.74910736127,2022-03-18T02:53:00Z,1H 0M 0S,5605,1
415.43315979921687,7364.83701586419,2022-03-18T03:53:00Z,1H 0M 0S,5605,1
415.79637368859346,7366.1729324780345,2022-03-18T04:53:00Z,1H 0M 0S,5605,1
415.72994347028924,7366.296084305052,2022-03-18T05:53:00Z,1H 0M 0S,5605,1
415.6762410340902,7366.3900623194195,2022-03-18T06:53:00Z,1H 0M 0S,5605,1
416.05075055176667,7368.396371535652,2022-03-18T07:53:00Z,1H 0M 0S,5605,1
415.9172329813143,7368.810259656104,2022-03-18T08:53:00Z,1H 0M 0S,5605,1
415.9902941543402,7369.017013850124,2022-03-18T09:53:00Z,1H 0M 0S,5605,1
416.0171555101859,7369.166863328142,2022-03-18T10:53:00Z,1H 0M 0S,5605,1
416.02568749564705,7369.31719446773,2022-03-18T11:53:00Z,1H 0M 0S,5605,1
415.8614788498075,7369.437431609638,2022-03-18T12:53:00Z,1H 0M 0S,5605,1
415.8671443160359,7369.421714357546,2022-03-18T13:53:00Z,1H 0M 0S,5605,1
415.8631663267903,7369.4123133571875,2022-03-18T14:53:00Z,1H 0M 0S,5605,1
415.8207316325711,7369.272767456712,2022-03-18T15:53:00Z,1H 0M 0S,5605,1
415.8360674874466,7369.288588967381,2022-03-18T16:53:00Z,1H 0M 0S,5605,1
416.6055938046489,7369.976975973604,2022-03-18T17:53:00Z,1H 0M 0S,5605,1
417.0556183174611,7370.381565569193,2022-03-18T18:53:00Z,1H 0M 0S,5605,1
417.0541786795704,7370.007811993223,2022-03-18T19:53:00Z,1H 0M 0S,5605,1
417.00930119015027,7369.9733412806345,2022-03-18T20:53:00Z,1H 0M 0S,5605,1
416.6052256458613,7370.103118368468,2022-03-18T21:53:00Z,1H 0M 0S,5605,1
416.6947532935409,7370.494967731456,2022-03-18T22:53:00Z,1H 0M 0S,5605,1
418.5255525615423,7371.544636078146,2022-03-18T23:53:00Z,1H 0M 0S,5605,1
418.81129573818026,7371.12266560329,2022-03-19T00:53:00Z,1H 0M 0S,5605,1
418.8027664861389,7370.6849197223555,2022-03-19T01:53:00Z,1H 0M 0S,5605,1
418.5618989540849,7370.417124010647,2022-03-19T02:53:00Z,1H 0M 0S,5605,1
418.5207164604334,7370.345698993883,2022-03-19T03:53:00Z,1H 0M 0S,5605,1
418.5244981123213,7370.365362112031,2022-03-19T04:53:00Z,1H 0M 0S,5605,1
418.49322697941517,7370.455413442701,2022-03-19T05:53:00Z,1H 0M 0S,5605,1
418.4025469403314,7370.490235500294,2022-03-19T06:53:00Z,1H 0M 0S,5605,1
417.9967841355162,7370.506573903221,2022-03-19T07:53:00Z,1H 0M 0S,5605,1
417.52693023889657,7369.0844796895335,2022-03-19T08:53:00Z,1H 0M 0S,5605,1
417.54390987221194,7368.948105945963,2022-03-19T09:53:00Z,1H 0M 0S,5605,1
416.73508966083824,7369.04102505768,2022-03-19T10:53:00Z,1H 0M 0S,5605,1
416.3749834269335,7371.198855722693,2022-03-19T11:53:00Z,1H 0M 0S,5605,1
416.0544733105947,7371.0825503700235,2022-03-19T12:53:00Z,1H 0M 0S,5605,1
415.1664551407451,7371.633497983252,2022-03-19T13:53:00Z,1H 0M 0S,5605,1
414.901538656357,7371.620782617459,2022-03-19T14:53:00Z,1H 0M 0S,5605,1
414.4947937844459,7372.172933405995,2022-03-19T15:53:00Z,1H 0M 0S,5605,1
414.28281721528543,7372.473346200166,2022-03-19T16:53:00Z,1H 0M 0S,5605,1
414.2900675010256,7372.4873257556965,2022-03-19T17:53:00Z,1H 0M 0S,5605,1
414.8303428021981,7372.4178750137,2022-03-19T18:53:00Z,1H 0M 0S,5605,1
415.2354687132578,7372.608689264223,2022-03-19T19:53:00Z,1H 0M 0S,5605,1
415.27218672230936,7372.640856458504,2022-03-19T20:53:00Z,1H 0M 0S,5605,1
415.3918108898491,7372.704073411805,2022-03-19T21:53:00Z,1H 0M 0S,5605,1
415.68319286382706,7372.89690377624,2022-03-19T22:53:00Z,1H 0M 0S,5605,1
415.3555961942846,7373.216486480758,2022-03-19T23:53:00Z,1H 0M 0S,5605,1
414.6815929237237,7373.692352978326,2022-03-20T00:53:00Z,1H 0M 0S,5605,1
414.65200072551005,7373.954176055392,2022-03-20T01:53:00Z,1H 0M 0S,5605,1
414.3487126802008,7375.025449983206,2022-03-20T02:53:00Z,1H 0M 0S,5605,1
414.9630950764514,7375.997045277106,2022-03-20T03:53:00Z,1H 0M 0S,5605,1
414.9921946712574,7376.005345782297,2022-03-20T04:53:00Z,1H 0M 0S,5605,1
415.14893685292816,7375.566572818957,2022-03-20T05:53:00Z,1H 0M 0S,5605,1
416.4302064727045,7374.0642392161835,2022-03-20T06:53:00Z,1H 0M 0S,5605,1
416.4596665552428,7374.01270628021,2022-03-20T07:53:00Z,1H 0M 0S,5605,1
416.8279190949919,7373.702124015532,2022-03-20T08:53:00Z,1H 0M 0S,5605,1
416.80989690068213,7373.557404584369,2022-03-20T09:53:00Z,1H 0M 0S,5605,1
416.8086761247765,7373.555432790034,2022-03-20T10:53:00Z,1H 0M 0S,5605,1
416.65770020380455,7373.384195399396,2022-03-20T11:53:00Z,1H 0M 0S,5605,1
416.2274301826973,7372.294614932716,2022-03-20T12:53:00Z,1H 0M 0S,5605,1
415.16718602472747,7372.065799703393,2022-03-20T13:53:00Z,1H 0M 0S,5605,1
414.80505338962035,7372.282359848719,2022-03-20T14:53:00Z,1H 0M 0S,5605,1
414.7772676400219,7373.171011001268,2022-03-20T15:53:00Z,1H 0M 0S,5605,1
414.62245425323425,7373.577044063572,2022-03-20T16:53:00Z,1H 0M 0S,5605,1
414.38011719169936,7373.379271003178,2022-03-20T17:53:00Z,1H 0M 0S,5605,1
414.54853422460394,7373.05847064542,2022-03-20T18:53:00Z,1H 0M 0S,5605,1
414.38445960103746,7373.636162200566,2022-03-20T19:53:00Z,1H 0M 0S,5605,1
414.4044812329756,7373.401096859767,2022-03-20T20:53:00Z,1H 0M 0S,5605,1
414.4134361497812,7373.359287391792,2022-03-20T21:53:00Z,1H 0M 0S,5605,1
414.42714369098445,7373.2032002215365,2022-03-20T22:53:00Z,1H 0M 0S,5605,1
414.25005807525275,7372.650112375572,2022-03-20T23:53:00Z,1H 0M 0S,5605,1
414.2388348039225,7372.522205677839,2022-03-21T00:53:00Z,1H 0M 0S,5605,1
414.2795277921586,7372.486663865429,2022-03-21T01:53:00Z,1H 0M 0S,5605,1
412.2417837740574,7374.354563708661,2022-03-21T02:53:00Z,1H 0M 0S,5605,1
412.2397435874435,7374.354761741353,2022-03-21T03:53:00Z,1H 0M 0S,5605,1
411.97867778904987,7374.00507198528,2022-03-21T04:53:00Z,1H 0M 0S,5605,1
411.91111390089236,7374.029039355118,2022-03-21T05:53:00Z,1H 0M 0S,5605,1
412.39651373279224,7373.237327561517,2022-03-21T06:53:00Z,1H 0M 0S,5605,1
411.2966074869298,7373.010267365589,2022-03-21T07:53:00Z,1H 0M 0S,5605,1
411.41245699009346,7373.4093108454335,2022-03-21T08:53:00Z,1H 0M 0S,5605,1
411.19742945379073,7373.570425916019,2022-03-21T09:53:00Z,1H 0M 0S,5605,1
411.32088877947507,7373.267932378866,2022-03-21T10:53:00Z,1H 0M 0S,5605,1
411.47372661793463,7373.139376339585,2022-03-21T11:53:00Z,1H 0M 0S,5605,1
411.34998208578116,7373.031108296667,2022-03-21T12:53:00Z,1H 0M 0S,5605,1
411.3637651841597,7373.027272868819,2022-03-21T13:53:00Z,1H 0M 0S,5605,1
412.30522801381363,7372.742952162109,2022-03-21T14:53:00Z,1H 0M 0S,5605,1
412.30740623853745,7372.743553217858,2022-03-21T15:53:00Z,1H 0M 0S,5605,1
412.40870142771234,7372.739824171906,2022-03-21T16:53:00Z,1H 0M 0S,5605,1
412.55991844633667,7372.849300882039,2022-03-21T17:53:00Z,1H 0M 0S,5605,1
412.588959936379,7372.885961864963,2022-03-21T18:53:00Z,1H 0M 0S,5605,1
412.6137330531304,7372.929981382617,2022-03-21T19:53:00Z,1H 0M 0S,5605,1
412.46048298519867,7373.866542213417,2022-03-21T20:53:00Z,1H 0M 0S,5605,1
412.1603729072097,7374.101476663827,2022-03-21T21:53:00Z,1H 0M 0S,5605,1
412.21142767691873,7373.860680198153,2022-03-21T22:53:00Z,1H 0M 0S,5605,1
412.1934665056445,7373.584522048681,2022-03-21T23:53:00Z,1H 0M 0S,5605,1
412.32010072107505,7373.488204013804,2022-03-22T00:53:00Z,1H 0M 0S,5605,1
412.3801830423831,7373.434499181248,2022-03-22T01:53:00Z,1H 0M 0S,5605,1
412.554780115951,7373.286118725613,2022-03-22T02:53:00Z,1H 0M 0S,5605,1
412.67170096291864,7373.224099723437,2022-03-22T03:53:00Z,1H 0M 0S,5605,1
412.99277433592715,7373.402878141901,2022-03-22T04:53:00Z,1H 0M 0S,5605,1
413.2229358234973,7374.811513850912,2022-03-22T05:53:00Z,1H 0M 0S,5605,1
412.66836927856747,7375.792708264805,2022-03-22T06:53:00Z,1H 0M 0S,5605,1
412.58271192868,7375.948445566562,2022-03-22T07:53:00Z,1H 0M 0S,5605,1
412.7423157017734,7376.039185146656,2022-03-22T08:53:00Z,1H 0M 0S,5605,1
413.2859285386371,7376.093501169116,2022-03-22T09:53:00Z,1H 0M 0S,5605,1
414.33406726937034,7375.580353320539,2022-03-22T10:53:00Z,1H 0M 0S,5605,1
414.405523248864,7375.410696699787,2022-03-22T11:53:00Z,1H 0M 0S,5605,1
414.0978125316009,7375.829990714626,2022-03-22T12:53:00Z,1H 0M 0S,5605,1
413.86586488512125,7376.069079427766,2022-03-22T13:53:00Z,1H 0M 0S,5605,1
413.787076576648,7376.244067236147,2022-03-22T14:53:00Z,1H 0M 0S,5605,1
413.77571799119136,7376.280355471523,2022-03-22T15:53:00Z,1H 0M 0S,5605,1
412.86812355463724,7377.8182191820615,2022-03-22T16:53:00Z,1H 0M 0S,5605,1
412.62727879561646,7378.091568558563,2022-03-22T17:53:00Z,1H 0M 0S,5605,1
412.41952943222054,7378.035213348341,2022-03-22T18:53:00Z,1H 0M 0S,5605,1
412.4125531626753,7378.03797245205,2022-03-22T19:53:00Z,1H 0M 0S,5605,1
411.5705151707973,7379.431766458201,2022-03-22T20:53:00Z,1H 0M 0S,5605,1
409.9841594879798,7381.513265245539,2022-03-22T21:53:00Z,1H 0M 0S,5605,1
409.88732500567437,7382.125984676424,2022-03-22T22:53:00Z,1H 0M 0S,5605,1
409.6165720618876,7382.2599142734125,2022-03-22T23:53:00Z,1H 0M 0S,5605,1
409.61567114316335,7382.260691874387,2022-03-23T00:53:00Z,1H 0M 0S,5605,1
409.5958036619781,7382.361078656741,2022-03-23T01:53:00Z,1H 0M 0S,5605,1
409.61015491692643,7382.614046962283,2022-03-23T02:53:00Z,1H 0M 0S,5605,1
408.4865427567546,7385.048797047564,2022-03-23T03:53:00Z,1H 0M 0S,5605,1
408.1515445261414,7386.036794688216,2022-03-23T04:53:00Z,1H 0M 0S,5605,1
408.0351747946835,7386.512527202299,2022-03-23T05:53:00Z,1H 0M 0S,5605,1
408.13018506406615,7386.81765174885,2022-03-23T06:53:00Z,1H 0M 0S,5605,1
408.2654346195221,7387.23653463421,2022-03-23T07:53:00Z,1H 0M 0S,5605,1
407.7726534911645,7387.707494579092,2022-03-23T08:53:00Z,1H 0M 0S,5605,1
407.88393613011795,7387.936060175968,2022-03-23T09:53:00Z,1H 0M 0S,5605,1
408.5146503081512,7389.058502559098,2022-03-23T10:53:00Z,1H 0M 0S,5605,1
408.50398795976935,7389.228423141957,2022-03-23T11:53:00Z,1H 0M 0S,5605,1
408.4585914125529,7389.099630529192,2022-03-23T12:53:00Z,1H 0M 0S,5605,1
408.4137499362094,7389.038767848885,2022-03-23T13:53:00Z,1H 0M 0S,5605,1
408.4049800810799,7388.893564095681,2022-03-23T14:53:00Z,1H 0M 0S,5605,1
408.40629658466,7388.901283874945,2022-03-23T15:53:00Z,1H 0M 0S,5605,1
408.9200602200442,7389.401575359411,2022-03-23T16:53:00Z,1H 0M 0S,5605,1
409.1959415183048,7389.454290695857,2022-03-23T17:53:00Z,1H 0M 0S,5605,1
409.6238849716648,7389.398549004355,2022-03-23T18:53:00Z,1H 0M 0S,5605,1
409.57734446743353,7389.3224587095865,2022-03-23T19:53:00Z,1H 0M 0S,5605,1
409.52410578564314,7389.269369273227,2022-03-23T20:53:00Z,1H 0M 0S,5605,1
408.82296813270074,7389.3281941615705,2022-03-23T21:53:00Z,1H 0M 0S,5605,1
408.7016353649515,7389.408029954698,2022-03-23T22:53:00Z,1H 0M 0S,5605,1
408.50538809371926,7389.756463730674,2022-03-23T23:53:00Z,1H 0M 0S,5605,1
408.4966940448747,7389.930201680554,2022-03-24T00:53:00Z,1H 0M 0S,5605,1
408.58341825394626,7390.752727227585,2022-03-24T01:53:00Z,1H 0M 0S,5605,1
408.56954644052604,7390.904327373941,2022-03-24T02:53:00Z,1H 0M 0S,5605,1
408.5423062863309,7391.153882747841,2022-03-24T03:53:00Z,1H 0M 0S,5605,1
408.51303882179724,7391.633203462925,2022-03-24T04:53:00Z,1H 0M 0S,5605,1
407.58478399787975,7391.153000631077,2022-03-24T05:53:00Z,1H 0M 0S,5605,1
405.8971754495449,7390.832605494329,2022-03-24T06:53:00Z,1H 0M 0S,5605,1
405.5426308724471,7391.280960708497,2022-03-24T07:53:00Z,1H 0M 0S,5605,1
404.8012441469849,7391.397907915614,2022-03-24T08:53:00Z,1H 0M 0S,5605,1
404.80110886252766,7391.8893572293855,2022-03-24T09:53:00Z,1H 0M 0S,5605,1
404.56863683905203,7391.772652403507,2022-03-24T10:53:00Z,1H 0M 0S,5605,1
404.4302049632196,7391.91176698093,2022-03-24T11:53:00Z,1H 0M 0S,5605,1
404.3160049999838,7391.813358907067,2022-03-24T12:53:00Z,1H 0M 0S,5605,1
404.07530818929456,7391.481280940442,2022-03-24T13:53:00Z,1H 0M 0S,5605,1
404.17645698738187,7389.710624115844,2022-03-24T14:53:00Z,1H 0M 0S,5605,1
404.250724292487,7389.823740457978,2022-03-24T15:53:00Z,1H 0M 0S,5605,1
404.2177153968719,7390.621369432613,2022-03-24T16:53:00Z,1H 0M 0S,5605,1
403.4187116761786,7391.268650741799,2022-03-24T17:53:00Z,1H 0M 0S,5605,1
403.2311422053138,7391.298993906762,2022-03-24T18:53:00Z,1H 0M 0S,5605,1
402.68801820832385,7391.182256663987,2022-03-24T19:53:00Z,1H 0M 0S,5605,1
402.2919318364768,7391.386139737161,2022-03-24T20:53:00Z,1H 0M 0S,5605,1
401.1941538029068,7391.812941855822,2022-03-24T21:53:00Z,1H 0M 0S,5605,1
400.18210677743474,7392.913529814088,2022-03-24T22:53:00Z,1H 0M 0S,5605,1
400.2268837799054,7393.153769232769,2022-03-24T23:53:00Z,1H 0M 0S,5605,1
400.4657831264742,7393.411026877677,2022-03-25T00:53:00Z,1H 0M 0S,5605,1
400.1905703313968,7394.094749564465,2022-03-25T01:53:00Z,1H 0M 0S,5605,1
399.7561499357385,7394.602302085091,2022-03-25T02:53:00Z,1H 0M 0S,5605,1
398.8209106675946,7394.768938135241,2022-03-25T03:53:00Z,1H 0M 0S,5605,1
398.67098214698086,7394.007896848765,2022-03-25T04:53:00Z,1H 0M 0S,5605,1
398.70391960051677,7393.840761136574,2022-03-25T05:53:00Z,1H 0M 0S,5605,1
398.8742932950714,7393.713676975623,2022-03-25T06:53:00Z,1H 0M 0S,5605,1
398.90737384916747,7393.681096062738,2022-03-25T07:53:00Z,1H 0M 0S,5605,1
398.8533304168585,7393.568648194417,2022-03-25T08:53:00Z,1H 0M 0S,5605,1
398.3502186472777,7393.849296548867,2022-03-25T09:53:00Z,1H 0M 0S,5605,1
398.47781562984585,7393.7998578207735,2022-03-25T10:53:00Z,1H 0M 0S,5605,1
398.5388238896305,7393.655701094604,2022-03-25T11:53:00Z,1H 0M 0S,5605,1
398.6364166121843,7393.536280716306,2022-03-25T12:53:00Z,1H 0M 0S,5605,1
398.6793948980225,7393.241270506423,2022-03-25T13:53:00Z,1H 0M 0S,5605,1
398.8750135600994,7392.425655514357,2022-03-25T14:53:00Z,1H 0M 0S,5605,1
415.16814346144366,7358.912075940491,2022-03-17T06:53:00Z,1H 0M 0S,5605,2
415.595405607562,7358.664734156059,2022-03-17T07:53:00Z,1H 0M 0S,5605,2
415.1262661671033,7358.900130655328,2022-03-17T08:53:00Z,1H 0M 0S,5605,2
415.1262589527808,7358.900394055872,2022-03-17T09:53:00Z,1H 0M 0S,5605,2
414.47698334117166,7359.346853775283,2022-03-17T10:53:00Z,1H 0M 0S,5605,2
414.3561414909961,7359.2340538446415,2022-03-17T11:53:00Z,1H 0M 0S,5605,2
414.64972743461146,7359.1923915830475,2022-03-17T12:53:00Z,1H 0M 0S,5605,2
414.75897954350455,7359.158236854625,2022-03-17T13:53:00Z,1H 0M 0S,5605,2
416.14005997322505,7358.992284631887,2022-03-17T14:53:00Z,1H 0M 0S,5605,2
417.15154482372657,7359.384063869126,2022-03-17T15:53:00Z,1H 0M 0S,5605,2
417.28024884199453,7359.390951838551,2022-03-17T16:53:00Z,1H 0M 0S,5605,2
417.1141695123321,7359.663148148502,2022-03-17T17:53:00Z,1H 0M 0S,5605,2
416.6642904954861,7359.483385087811,2022-03-17T18:53:00Z,1H 0M 0S,5605,2
416.1564166563765,7359.405816129915,2022-03-17T19:53:00Z,1H 0M 0S,5605,2
416.0954309554,7359.368947050157,2022-03-17T20:53:00Z,1H 0M 0S,5605,2
415.0223428862934,7359.5352939242675,2022-03-17T21:53:00Z,1H 0M 0S,5605,2
415.3966967610391,7359.415144629815,2022-03-17T22:53:00Z,1H 0M 0S,5605,2
415.381737686702,7359.206023430065,2022-03-17T23:53:00Z,1H 0M 0S,5605,2
415.3797412906035,7359.172826188638,2022-03-18T00:53:00Z,1H 0M 0S,5605,2
415.7305557152916,7358.74155497356,2022-03-18T01:53:00Z,1H 0M 0S,5605,2
415.66545115682953,7357.18184295361,2022-03-18T02:53:00Z,1H 0M 0S,5605,2
415.69457148459844,7357.192932508825,2022-03-18T03:53:00Z,1H 0M 0S,5605,2
415.8687581806339,7357.230423048485,2022-03-18T04:53:00Z,1H 0M 0S,5605,2
416.263692123537,7357.738629774609,2022-03-18T05:53:00Z,1H 0M 0S,5605,2
416.2802444767542,7357.9099998403335,2022-03-18T06:53:00Z,1H 0M 0S,5605,2
416.2884406123339,7358.643089411303,2022-03-18T07:53:00Z,1H 0M 0S,5605,2
416.2069550172833,7358.76421625935,2022-03-18T08:53:00Z,1H 0M 0S,5605,2
414.8865191844251,7359.86132342057,2022-03-18T09:53:00Z,1H 0M 0S,5605,2
414.7576071448638,7359.885593400132,2022-03-18T10:53:00Z,1H 0M 0S,5605,2
414.54496594106797,7359.853750514096,2022-03-18T11:53:00Z,1H 0M 0S,5605,2
414.03092251785625,7359.814729965014,2022-03-18T12:53:00Z,1H 0M 0S,5605,2
414.0297169709353,7359.795539485955,2022-03-18T13:53:00Z,1H 0M 0S,5605,2
413.39801136587505,7359.571302597988,2022-03-18T14:53:00Z,1H 0M 0S,5605,2
413.29877614940483,7359.620938837822,2022-03-18T15:53:00Z,1H 0M 0S,5605,2
413.0618224315257,7359.699681818441,2022-03-18T16:53:00Z,1H 0M 0S,5605,2
413.1939840705054,7360.139001254687,2022-03-18T17:53:00Z,1H 0M 0S,5605,2
413.4495459604445,7360.1703015348585,2022-03-18T18:53:00Z,1H 0M 0S,5605,2
413.7869743140048,7360.29728787113,2022-03-18T19:53:00Z,1H 0M 0S,5605,2
414.1466921867932,7361.16497652225,2022-03-18T20:53:00Z,1H 0M 0S,5605,2
414.13697514333256,7361.211833452724,2022-03-18T21:53:00Z,1H 0M 0S,5605,2
414.0818772902843,7359.325620024985,2022-03-18T22:53:00Z,1H 0M 0S,5605,2
414.32859159374937,7359.2155023278465,2022-03-18T23:53:00Z,1H 0M 0S,5605,2
414.35901938227175,7359.149215632044,2022-03-19T00:53:00Z,1H 0M 0S,5605,2
413.8827016686983,7358.572499174954,2022-03-19T01:53:00Z,1H 0M 0S,5605,2
413.777370605576,7358.44818775869,2022-03-19T02:53:00Z,1H 0M 0S,5605,2
413.68800984221554,7358.016893203149,2022-03-19T03:53:00Z,1H 0M 0S,5605,2
413.46846227893167,7358.03200108303,2022-03-19T04:53:00Z,1H 0M 0S,5605,2
413.2445306003116,7358.295651296637,2022-03-19T05:53:00Z,1H 0M 0S,5605,2
413.19186580269053,7358.35656871156,2022-03-19T06:53:00Z,1H 0M 0S,5605,2
413.14668070296904,7359.073609587092,2022-03-19T07:53:00Z,1H 0M 0S,5605,2
414.13170154761946,7359.821233272438,2022-03-19T08:53:00Z,1H 0M 0S,5605,2
414.1153587155214,7360.005733378364,2022-03-19T09:53:00Z,1H 0M 0S,5605,2
414.4892521362004,7360.333217982499,2022-03-19T10:53:00Z,1H 0M 0S,5605,2
414.79365599115727,7361.415163645121,2022-03-19T11:53:00Z,1H 0M 0S,5605,2
414.3587772644096,7361.652121766077,2022-03-19T12:53:00Z,1H 0M 0S,5605,2
414.2089366117836,7362.276682694385,2022-03-19T13:53:00Z,1H 0M 0S,5605,2
414.184824174423,7362.282696482475,2022-03-19T14:53:00Z,1H 0M 0S,5605,2
413.44477844727476,7362.450083889291,2022-03-19T15:53:00Z,1H 0M 0S,5605,2
412.94242389829856,7362.2946132522875,2022-03-19T16:53:00Z,1H 0M 0S,5605,2
412.89980404125697,7362.30011009343,2022-03-19T17:53:00Z,1H 0M 0S,5605,2
413.27279589847655,7361.532874814019,2022-03-19T18:53:00Z,1H 0M 0S,5605,2
411.4776779280498,7362.729334039727,2022-03-19T19:53:00Z,1H 0M 0S,5605,2
410.9389373989812,7362.8185079953755,2022-03-19T20:53:00Z,1H 0M 0S,5605,2
410.8739137993889,7362.982276977366,2022-03-19T21:53:00Z,1H 0M 0S,5605,2
410.38901507448026,7364.116525885212,2022-03-19T22:53:00Z,1H 0M 0S,5605,2
410.91696534626817,7365.277173810578,2022-03-19T23:53:00Z,1H 0M 0S,5605,2
410.71215309151773,7365.70105876158,2022-03-20T00:53:00Z,1H 0M 0S,5605,2
410.13826505550225,7366.157453542367,2022-03-20T01:53:00Z,1H 0M 0S,5605,2
409.8419816480807,7366.223913066974,2022-03-20T02:53:00Z,1H 0M 0S,5605,2
409.1191778833186,7366.549400989834,2022-03-20T03:53:00Z,1H 0M 0S,5605,2
408.78135777405123,7366.355784068494,2022-03-20T04:53:00Z,1H 0M 0S,5605,2
408.74637261436044,7366.316997493572,2022-03-20T05:53:00Z,1H 0M 0S,5605,2
408.61544017641796,7366.141941223803,2022-03-20T06:53:00Z,1H 0M 0S,5605,2
408.69414817292943,7365.846702995529,2022-03-20T07:53:00Z,1H 0M 0S,5605,2
408.667218984545,7365.743980574847,2022-03-20T08:53:00Z,1H 0M 0S,5605,2
408.56842278910085,7365.686924443091,2022-03-20T09:53:00Z,1H 0M 0S,5605,2
408.9508270988792,7366.419716509445,2022-03-20T10:53:00Z,1H 0M 0S,5605,2
408.813119232281,7366.199305164851,2022-03-20T11:53:00Z,1H 0M 0S,5605,2
408.7004012130031,7366.006876934032,2022-03-20T12:53:00Z,1H 0M 0S,5605,2
408.6226450492716,7366.024014633064,2022-03-20T13:53:00Z,1H 0M 0S,5605,2
408.45931311510344,7366.364977301547,2022-03-20T14:53:00Z,1H 0M 0S,5605,2
408.3398614441386,7367.737168817305,2022-03-20T15:53:00Z,1H 0M 0S,5605,2
408.2597158767422,7368.655052335298,2022-03-20T16:53:00Z,1H 0M 0S,5605,2
408.4370610485198,7368.864841184682,2022-03-20T17:53:00Z,1H 0M 0S,5605,2
408.75127206874964,7370.167428166829,2022-03-20T18:53:00Z,1H 0M 0S,5605,2
409.5148646151353,7370.129925915968,2022-03-20T19:53:00Z,1H 0M 0S,5605,2
410.9352890170187,7370.055040382855,2022-03-20T20:53:00Z,1H 0M 0S,5605,2
412.1503767389033,7370.427227611093,2022-03-20T21:53:00Z,1H 0M 0S,5605,2
412.15566484962926,7371.144923522019,2022-03-20T22:53:00Z,1H 0M 0S,5605,2
412.1572357550345,7371.184444602609,2022-03-20T23:53:00Z,1H 0M 0S,5605,2
412.17480680716716,7371.887182387744,2022-03-21T00:53:00Z,1H 0M 0S,5605,2
412.3707153833994,7372.01000554768,2022-03-21T01:53:00Z,1H 0M 0S,5605,2
412.34163404102503,7372.025686381882,2022-03-21T02:53:00Z,1H 0M 0S,5605,2
411.2828611849518,7371.597762951314,2022-03-21T03:53:00Z,1H 0M 0S,5605,2
411.2732453395,7371.803013105047,2022-03-21T04:53:00Z,1H 0M 0S,5605,2
411.72805185636327,7372.100401790921,2022-03-21T05:53:00Z,1H 0M 0S,5605,2
411.67546960629676,7372.41103461928,2022-03-21T06:53:00Z,1H 0M 0S,5605,2
411.67745611864973,7372.385025003983,2022-03-21T07:53:00Z,1H 0M 0S,5605,2
411.5436933555071,7372.3293099099965,2022-03-21T08:53:00Z,1H 0M 0S,5605,2
409.9070919397276,7371.96850639424,2022-03-21T09:53:00Z,1H 0M 0S,5605,2
409.83780983298266,7372.000560341117,2022-03-21T10:53:00Z,1H 0M 0S,5605,2
409.9307993027759,7371.694213560825,2022-03-21T11:53:00Z,1H 0M 0S,5605,2
410.4081781044796,7371.216613775697,2022-03-21T12:53:00Z,1H 0M 0S,5605,2
411.13216838244637,7369.43352429846,2022-03-21T13:53:00Z,1H 0M 0S,5605,2
411.17674922261904,7369.2228295158375,2022-03-21T14:53:00Z,1H 0M 0S,5605,2
412.16701204843804,7368.772089505363,2022-03-21T15:53:00Z,1H 0M 0S,5605,2
412.2869920347752,7368.723362611606,2022-03-21T16:53:00Z,1H 0M 0S,5605,2
412.5634875337547,7368.519411616451,2022-03-21T17:53:00Z,1H 0M 0S,5605,2
413.14594576119697,7368.7259391618145,2022-03-21T18:53:00Z,1H 0M 0S,5605,2
415.25714092796534,7367.535765226656,2022-03-21T19:53:00Z,1H 0M 0S,5605,2
415.60249370058375,7367.082317292639,2022-03-21T20:53:00Z,1H 0M 0S,5605,2
415.6014602585821,7366.991263338713,2022-03-21T21:53:00Z,1H 0M 0S,5605,2
415.59184376949975,7366.978835808381,2022-03-21T22:53:00Z,1H 0M 0S,5605,2
415.518499420754,7366.977404741221,2022-03-21T23:53:00Z,1H 0M 0S,5605,2
415.3682751179879,7367.171979176806,2022-03-22T00:53:00Z,1H 0M 0S,5605,2
416.2950030366226,7368.1108696853225,2022-03-22T01:53:00Z,1H 0M 0S,5605,2
416.811171475535,7367.96383497726,2022-03-22T02:53:00Z,1H 0M 0S,5605,2
416.5748291062711,7367.741395524922,2022-03-22T03:53:00Z,1H 0M 0S,5605,2
416.5149534396554,7367.710045988027,2022-03-22T04:53:00Z,1H 0M 0S,5605,2
415.48809379578466,7368.546812396692,2022-03-22T05:53:00Z,1H 0M 0S,5605,2
414.60734004275713,7369.339759776541,2022-03-22T06:53:00Z,1H 0M 0S,5605,2
414.58518546664754,7369.236556738477,2022-03-22T07:53:00Z,1H 0M 0S,5605,2
414.77349940593075,7368.8722056771685,2022-03-22T08:53:00Z,1H 0M 0S,5605,2
415.7555751491556,7368.397265447094,2022-03-22T09:53:00Z,1H 0M 0S,5605,2
416.55324750656706,7367.965582688955,2022-03-22T10:53:00Z,1H 0M 0S,5605,2
416.9446378487472,7367.340569953229,2022-03-22T11:53:00Z,1H 0M 0S,5605,2
416.946994990875,7367.3362351560445,2022-03-22T12:53:00Z,1H 0M 0S,5605,2
416.7386883012703,7367.350282393583,2022-03-22T13:53:00Z,1H 0M 0S,5605,2
417.07215444548393,7366.474979981459,2022-03-22T14:53:00Z,1H 0M 0S,5605,2
419.90619108938864,7366.059576154782,2022-03-22T15:53:00Z,1H 0M 0S,5605,2
420.7504451184167,7366.0767810828,2022-03-22T16:53:00Z,1H 0M 0S,5605,2
420.96230515818655,7366.335130264712,2022-03-22T17:53:00Z,1H 0M 0S,5605,2
420.98286428076443,7366.362543114657,2022-03-22T18:53:00Z,1H 0M 0S,5605,2
421.0081664045552,7366.439060942308,2022-03-22T19:53:00Z,1H 0M 0S,5605,2
421.1117433595744,7366.547250399336,2022-03-22T20:53:00Z,1H 0M 0S,5605,2
421.0644343712395,7366.723793034712,2022-03-22T21:53:00Z,1H 0M 0S,5605,2
421.5811198109352,7366.9466616945665,2022-03-22T22:53:00Z,1H 0M 0S,5605,2
422.1388919679694,7366.9621991211125,2022-03-22T23:53:00Z,1H 0M 0S,5605,2
422.5370987093613,7367.159389540839,2022-03-23T00:53:00Z,1H 0M 0S,5605,2
422.6920409316113,7367.155432951676,2022-03-23T01:53:00Z,1H 0M 0S,5605,2
422.6915059432433,7367.139455579868,2022-03-23T02:53:00Z,1H 0M 0S,5605,2
422.7693439796959,7366.749891512534,2022-03-23T03:53:00Z,1H 0M 0S,5605,2
422.6853494337202,7366.355308908136,2022-03-23T04:53:00Z,1H 0M 0S,5605,2
422.6882794413018,7366.291034281909,2022-03-23T05:53:00Z,1H 0M 0S,5605,2
422.77072963099516,7365.965760510486,2022-03-23T06:53:00Z,1H 0M 0S,5605,2
422.78494666718126,7365.888447684014,2022-03-23T07:53:00Z,1H 0M 0S,5605,2
422.95671656510194,7366.341527945347,2022-03-23T08:53:00Z,1H 0M 0S,5605,2
425.59147672282324,7367.255464253683,2022-03-23T09:53:00Z,1H 0M 0S,5605,2
425.78747547231814,7367.248061580649,2022-03-23T10:53:00Z,1H 0M 0S,5605,2
426.7365745275315,7367.187249578841,2022-03-23T11:53:00Z,1H 0M 0S,5605,2
426.84637783396295,7367.349665869397,2022-03-23T12:53:00Z,1H 0M 0S,5605,2
426.8336971419554,7367.451616623553,2022-03-23T13:53:00Z,1H 0M 0S,5605,2
427.36966616374724,7367.825589111211,2022-03-23T14:53:00Z,1H 0M 0S,5605,2
427.2820277157912,7367.859003904953,2022-03-23T15:53:00Z,1H 0M 0S,5605,2
427.2292399329894,7367.724032263485,2022-03-23T16:53:00Z,1H 0M 0S,5605,2
426.61094191259406,7367.097714528967,2022-03-23T17:53:00Z,1H 0M 0S,5605,2
426.0009852228635,7367.506910763471,2022-03-23T18:53:00Z,1H 0M 0S,5605,2
426.0632300376214,7367.702429810888,2022-03-23T19:53:00Z,1H 0M 0S,5605,2
425.94182509367374,7367.968402536734,2022-03-23T20:53:00Z,1H 0M 0S,5605,2
425.97310821815614,7368.452966171941,2022-03-23T21:53:00Z,1H 0M 0S,5605,2
426.1151715159871,7368.668604996186,2022-03-23T22:53:00Z,1H 0M 0S,5605,2
428.19348087564964,7369.598519753186,2022-03-23T23:53:00Z,1H 0M 0S,5605,2
429.42159870943544,7370.016924902678,2022-03-24T00:53:00Z,1H 0M 0S,5605,2
430.23843432703205,7370.214404491272,2022-03-24T01:53:00Z,1H 0M 0S,5605,2
430.4974740022736,7370.663549734429,2022-03-24T02:53:00Z,1H 0M 0S,5605,2
430.6258157958113,7370.877939673989,2022-03-24T03:53:00Z,1H 0M 0S,5605,2
430.85480084007236,7371.552043188796,2022-03-24T04:53:00Z,1H 0M 0S,5605,2
430.88906814202056,7371.580499376501,2022-03-24T05:53:00Z,1H 0M 0S,5605,2
431.4108543595983,7372.429748217306,2022-03-24T06:53:00Z,1H 0M 0S,5605,2
430.94102647233854,7373.244454750468,2022-03-24T07:53:00Z,1H 0M 0S,5605,2
430.11739076466836,7373.99922832125,2022-03-24T08:53:00Z,1H 0M 0S,5605,2
429.66342556748606,7374.179709923665,2022-03-24T09:53:00Z,1H 0M 0S,5605,2
429.6392878256976,7373.941019360982,2022-03-24T10:53:00Z,1H 0M 0S,5605,2
429.7535421218677,7373.0658596018875,2022-03-24T11:53:00Z,1H 0M 0S,5605,2
429.74102142744675,7373.062897323019,2022-03-24T12:53:00Z,1H 0M 0S,5605,2
429.3190419481605,7372.913847347423,2022-03-24T13:53:00Z,1H 0M 0S,5605,2
429.2448025876002,7372.954981544151,2022-03-24T14:53:00Z,1H 0M 0S,5605,2
429.2700480745175,7373.024884257386,2022-03-24T15:53:00Z,1H 0M 0S,5605,2
428.9342478565578,7373.972087189521,2022-03-24T16:53:00Z,1H 0M 0S,5605,2
428.7602126567962,7373.91397861661,2022-03-24T17:53:00Z,1H 0M 0S,5605,2
428.5992057311856,7373.904670171675,2022-03-24T18:53:00Z,1H 0M 0S,5605,2
428.37199823568534,7374.098748571296,2022-03-24T19:53:00Z,1H 0M 0S,5605,2
428.33497153433854,7373.92756579932,2022-03-24T20:53:00Z,1H 0M 0S,5605,2
428.2275198010435,7373.5481308512735,2022-03-24T21:53:00Z,1H 0M 0S,5605,2
427.90279348826544,7372.928629890022,2022-03-24T22:53:00Z,1H 0M 0S,5605,2
427.84796237747537,7372.080694759398,2022-03-24T23:53:00Z,1H 0M 0S,5605,2
428.06576973730455,7371.334597031191,2022-03-25T00:53:00Z,1H 0M 0S,5605,2
429.27489628358563,7371.330540097318,2022-03-25T01:53:00Z,1H 0M 0S,5605,2
429.2879685628373,7371.383505820763,2022-03-25T02:53:00Z,1H 0M 0S,5605,2
429.93088155562134,7371.479449071061,2022-03-25T03:53:00Z,1H 0M 0S,5605,2
430.44744998139663,7370.918067775172,2022-03-25T04:53:00Z,1H 0M 0S,5605,2
430.43226144338456,7370.91166478679,2022-03-25T05:53:00Z,1H 0M 0S,5605,2
430.12863677147686,7370.47194364869,2022-03-25T06:53:00Z,1H 0M 0S,5605,2
430.2358020441444,7370.384803658408,2022-03-25T07:53:00Z,1H 0M 0S,5605,2
429.98528078350824,7369.654421692777,2022-03-25T08:53:00Z,1H 0M 0S,5605,2
429.98578070118725,7369.529422187739,2022-03-25T09:53:00Z,1H 0M 0S,5605,2
429.9715928464084,7369.530557910329,2022-03-25T10:53:00Z,1H 0M 0S,5605,2
429.8556577904722,7369.717962610863,2022-03-25T11:53:00Z,1H 0M 0S,5605,2
428.7436411737893,7370.345872420491,2022-03-25T12:53:00Z,1H 0M 0S,5605,2
428.3939304660488,7370.440362243398,2022-03-25T13:53:00Z,1H 0M 0S,5605,2
425.95145367976187,7371.326208229168,2022-03-25T14:53:00Z,1H 0M 0S,5605,2
415.16814346144366,7358.912075940491,2022-03-17T06:53:00Z,1H 0M 0S,5605,3
415.7572229405696,7357.6047931346475,2022-03-17T07:53:00Z,1H 0M 0S,5605,3
415.93777920719185,7357.24519178053,2022-03-17T08:53:00Z,1H 0M 0S,5605,3
416.759327455511,7356.6309366682635,2022-03-17T09:53:00Z,1H 0M 0S,5605,3
416.7504798660735,7356.617386626856,2022-03-17T10:53:00Z,1H 0M 0S,5605,3
416.92957026653573,7355.720389747246,2022-03-17T11:53:00Z,1H 0M 0S,5605,3
417.3382218459043,7355.426245040138,2022-03-17T12:53:00Z,1H 0M 0S,5605,3
417.16327767825345,7355.345561302162,2022-03-17T13:53:00Z,1H 0M 0S,5605,3
417.1296561713039,7355.333085577267,2022-03-17T14:53:00Z,1H 0M 0S,5605,3
417.0876430310346,7355.251682613608,2022-03-17T15:53:00Z,1H 0M 0S,5605,3
417.1658375125898,7355.198957320428,2022-03-17T16:53:00Z,1H 0M 0S,5605,3
416.8246457484047,7353.834928965467,2022-03-17T17:53:00Z,1H 0M 0S,5605,3
417.11580558045637,7353.539299831011,2022-03-17T18:53:00Z,1H 0M 0S,5605,3
417.3253672410408,7353.3095409657735,2022-03-17T19:53:00Z,1H 0M 0S,5605,3
417.7772912446318,7352.746864214678,2022-03-17T20:53:00Z,1H 0M 0S,5605,3
418.78541723302334,7352.733807168787,2022-03-17T21:53:00Z,1H 0M 0S,5605,3
418.79289616879964,7352.732849562875,2022-03-17T22:53:00Z,1H 0M 0S,5605,3
419.2162078992848,7353.234973255314,2022-03-17T23:53:00Z,1H 0M 0S,5605,3
419.8321869291268,7353.080499629855,2022-03-18T00:53:00Z,1H 0M 0S,5605,3
420.1761729457308,7352.090256050284,2022-03-18T01:53:00Z,1H 0M 0S,5605,3
420.45249947256684,7351.7732997679095,2022-03-18T02:53:00Z,1H 0M 0S,5605,3
420.46499467946114,7351.806544342435,2022-03-18T03:53:00Z,1H 0M 0S,5605,3
421.2045386046181,7352.136496377978,2022-03-18T04:53:00Z,1H 0M 0S,5605,3
421.7174471693409,7353.193188828079,2022-03-18T05:53:00Z,1H 0M 0S,5605,3
424.0443641877781,7351.374349729095,2022-03-18T06:53:00Z,1H 0M 0S,5605,3
423.67279790897993,7350.969504792378,2022-03-18T07:53:00Z,1H 0M 0S,5605,3
423.146305379028,7350.598093565107,2022-03-18T08:53:00Z,1H 0M 0S,5605,3
423.1257775407046,7350.5593892333,2022-03-18T09:53:00Z,1H 0M 0S,5605,3
422.72246579381266,7350.817644037535,2022-03-18T10:53:00Z,1H 0M 0S,5605,3
422.96725573518285,7351.816508925289,2022-03-18T11:53:00Z,1H 0M 0S,5605,3
422.57838569590945,7351.054834322241,2022-03-18T12:53:00Z,1H 0M 0S,5605,3
422.693315957284,7350.3448015112035,2022-03-18T13:53:00Z,1H 0M 0S,5605,3
422.5103373322792,7348.866711082131,2022-03-18T14:53:00Z,1H 0M 0S,5605,3
422.4761564222976,7349.129717981456,2022-03-18T15:53:00Z,1H 0M 0S,5605,3
422.6815012614735,7349.751586787481,2022-03-18T16:53:00Z,1H 0M 0S,5605,3
422.31999004388064,7350.215258458202,2022-03-18T17:53:00Z,1H 0M 0S,5605,3
421.73931512854614,7350.242208551797,2022-03-18T18:53:00Z,1H 0M 0S,5605,3
421.21965609059976,7352.172346064174,2022-03-18T19:53:00Z,1H 0M 0S,5605,3
421.2077401801986,7352.863728487949,2022-03-18T20:53:00Z,1H 0M 0S,5605,3
421.14074581404594,7352.834677834621,2022-03-18T21:53:00Z,1H 0M 0S,5605,3
420.61217603440514,7352.033964264783,2022-03-18T22:53:00Z,1H 0M 0S,5605,3
420.6106631431392,7352.033946932446,2022-03-18T23:53:00Z,1H 0M 0S,5605,3
420.44709858646496,7352.0351041899685,2022-03-19T00:53:00Z,1H 0M 0S,5605,3
420.46637039641956,7352.546261580745,2022-03-19T01:53:00Z,1H 0M 0S,5605,3
419.9322802361759,7354.522113859065,2022-03-19T02:53:00Z,1H 0M 0S,5605,3
420.48508975154414,7355.352946596222,2022-03-19T03:53:00Z,1H 0M 0S,5605,3
420.86800972254673,7356.847751259945,2022-03-19T04:53:00Z,1H 0M 0S,5605,3
419.9996581948873,7358.061755308414,2022-03-19T05:53:00Z,1H 0M 0S,5605,3
419.66628848463927,7358.091155888011,2022-03-19T06:53:00Z,1H 0M 0S,5605,3
416.44292976174904,7360.802466384508,2022-03-19T07:53:00Z,1H 0M 0S,5605,3
416.12757575468237,7361.971237638092,2022-03-19T08:53:00Z,1H 0M 0S,5605,3
415.8066877492489,7362.23450574194,2022-03-19T09:53:00Z,1H 0M 0S,5605,3
415.52100946708805,7362.709896882097,2022-03-19T10:53:00Z,1H 0M 0S,5605,3
415.5897722303437,7362.765456491932,2022-03-19T11:53:00Z,1H 0M 0S,5605,3
415.6350385371378,7362.994571861511,2022-03-19T12:53:00Z,1H 0M 0S,5605,3
415.63967327787424,7363.3086009261015,2022-03-19T13:53:00Z,1H 0M 0S,5605,3
415.8278033740583,7364.0284337997355,2022-03-19T14:53:00Z,1H 0M 0S,5605,3
415.9047960792113,7364.347496239673,2022-03-19T15:53:00Z,1H 0M 0S,5605,3
415.88047052709067,7364.627886729192,2022-03-19T16:53:00Z,1H 0M 0S,5605,3
416.11843036362785,7365.203534040556,2022-03-19T17:53:00Z,1H 0M 0S,5605,3
415.11829799266826,7366.289729478249,2022-03-19T18:53:00Z,1H 0M 0S,5605,3
414.98091470094533,7366.507555591189,2022-03-19T19:53:00Z,1H 0M 0S,5605,3
415.0731734511539,7366.618544797826,2022-03-19T20:53:00Z,1H 0M 0S,5605,3
415.7050438801363,7366.735558424809,2022-03-19T21:53:00Z,1H 0M 0S,5605,3
417.61974825426006,7367.100456147473,2022-03-19T22:53:00Z,1H 0M 0S,5605,3
417.75578695074717,7366.934415552557,2022-03-19T23:53:00Z,1H 0M 0S,5605,3
418.09268942261235,7366.746316123973,2022-03-20T00:53:00Z,1H 0M 0S,5605,3
418.18723362159403,7366.7124953302355,2022-03-20T01:53:00Z,1H 0M 0S,5605,3
418.0084990948147,7366.758168505943,2022-03-20T02:53:00Z,1H 0M 0S,5605,3
417.99039632386473,7366.767439552542,2022-03-20T03:53:00Z,1H 0M 0S,5605,3
417.7008594735654,7367.048619764962,2022-03-20T04:53:00Z,1H 0M 0S,5605,3
417.260883106514,7366.915961679431,2022-03-20T05:53:00Z,1H 0M 0S,5605,3
416.41621327048665,7366.553545471729,2022-03-20T06:53:00Z,1H 0M 0S,5605,3
416.7874056036673,7366.529013801072,2022-03-20T07:53:00Z,1H 0M 0S,5605,3
416.3937811817117,7366.872263525344,2022-03-20T08:53:00Z,1H 0M 0S,5605,3
415.8812101531091,7367.455271736043,2022-03-20T09:53:00Z,1H 0M 0S,5605,3
415.87649249700144,7367.453027140382,2022-03-20T10:53:00Z,1H 0M 0S,5605,3
415.3803599531443,7367.62322591951,2022-03-20T11:53:00Z,1H 0M 0S,5605,3
414.92316024380625,7367.17484569191,2022-03-20T12:53:00Z,1H 0M 0S,5605,3
414.89011397260464,7367.180104100696,2022-03-20T13:53:00Z,1H 0M 0S,5605,3
414.70424554259756,7367.293171753214,2022-03-20T14:53:00Z,1H 0M 0S,5605,3
414.6600753534103,7367.424799154667,2022-03-20T15:53:00Z,1H 0M 0S,5605,3
414.66128562822865,7367.7366478403565,2022-03-20T16:53:00Z,1H 0M 0S,5605,3
414.7003310225605,7368.206733850663,2022-03-20T17:53:00Z,1H 0M 0S,5605,3
415.0526580255433,7368.711157447706,2022-03-20T18:53:00Z,1H 0M 0S,5605,3
415.0521952233347,7368.713469695747,2022-03-20T19:53:00Z,1H 0M 0S,5605,3
415.0264526498922,7369.649632751957,2022-03-20T20:53:00Z,1H 0M 0S,5605,3
414.9983006225023,7369.64617958785,2022-03-20T21:53:00Z,1H 0M 0S,5605,3
414.6761568070892,7369.822340167537,2022-03-20T22:53:00Z,1H 0M 0S,5605,3
415.0738070530563,7369.05299990309,2022-03-20T23:53:00Z,1H 0M 0S,5605,3
415.74597415062647,7369.104491448994,2022-03-21T00:53:00Z,1H 0M 0S,5605,3
415.7847909495451,7369.108630586728,2022-03-21T01:53:00Z,1H 0M 0S,5605,3
416.4009798518593,7369.380632414705,2022-03-21T02:53:00Z,1H 0M 0S,5605,3
416.41833094055795,7369.911693133689,2022-03-21T03:53:00Z,1H 0M 0S,5605,3
416.4601380913289,7370.005592898946,2022-03-21T04:53:00Z,1H 0M 0S,5605,3
416.4339682576945,7370.348922962267,2022-03-21T05:53:00Z,1H 0M 0S,5605,3
417.01106951472235,7370.963197832065,2022-03-21T06:53:00Z,1H 0M 0S,5605,3
417.0898272674492,7371.03579474433,2022-03-21T07:53:00Z,1H 0M 0S,5605,3
416.48955336921256,7371.112825388984,2022-03-21T08:53:00Z,1H 0M 0S,5605,3
416.2503133621268,7372.5634878935025,2022-03-21T09:53:00Z,1H 0M 0S,5605,3
416.0601570099315,7372.860717506212,2022-03-21T10:53:00Z,1H 0M 0S,5605,3
416.40706478430906,7373.303229737794,2022-03-21T11:53:00Z,1H 0M 0S,5605,3
416.38138646985533,7373.544691851351,2022-03-21T12:53:00Z,1H 0M 0S,5605,3
416.64589440050287,7374.082890681145,2022-03-21T13:53:00Z,1H 0M 0S,5605,3
416.8440136162885,7374.082194205727,2022-03-21T14:53:00Z,1H 0M 0S,5605,3
416.73684543870047,7373.799293067591,2022-03-21T15:53:00Z,1H 0M 0S,5605,3
416.65130984927515,7373.724836771891,2022-03-21T16:53:00Z,1H 0M 0S,5605,3
415.6781498636264,7372.660320901026,2022-03-21T17:53:00Z,1H 0M 0S,5605,3
415.56956455332113,7372.391590619316,2022-03-21T18:53:00Z,1H 0M 0S,5605,3
415.59665768820867,7372.375548987458,2022-03-21T19:53:00Z,1H 0M 0S,5605,3
416.3867380323183,7372.768660423188,2022-03-21T20:53:00Z,1H 0M 0S,5605,3
418.6799055612855,7372.9307335146195,2022-03-21T21:53:00Z,1H 0M 0S,5605,3
418.6929512792891,7372.93744609246,2022-03-21T22:53:00Z,1H 0M 0S,5605,3
418.9838144835807,7373.685960420288,2022-03-21T23:53:00Z,1H 0M 0S,5605,3
418.811326324293,7374.095079799802,2022-03-22T00:53:00Z,1H 0M 0S,5605,3
418.8225118707067,7374.15551287993,2022-03-22T01:53:00Z,1H 0M 0S,5605,3
419.22637134616764,7373.984238557805,2022-03-22T02:53:00Z,1H 0M 0S,5605,3
419.2481376714997,7373.976096515673,2022-03-22T03:53:00Z,1H 0M 0S,5605,3
419.2559017217874,7373.937536049619,2022-03-22T04:53:00Z,1H 0M 0S,5605,3
419.0705328958746,7373.769653482513,2022-03-22T05:53:00Z,1H 0M 0S,5605,3
417.75438118610384,7373.389096537785,2022-03-22T06:53:00Z,1H 0M 0S,5605,3
417.84226596172715,7373.272343030436,2022-03-22T07:53:00Z,1H 0M 0S,5605,3
417.79421743783416,7373.10198530919,2022-03-22T08:53:00Z,1H 0M 0S,5605,3
417.8696930772159,7373.070336507741,2022-03-22T09:53:00Z,1H 0M 0S,5605,3
418.0114357945808,7373.167909762382,2022-03-22T10:53:00Z,1H 0M 0S,5605,3
418.20830842535867,7373.205965413399,2022-03-22T11:53:00Z,1H 0M 0S,5605,3
418.69289774202764,7372.602287974218,2022-03-22T12:53:00Z,1H 0M 0S,5605,3
419.2375549760562,7372.937184296374,2022-03-22T13:53:00Z,1H 0M 0S,5605,3
419.30827120686655,7373.35334649844,2022-03-22T14:53:00Z,1H 0M 0S,5605,3
419.3755965604445,7373.7555811931015,2022-03-22T15:53:00Z,1H 0M 0S,5605,3
419.04864855265856,7374.3927281483775,2022-03-22T16:53:00Z,1H 0M 0S,5605,3
418.36168948594656,7373.958753587908,2022-03-22T17:53:00Z,1H 0M 0S,5605,3
418.07022210173733,7374.48258449416,2022-03-22T18:53:00Z,1H 0M 0S,5605,3
418.4623831966629,7375.4649415003505,2022-03-22T19:53:00Z,1H 0M 0S,5605,3
418.16447945715674,7375.734973363577,2022-03-22T20:53:00Z,1H 0M 0S,5605,3
418.048631351613,7376.093050901615,2022-03-22T21:53:00Z,1H 0M 0S,5605,3
418.1094378409335,7376.7455083523355,2022-03-22T22:53:00Z,1H 0M 0S,5605,3
418.11185413308834,7376.7479214611085,2022-03-22T23:53:00Z,1H 0M 0S,5605,3
417.8413434338566,7377.376800899805,2022-03-23T00:53:00Z,1H 0M 0S,5605,3
417.28420947843694,7377.673371750717,2022-03-23T01:53:00Z,1H 0M 0S,5605,3
417.35200029432593,7379.278014953023,2022-03-23T02:53:00Z,1H 0M 0S,5605,3
417.35376567922737,7379.285425335481,2022-03-23T03:53:00Z,1H 0M 0S,5605,3
417.5980230170707,7379.525469711924,2022-03-23T04:53:00Z,1H 0M 0S,5605,3
418.2467902264796,7379.92605167397,2022-03-23T05:53:00Z,1H 0M 0S,5605,3
418.2809104537195,7379.93219933669,2022-03-23T06:53:00Z,1H 0M 0S,5605,3
418.4631552259266,7379.9375107160495,2022-03-23T07:53:00Z,1H 0M 0S,5605,3
419.2307876234776,7379.771933480738,2022-03-23T08:53:00Z,1H 0M 0S,5605,3
418.64022075649837,7380.005932760616,2022-03-23T09:53:00Z,1H 0M 0S,5605,3
418.7384263255058,7380.108972307204,2022-03-23T10:53:00Z,1H 0M 0S,5605,3
419.02572902509485,7380.624026236095,2022-03-23T11:53:00Z,1H 0M 0S,5605,3
419.4788578536856,7381.234555798586,2022-03-23T12:53:00Z,1H 0M 0S,5605,3
419.8662968209547,7381.351829247456,2022-03-23T13:53:00Z,1H 0M 0S,5605,3
419.86429906097965,7381.375848239988,2022-03-23T14:53:00Z,1H 0M 0S,5605,3
419.5034056296098,7381.35289517652,2022-03-23T15:53:00Z,1H 0M 0S,5605,3
418.388459410545,7381.836011162856,2022-03-23T16:53:00Z,1H 0M 0S,5605,3
418.5048224178213,7382.0099700438495,2022-03-23T17:53:00Z,1H 0M 0S,5605,3
418.53349949518423,7382.016295365635,2022-03-23T18:53:00Z,1H 0M 0S,5605,3
418.6958070163542,7382.142346470117,2022-03-23T19:53:00Z,1H 0M 0S,5605,3
418.7758420534426,7382.025194823793,2022-03-23T20:53:00Z,1H 0M 0S,5605,3
420.18069513750595,7382.8980003216675,2022-03-23T21:53:00Z,1H 0M 0S,5605,3
420.18848352117044,7382.898682036551,2022-03-23T22:53:00Z,1H 0M 0S,5605,3
420.0110575327498,7382.625368319482,2022-03-23T23:53:00Z,1H 0M 0S,5605,3
419.9416875946877,7382.52200490586,2022-03-24T00:53:00Z,1H 0M 0S,5605,3
419.84357597882826,7382.211799942386,2022-03-24T01:53:00Z,1H 0M 0S,5605,3
419.5849447359956,7381.79419051266,2022-03-24T02:53:00Z,1H 0M 0S,5605,3
419.91797675338336,7381.922259616785,2022-03-24T03:53:00Z,1H 0M 0S,5605,3
419.9087493185808,7381.930439075791,2022-03-24T04:53:00Z,1H 0M 0S,5605,3
419.6151636767306,7382.2586553410765,2022-03-24T05:53:00Z,1H 0M 0S,5605,3
418.921701826884,7382.859107537692,2022-03-24T06:53:00Z,1H 0M 0S,5605,3
418.05625172467836,7383.137484312441,2022-03-24T07:53:00Z,1H 0M 0S,5605,3
417.4836970733485,7383.056336098647,2022-03-24T08:53:00Z,1H 0M 0S,5605,3
417.4684834648009,7383.57091810575,2022-03-24T09:53:00Z,1H 0M 0S,5605,3
417.7177113232871,7383.636471823657,2022-03-24T10:53:00Z,1H 0M 0S,5605,3
418.4194085638198,7383.012139595117,2022-03-24T11:53:00Z,1H 0M 0S,5605,3
418.4088549288351,7382.871583591872,2022-03-24T12:53:00Z,1H 0M 0S,5605,3
418.316751867902,7382.222358765793,2022-03-24T13:53:00Z,1H 0M 0S,5605,3
418.22543523187403,7381.888907619477,2022-03-24T14:53:00Z,1H 0M 0S,5605,3
418.09738163851523,7381.977956779653,2022-03-24T15:53:00Z,1H 0M 0S,5605,3
416.32665972392374,7383.696087174787,2022-03-24T16:53:00Z,1H 0M 0S,5605,3
416.50554553903487,7384.646717400799,2022-03-24T17:53:00Z,1H 0M 0S,5605,3
416.56768166749555,7384.701722247354,2022-03-24T18:53:00Z,1H 0M 0S,5605,3
416.6094728577464,7384.820815266374,2022-03-24T19:53:00Z,1H 0M 0S,5605,3
416.61706043736416,7384.83642249152,2022-03-24T20:53:00Z,1H 0M 0S,5605,3
416.62807599576934,7385.204333909672,2022-03-24T21:53:00Z,1H 0M 0S,5605,3
416.93541301736514,7385.491970845895,2022-03-24T22:53:00Z,1H 0M 0S,5605,3
416.95047132366614,7385.471968247665,2022-03-24T23:53:00Z,1H 0M 0S,5605,3
417.8167838026239,7385.370984664467,2022-03-25T00:53:00Z,1H 0M 0S,5605,3
417.8558421100693,7385.1301511424135,2022-03-25T01:53:00Z,1H 0M 0S,5605,3
417.59301909352877,7385.224820377837,2022-03-25T02:53:00Z,1H 0M 0S,5605,3
417.76742003113264,7385.857975473122,2022-03-25T03:53:00Z,1H 0M 0S,5605,3
418.09431247807333,7386.43644906019,2022-03-25T04:53:00Z,1H 0M 0S,5605,3
418.09756805282586,7386.571690322263,2022-03-25T05:53:00Z,1H 0M 0S,5605,3
417.9974476529863,7386.508673822465,2022-03-25T06:53:00Z,1H 0M 0S,5605,3
417.9890709662066,7386.404113882687,2022-03-25T07:53:00Z,1H 0M 0S,5605,3
417.90858704130017,7386.440280328513,2022-03-25T08:53:00Z,1H 0M 0S,5605,3
417.55691256751345,7387.455917662482,2022-03-25T09:53:00Z,1H 0M 0S,5605,3
417.4175245220394,7387.64715991894,2022-03-25T10:53:00Z,1H 0M 0S,5605,3
417.3426309732785,7388.243899785092,2022-03-25T11:53:00Z,1H 0M 0S,5605,3
417.3300639741873,7388.255057696534,2022-03-25T12:53:00Z,1H 0M 0S,5605,3
416.985335372392,7388.931784536329,2022-03-25T13:53:00Z,1H 0M 0S,5605,3
417.80439927607165,7388.990253956929,2022-03-25T14:53:00Z,1H 0M 0S,5605,3
415.16814346144366,7358.912075940491,2022-03-17T06:53:00Z,1H 0M 0S,5605,4
415.41160024831936,7358.978767766514,2022-03-17T07:53:00Z,1H 0M 0S,5605,4
415.83289847663383,7359.772580115579,2022-03-17T08:53:00Z,1H 0M 0S,5605,4
415.9010271372478,7359.785366977112,2022-03-17T09:53:00Z,1H 0M 0S,5605,4
416.07453961879816,7359.867649402019,2022-03-17T10:53:00Z,1H 0M 0S,5605,4
416.05405016366865,7358.758801994553,2022-03-17T11:53:00Z,1H 0M 0S,5605,4
415.5978450494372,7358.558864574554,2022-03-17T12:53:00Z,1H 0M 0S,5605,4
414.9300147414098,7358.205747499461,2022-03-17T13:53:00Z,1H 0M 0S,5605,4
414.90041542761355,7358.176401784045,2022-03-17T14:53:00Z,1H 0M 0S,5605,4
414.94264698339776,7358.116118233364,2022-03-17T15:53:00Z,1H 0M 0S,5605,4
415.3863072385806,7357.6741033845365,2022-03-17T16:53:00Z,1H 0M 0S,5605,4
415.41745112868864,7357.648915890591,2022-03-17T17:53:00Z,1H 0M 0S,5605,4
415.4333524181344,7357.233485517601,2022-03-17T18:53:00Z,1H 0M 0S,5605,4
416.2273701841812,7356.251566224623,2022-03-17T19:53:00Z,1H 0M 0S,5605,4
416.2830177029075,7356.257549941825,2022-03-17T20:53:00Z,1H 0M 0S,5605,4
416.41367510842923,7356.647225052126,2022-03-17T21:53:00Z,1H 0M 0S,5605,4
416.61806405548526,7356.935260883757,2022-03-17T22:53:00Z,1H 0M 0S,5605,4
414.1539364054188,7357.420410806837,2022-03-17T23:53:00Z,1H 0M 0S,5605,4
413.5526533022125,7357.7880174592265,2022-03-18T00:53:00Z,1H 0M 0S,5605,4
413.5185674326782,7357.66245602171,2022-03-18T01:53:00Z,1H 0M 0S,5605,4
413.3771747947205,7356.95383577924,2022-03-18T02:53:00Z,1H 0M 0S,5605,4
414.11018030811726,7356.812293197201,2022-03-18T03:53:00Z,1H 0M 0S,5605,4
414.8740485667063,7356.796790263212,2022-03-18T04:53:00Z,1H 0M 0S,5605,4
415.07371128064136,7357.562270863917,2022-03-18T05:53:00Z,1H 0M 0S,5605,4
415.95913662006063,7357.128555765906,2022-03-18T06:53:00Z,1H 0M 0S,5605,4
416.1866414610622,7357.0184308977305,2022-03-18T07:53:00Z,1H 0M 0S,5605,4
416.11418541752687,7357.066129611708,2022-03-18T08:53:00Z,1H 0M 0S,5605,4
415.2737607788813,7357.576234432193,2022-03-18T09:53:00Z,1H 0M 0S,5605,4
415.2353004263318,7357.685677553132,2022-03-18T10:53:00Z,1H 0M 0S,5605,4
415.1768955649667,7357.715361472624,2022-03-18T11:53:00Z,1H 0M 0S,5605,4
414.61513341334694,7357.592896950188,2022-03-18T12:53:00Z,1H 0M 0S,5605,4
414.60810817832225,7357.595752794188,2022-03-18T13:53:00Z,1H 0M 0S,5605,4
414.1608581746578,7357.553996484041,2022-03-18T14:53:00Z,1H 0M 0S,5605,4
414.16878213527156,7357.377542339816,2022-03-18T15:53:00Z,1H 0M 0S,5605,4
414.0494312097571,7357.3465081557,2022-03-18T16:53:00Z,1H 0M 0S,5605,4
413.8921210056459,7357.192327849079,2022-03-18T17:53:00Z,1H 0M 0S,5605,4
413.9720341763421,7356.945256039121,2022-03-18T18:53:00Z,1H 0M 0S,5605,4
413.4642114994541,7356.34851319987,2022-03-18T19:53:00Z,1H 0M 0S,5605,4
413.4008719645169,7356.303164111109,2022-03-18T20:53:00Z,1H 0M 0S,5605,4
415.7421194338218,7354.990222908453,2022-03-18T21:53:00Z,1H 0M 0S,5605,4
416.1797039135905,7354.752667184448,2022-03-18T22:53:00Z,1H 0M 0S,5605,4
416.53903394155833,7354.663744853421,2022-03-18T23:53:00Z,1H 0M 0S,5605,4
416.84125343905805,7354.9839013012725,2022-03-19T00:53:00Z,1H 0M 0S,5605,4
417.1188298321699,7355.080139245821,2022-03-19T01:53:00Z,1H 0M 0S,5605,4
417.1237995574357,7355.085742435848,2022-03-19T02:53:00Z,1H 0M 0S,5605,4
417.22412882750655,7354.774973876111,2022-03-19T03:53:00Z,1H 0M 0S,5605,4
417.5134414592387,7353.983444800798,2022-03-19T04:53:00Z,1H 0M 0S,5605,4
417.9199226939789,7353.525023517013,2022-03-19T05:53:00Z,1H 0M 0S,5605,4
418.2464998956206,7353.272673593204,2022-03-19T06:53:00Z,1H 0M 0S,5605,4
418.27540622224296,7352.982448161551,2022-03-19T07:53:00Z,1H 0M 0S,5605,4
418.10967862477924,7352.565674501759,2022-03-19T08:53:00Z,1H 0M 0S,5605,4
418.06199350756225,7352.459787931343,2022-03-19T09:53:00Z,1H 0M 0S,5605,4
418.04032790762466,7352.3590193189075,2022-03-19T10:53:00Z,1H 0M 0S,5605,4
418.03170524788743,7352.207888661178,2022-03-19T11:53:00Z,1H 0M 0S,5605,4
417.28852667730746,7351.584891665016,2022-03-19T12:53:00Z,1H 0M 0S,5605,4
416.9078712113732,7351.404522575451,2022-03-19T13:53:00Z,1H 0M 0S,5605,4
416.8653991700054,7351.467054191385,2022-03-19T14:53:00Z,1H 0M 0S,5605,4
416.7600235079713,7351.562571523003,2022-03-19T15:53:00Z,1H 0M 0S,5605,4
416.50589401882314,7351.898538545227,2022-03-19T16:53:00Z,1H 0M 0S,5605,4
416.39448263604845,7352.0939157135535,2022-03-19T17:53:00Z,1H 0M 0S,5605,4
416.01287947305497,7352.467579343524,2022-03-19T18:53:00Z,1H 0M 0S,5605,4
416.078115452286,7352.527786219878,2022-03-19T19:53:00Z,1H 0M 0S,5605,4
417.43135269820385,7353.078332269697,2022-03-19T20:53:00Z,1H 0M 0S,5605,4
417.7746925089102,7353.818082417206,2022-03-19T21:53:00Z,1H 0M 0S,5605,4
418.2679335749073,7354.007194720484,2022-03-19T22:53:00Z,1H 0M 0S,5605,4
418.5772035672313,7353.898789112021,2022-03-19T23:53:00Z,1H 0M 0S,5605,4
419.1177760770569,7354.1797173483355,2022-03-20T00:53:00Z,1H 0M 0S,5605,4
419.14123962218576,7354.016951058802,2022-03-20T01:53:00Z,1H 0M 0S,5605,4
419.5472325741607,7353.846127574086,2022-03-20T02:53:00Z,1H 0M 0S,5605,4
419.5470243047148,7353.845333559052,2022-03-20T03:53:00Z,1H 0M 0S,5605,4
419.73557886555835,7353.800421119748,2022-03-20T04:53:00Z,1H 0M 0S,5605,4
422.0451263452671,7355.263304599688,2022-03-20T05:53:00Z,1H 0M 0S,5605,4
422.1528241114834,7355.378924923952,2022-03-20T06:53:00Z,1H 0M 0S,5605,4
422.2195747976736,7355.421007699093,2022-03-20T07:53:00Z,1H 0M 0S,5605,4
422.24894080469915,7355.45309012216,2022-03-20T08:53:00Z,1H 0M 0S,5605,4
422.17333911560394,7355.566539176644,2022-03-20T09:53:00Z,1H 0M 0S,5605,4
422.16229308470247,7355.471140053483,2022-03-20T10:53:00Z,1H 0M 0S,5605,4
420.1613560850527,7355.1971131734645,2022-03-20T11:53:00Z,1H 0M 0S,5605,4
420.9947868021014,7355.837489117021,2022-03-20T12:53:00Z,1H 0M 0S,5605,4
421.01288061149785,7355.867323232976,2022-03-20T13:53:00Z,1H 0M 0S,5605,4
421.0239278275214,7355.932836464124,2022-03-20T14:53:00Z,1H 0M 0S,5605,4
420.3115551084013,7356.1087660182275,2022-03-20T15:53:00Z,1H 0M 0S,5605,4
420.31341570881034,7356.077261034099,2022-03-20T16:53:00Z,1H 0M 0S,5605,4
420.40265748151864,7355.288821944159,2022-03-20T17:53:00Z,1H 0M 0S,5605,4
420.6287841036304,7355.424335183438,2022-03-20T18:53:00Z,1H 0M 0S,5605,4
420.7390250290782,7355.544466765393,2022-03-20T19:53:00Z,1H 0M 0S,5605,4
420.80242600634466,7355.705565396492,2022-03-20T20:53:00Z,1H 0M 0S,5605,4
420.80926982175816,7355.782959347996,2022-03-20T21:53:00Z,1H 0M 0S,5605,4
420.83392929412275,7355.8848114055,2022-03-20T22:53:00Z,1H 0M 0S,5605,4
420.61850062362964,7356.218585010357,2022-03-20T23:53:00Z,1H 0M 0S,5605,4
420.5544862495833,7356.4055712042245,2022-03-21T00:53:00Z,1H 0M 0S,5605,4
420.49140889277334,7356.440400010019,2022-03-21T01:53:00Z,1H 0M 0S,5605,4
420.17298706477317,7356.624021173328,2022-03-21T02:53:00Z,1H 0M 0S,5605,4
420.6033473968789,7356.867718654727,2022-03-21T03:53:00Z,1H 0M 0S,5605,4
420.03275929816965,7356.147702607298,2022-03-21T04:53:00Z,1H 0M 0S,5605,4
419.9013044985198,7355.9518153282625,2022-03-21T05:53:00Z,1H 0M 0S,5605,4
418.62960221018244,7355.6507778476125,2022-03-21T06:53:00Z,1H 0M 0S,5605,4
418.0541556493095,7356.08909830401,2022-03-21T07:53:00Z,1H 0M 0S,5605,4
417.75384359794054,7356.110429199672,2022-03-21T08:53:00Z,1H 0M 0S,5605,4
417.3442995458564,7355.794197627928,2022-03-21T09:53:00Z,1H 0M 0S,5605,4
417.3127999184157,7356.133561829961,2022-03-21T10:53:00Z,1H 0M 0S,5605,4
416.92921404578607,7358.527666945153,2022-03-21T11:53:00Z,1H 0M 0S,5605,4
416.92078329911084,7359.037406107563,2022-03-21T12:53:00Z,1H 0M 0S,5605,4
416.80389673786715,7359.298343182817,2022-03-21T13:53:00Z,1H 0M 0S,5605,4
419.2397908764018,7359.409974505481,2022-03-21T14:53:00Z,1H 0M 0S,5605,4
419.3355521103218,7359.3625809044515,2022-03-21T15:53:00Z,1H 0M 0S,5605,4
419.35968281702867,7359.381549050979,2022-03-21T16:53:00Z,1H 0M 0S,5605,4
419.63257613649193,7359.499011710015,2022-03-21T17:53:00Z,1H 0M 0S,5605,4
419.5887138914001,7359.477174933409,2022-03-21T18:53:00Z,1H 0M 0S,5605,4
419.572379645413,7359.194374983878,2022-03-21T19:53:00Z,1H 0M 0S,5605,4
419.74730157349796,7358.465191291235,2022-03-21T20:53:00Z,1H 0M 0S,5605,4
419.1798511261174,7357.9098625898805,2022-03-21T21:53:00Z,1H 0M 0S,5605,4
419.83503550359296,7358.008836079185,2022-03-21T22:53:00Z,1H 0M 0S,5605,4
420.18031848985765,7357.7987677621495,2022-03-21T23:53:00Z,1H 0M 0S,5605,4
420.333443364494,7357.287481207474,2022-03-22T00:53:00Z,1H 0M 0S,5605,4
420.5487827082953,7357.3630517709,2022-03-22T01:53:00Z,1H 0M 0S,5605,4
420.61532745756864,7357.355974346329,2022-03-22T02:53:00Z,1H 0M 0S,5605,4
420.67791602163993,7357.337680765952,2022-03-22T03:53:00Z,1H 0M 0S,5605,4
420.47808213797043,7357.183629293886,2022-03-22T04:53:00Z,1H 0M 0S,5605,4
420.0237315438915,7357.178702546946,2022-03-22T05:53:00Z,1H 0M 0S,5605,4
419.85154865904735,7357.479952154431,2022-03-22T06:53:00Z,1H 0M 0S,5605,4
419.50865674931487,7357.730748429356,2022-03-22T07:53:00Z,1H 0M 0S,5605,4
419.0671035876973,7357.327203668474,2022-03-22T08:53:00Z,1H 0M 0S,5605,4
419.20043116149293,7356.986615841954,2022-03-22T09:53:00Z,1H 0M 0S,5605,4
419.9703405962403,7356.981097522594,2022-03-22T10:53:00Z,1H 0M 0S,5605,4
420.36733021840615,7358.852065229053,2022-03-22T11:53:00Z,1H 0M 0S,5605,4
420.36142788757684,7358.841262694962,2022-03-22T12:53:00Z,1H 0M 0S,5605,4
420.25082851919313,7358.82457536919,2022-03-22T13:53:00Z,1H 0M 0S,5605,4
420.28181292792186,7358.402469995596,2022-03-22T14:53:00Z,1H 0M 0S,5605,4
420.6781869491375,7358.4259782272375,2022-03-22T15:53:00Z,1H 0M 0S,5605,4
420.83191554972313,7359.5881379914035,2022-03-22T16:53:00Z,1H 0M 0S,5605,4
420.48174394779045,7359.514561606938,2022-03-22T17:53:00Z,1H 0M 0S,5605,4
420.3679782628595,7359.563958694947,2022-03-22T18:53:00Z,1H 0M 0S,5605,4
420.2978902789488,7359.60404262511,2022-03-22T19:53:00Z,1H 0M 0S,5605,4
420.28059609068026,7359.598268985981,2022-03-22T20:53:00Z,1H 0M 0S,5605,4
420.26763079381095,7359.55006839573,2022-03-22T21:53:00Z,1H 0M 0S,5605,4
420.32983863217237,7358.772862165161,2022-03-22T22:53:00Z,1H 0M 0S,5605,4
420.4422733340183,7358.494768936718,2022-03-22T23:53:00Z,1H 0M 0S,5605,4
420.1483775492455,7357.964199309727,2022-03-23T00:53:00Z,1H 0M 0S,5605,4
419.9587016364101,7357.850231759648,2022-03-23T01:53:00Z,1H 0M 0S,5605,4
419.95664503320086,7357.6138630849355,2022-03-23T02:53:00Z,1H 0M 0S,5605,4
417.92701499166367,7357.070045554821,2022-03-23T03:53:00Z,1H 0M 0S,5605,4
417.4712578489129,7357.0641195631515,2022-03-23T04:53:00Z,1H 0M 0S,5605,4
417.3599868679748,7357.080003644316,2022-03-23T05:53:00Z,1H 0M 0S,5605,4
417.3132492326975,7357.039314746841,2022-03-23T06:53:00Z,1H 0M 0S,5605,4
416.9175973672364,7355.847455595866,2022-03-23T07:53:00Z,1H 0M 0S,5605,4
416.82791851429437,7355.822531395926,2022-03-23T08:53:00Z,1H 0M 0S,5605,4
416.75702808693285,7355.899234408109,2022-03-23T09:53:00Z,1H 0M 0S,5605,4
416.5458083221787,7356.170310448673,2022-03-23T10:53:00Z,1H 0M 0S,5605,4
416.39123827354996,7356.589421033707,2022-03-23T11:53:00Z,1H 0M 0S,5605,4
416.42530092414756,7357.11489268551,2022-03-23T12:53:00Z,1H 0M 0S,5605,4
416.4251456996706,7357.116071236383,2022-03-23T13:53:00Z,1H 0M 0S,5605,4
416.0739408414743,7357.992786436818,2022-03-23T14:53:00Z,1H 0M 0S,5605,4
416.0559264419734,7357.9482795545055,2022-03-23T15:53:00Z,1H 0M 0S,5605,4
416.23321831260887,7357.4418741333275,2022-03-23T16:53:00Z,1H 0M 0S,5605,4
416.3524417503702,7357.312918570715,2022-03-23T17:53:00Z,1H 0M 0S,5605,4
416.3307385948696,7357.281238532883,2022-03-23T18:53:00Z,1H 0M 0S,5605,4
415.902699411399,7355.664771966521,2022-03-23T19:53:00Z,1H 0M 0S,5605,4
415.911753657345,7355.656373667173,2022-03-23T20:53:00Z,1H 0M 0S,5605,4
416.3173212264526,7355.392806872793,2022-03-23T21:53:00Z,1H 0M 0S,5605,4
416.50804417415367,7355.065658295128,2022-03-23T22:53:00Z,1H 0M 0S,5605,4
416.74797419572695,7354.887753271481,2022-03-23T23:53:00Z,1H 0M 0S,5605,4
417.5311184703072,7355.034951674378,2022-03-24T00:53:00Z,1H 0M 0S,5605,4
417.63159845358086,7355.090284049345,2022-03-24T01:53:00Z,1H 0M 0S,5605,4
418.19910503391407,7355.47059732643,2022-03-24T02:53:00Z,1H 0M 0S,5605,4
419.07910459947107,7355.126776035029,2022-03-24T03:53:00Z,1H 0M 0S,5605,4
419.81539508489544,7355.844648655599,2022-03-24T04:53:00Z,1H 0M 0S,5605,4
420.0406885461655,7355.800197654657,2022-03-24T05:53:00Z,1H 0M 0S,5605,4
420.0810267041654,7355.915441471755,2022-03-24T06:53:00Z,1H 0M 0S,5605,4
420.1040463944943,7356.064192998812,2022-03-24T07:53:00Z,1H 0M 0S,5605,4
420.06849262224796,7356.116894296157,2022-03-24T08:53:00Z,1H 0M 0S,5605,4
420.09533617116784,7356.3827392758285,2022-03-24T09:53:00Z,1H 0M 0S,5605,4
420.71860087802077,7355.661769328545,2022-03-24T10:53:00Z,1H 0M 0S,5605,4
420.7642152683137,7355.582279527596,2022-03-24T11:53:00Z,1H 0M 0S,5605,4
421.06875795742826,7355.613280286798,2022-03-24T12:53:00Z,1H 0M 0S,5605,4
421.70943515108155,7355.334262440431,2022-03-24T13:53:00Z,1H 0M 0S,5605,4
422.90341880894414,7355.708562340365,2022-03-24T14:53:00Z,1H 0M 0S,5605,4
423.06320134365075,7355.373491894266,2022-03-24T15:53:00Z,1H 0M 0S,5605,4
422.44899659945065,7354.357554829842,2022-03-24T16:53:00Z,1H 0M 0S,5605,4
422.1143107462756,7355.116847010104,2022-03-24T17:53:00Z,1H 0M 0S,5605,4
421.7976342797512,7355.773516608112,2022-03-24T18:53:00Z,1H 0M 0S,5605,4
421.70118867456324,7355.881930842209,2022-03-24T19:53:00Z,1H 0M 0S,5605,4
421.40846205387226,7356.8638186888775,2022-03-24T20:53:00Z,1H 0M 0S,5605,4
420.67296600513424,7356.725194686824,2022-03-24T21:53:00Z,1H 0M 0S,5605,4
420.13747537091035,7356.442169425418,2022-03-24T22:53:00Z,1H 0M 0S,5605,4
420.1435426231693,7356.2225138370295,2022-03-24T23:53:00Z,1H 0M 0S,5605,4
420.1019405181311,7356.171046142908,2022-03-25T00:53:00Z,1H 0M 0S,5605,4
419.50911573965396,7355.918230577241,2022-03-25T01:53:00Z,1H 0M 0S,5605,4
419.4825023887542,7355.899108271993,2022-03-25T02:53:00Z,1H 0M 0S,5605,4
419.36327182620926,7355.598080724359,2022-03-25T03:53:00Z,1H 0M 0S,5605,4
418.01792224737557,7355.196933248909,2022-03-25T04:53:00Z,1H 0M 0S,5605,4
417.9390094185504,7355.185193574681,2022-03-25T05:53:00Z,1H 0M 0S,5605,4
417.9335830094521,7355.188335776993,2022-03-25T06:53:00Z,1H 0M 0S,5605,4
417.87614642140596,7355.212550288278,2022-03-25T07:53:00Z,1H 0M 0S,5605,4
417.81798975356094,7355.238663124783,2022-03-25T08:53:00Z,1H 0M 0S,5605,4
417.8206215573916,7355.039408319652,2022-03-25T09:53:00Z,1H 0M 0S,5605,4
417.841746968092,7354.954326626323,2022-03-25T10:53:00Z,1H 0M 0S,5605,4
417.7249768676889,7354.3632561150125,2022-03-25T11:53:00Z,1H 0M 0S,5605,4
416.91156251030776,7353.999217561483,2022-03-25T12:53:00Z,1H 0M 0S,5605,4
417.93583163935347,7353.7432657008085,2022-03-25T13:53:00Z,1H 0M 0S,5605,4
418.34840062986603,7353.5134123499765,2022-03-25T14:53:00Z,1H 0M 0S,5605,4
415.16814346144366,7358.912075940491,2022-03-17T06:53:00Z,1H 0M 0S,5605,5
415.1774425339014,7358.9022008039,2022-03-17T07:53:00Z,1H 0M 0S,5605,5
415.25733201551424,7358.856341092846,2022-03-17T08:53:00Z,1H 0M 0S,5605,5
415.53453927909476,7358.723072222605,2022-03-17T09:53:00Z,1H 0M 0S,5605,5
415.63978849415554,7358.6992301160035,2022-03-17T10:53:00Z,1H 0M 0S,5605,5
415.74165133491357,7358.779319418936,2022-03-17T11:53:00Z,1H 0M 0S,5605,5
416.3368775947391,7359.008228633077,2022-03-17T12:53:00Z,1H 0M 0S,5605,5
415.8918785570223,7359.035170840878,2022-03-17T13:53:00Z,1H 0M 0S,5605,5
415.7886934713327,7359.093295553841,2022-03-17T14:53:00Z,1H 0M 0S,5605,5
415.63439118367137,7359.091067092107,2022-03-17T15:53:00Z,1H 0M 0S,5605,5
414.74571671785816,7359.073853345095,2022-03-17T16:53:00Z,1H 0M 0S,5605,5
414.2697938499652,7359.186876440641,2022-03-17T17:53:00Z,1H 0M 0S,5605,5
413.61453691645653,7358.98899803444,2022-03-17T18:53:00Z,1H 0M 0S,5605,5
414.2129530303712,7357.24546463486,2022-03-17T19:53:00Z,1H 0M 0S,5605,5
414.2294970508583,7357.116624858613,2022-03-17T20:53:00Z,1H 0M 0S,5605,5
414.2433558906423,7357.109293324929,2022-03-17T21:53:00Z,1H 0M 0S,5605,5
414.4618059376111,7356.933097614194,2022-03-17T22:53:00Z,1H 0M 0S,5605,5
414.76760930361496,7356.3114659447365,2022-03-17T23:53:00Z,1H 0M 0S,5605,5
414.8198466291894,7356.27695202519,2022-03-18T00:53:00Z,1H 0M 0S,5605,5
415.04459517493206,7356.1660596088095,2022-03-18T01:53:00Z,1H 0M 0S,5605,5
415.9217564506522,7357.09474318006,2022-03-18T02:53:00Z,1H 0M 0S,5605,5
415.7714982631927,7357.287486913359,2022-03-18T03:53:00Z,1H 0M 0S,5605,5
415.60805232550126,7357.716934647863,2022-03-18T04:53:00Z,1H 0M 0S,5605,5
415.69404996245214,7357.778265269503,2022-03-18T05:53:00Z,1H 0M 0S,5605,5
415.79567407174073,7357.8081156316675,2022-03-18T06:53:00Z,1H 0M 0S,5605,5
416.18574989175204,7357.67817508856,2022-03-18T07:53:00Z,1H 0M 0S,5605,5
416.5690272519219,7357.244056412692,2022-03-18T08:53:00Z,1H 0M 0S,5605,5
416.6214822750588,7358.107357505793,2022-03-18T09:53:00Z,1H 0M 0S,5605,5
417.7005196514709,7360.154791401065,2022-03-18T10:53:00Z,1H 0M 0S,5605,5
418.25599643197233,7360.359098769426,2022-03-18T11:53:00Z,1H 0M 0S,5605,5
418.9664505940983,7360.742802666577,2022-03-18T12:53:00Z,1H 0M 0S,5605,5
418.85807545651653,7360.925959256485,2022-03-18T13:53:00Z,1H 0M 0S,5605,5
418.4224658639927,7360.990295676138,2022-03-18T14:53:00Z,1H 0M 0S,5605,5
418.31867251636754,7360.76465904359,2022-03-18T15:53:00Z,1H 0M 0S,5605,5
418.3146090489125,7360.647495700413,2022-03-18T16:53:00Z,1H 0M 0S,5605,5
418.3981008680563,7360.378474683658,2022-03-18T17:53:00Z,1H 0M 0S,5605,5
418.38206832333543,7360.349336137875,2022-03-18T18:53:00Z,1H 0M 0S,5605,5
418.3823140414648,7359.922159865412,2022-03-18T19:53:00Z,1H 0M 0S,5605,5
418.08543087917417,7359.718022009827,2022-03-18T20:53:00Z,1H 0M 0S,5605,5
418.0437234365002,7359.689364771862,2022-03-18T21:53:00Z,1H 0M 0S,5605,5
418.04419978396487,7359.687703585548,2022-03-18T22:53:00Z,1H 0M 0S,5605,5
417.9190012238961,7358.827876218493,2022-03-18T23:53:00Z,1H 0M 0S,5605,5
417.9067039448675,7358.71871724799,2022-03-19T00:53:00Z,1H 0M 0S,5605,5
418.13868592749463,7358.381787653807,2022-03-19T01:53:00Z,1H 0M 0S,5605,5
419.3047586951058,7358.9851506546775,2022-03-19T02:53:00Z,1H 0M 0S,5605,5
419.4779012019762,7359.048702780819,2022-03-19T03:53:00Z,1H 0M 0S,5605,5
419.37463109440847,7359.077429194449,2022-03-19T04:53:00Z,1H 0M 0S,5605,5
419.24173930935774,7359.283268018773,2022-03-19T05:53:00Z,1H 0M 0S,5605,5
418.9789428254965,7359.894608904009,2022-03-19T06:53:00Z,1H 0M 0S,5605,5
418.86855935419686,7359.810768712629,2022-03-19T07:53:00Z,1H 0M 0S,5605,5
418.2963382696288,7359.750851170539,2022-03-19T08:53:00Z,1H 0M 0S,5605,5
418.1742097073357,7359.684319763239,2022-03-19T09:53:00Z,1H 0M 0S,5605,5
418.155133654246,7359.419240565223,2022-03-19T10:53:00Z,1H 0M 0S,5605,5
418.9578813256828,7358.904396390908,2022-03-19T11:53:00Z,1H 0M 0S,5605,5
419.03844123114357,7358.92564459651,2022-03-19T12:53:00Z,1H 0M 0S,5605,5
420.00491654164404,7359.109076639739,2022-03-19T13:53:00Z,1H 0M 0S,5605,5
421.06305465876903,7359.538678599429,2022-03-19T14:53:00Z,1H 0M 0S,5605,5
421.0675257251119,7359.538455427722,2022-03-19T15:53:00Z,1H 0M 0S,5605,5
421.0640663590463,7359.815532060564,2022-03-19T16:53:00Z,1H 0M 0S,5605,5
420.8340707944202,7360.271321052409,2022-03-19T17:53:00Z,1H 0M 0S,5605,5
420.82246585267313,7360.272736903921,2022-03-19T18:53:00Z,1H 0M 0S,5605,5
420.6174593184845,7359.6145961547345,2022-03-19T19:53:00Z,1H 0M 0S,5605,5
421.49240405895995,7359.301253506973,2022-03-19T20:53:00Z,1H 0M 0S,5605,5
421.87690700566134,7359.04585818602,2022-03-19T21:53:00Z,1H 0M 0S,5605,5
422.15431588218723,7357.933851614389,2022-03-19T22:53:00Z,1H 0M 0S,5605,5
422.2631494865188,7357.901670854951,2022-03-19T23:53:00Z,1H 0M 0S,5605,5
422.7927992870586,7358.092345658181,2022-03-20T00:53:00Z,1H 0M 0S,5605,5
423.41281676059725,7358.177214059855,2022-03-20T01:53:00Z,1H 0M 0S,5605,5
423.09824051922243,7357.6300269700105,2022-03-20T02:53:00Z,1H 0M 0S,5605,5
422.8281538280365,7356.919800053962,2022-03-20T03:53:00Z,1H 0M 0S,5605,5
422.9441683731147,7356.1229688633175,2022-03-20T04:53:00Z,1H 0M 0S,5605,5
422.47151721165636,7355.681428772873,2022-03-20T05:53:00Z,1H 0M 0S,5605,5
422.46159078002,7355.676909859436,2022-03-20T06:53:00Z,1H 0M 0S,5605,5
422.1059580172609,7355.442870666284,2022-03-20T07:53:00Z,1H 0M 0S,5605,5
422.0582399063088,7354.780628262519,2022-03-20T08:53:00Z,1H 0M 0S,5605,5
422.6678193816447,7353.29899054857,2022-03-20T09:53:00Z,1H 0M 0S,5605,5
422.96433432772574,7353.305795915479,2022-03-20T10:53:00Z,1H 0M 0S,5605,5
423.31325469304306,7353.497995761678,2022-03-20T11:53:00Z,1H 0M 0S,5605,5
423.17148578692223,7353.394845464725,2022-03-20T12:53:00Z,1H 0M 0S,5605,5
423.4841452836262,7353.464437890449,2022-03-20T13:53:00Z,1H 0M 0S,5605,5
423.447083201326,7353.500184196487,2022-03-20T14:53:00Z,1H 0M 0S,5605,5
425.90082706236706,7354.237698815022,2022-03-20T15:53:00Z,1H 0M 0S,5605,5
425.37866428226084,7355.629970997413,2022-03-20T16:53:00Z,1H 0M 0S,5605,5
425.44531486966594,7355.060026824649,2022-03-20T17:53:00Z,1H 0M 0S,5605,5
425.1716722173491,7354.964629358193,2022-03-20T18:53:00Z,1H 0M 0S,5605,5
425.1424229031622,7354.909780362088,2022-03-20T19:53:00Z,1H 0M 0S,5605,5
425.1023747544925,7354.843365373007,2022-03-20T20:53:00Z,1H 0M 0S,5605,5
423.55719492365824,7352.575109044104,2022-03-20T21:53:00Z,1H 0M 0S,5605,5
423.5573146081921,7352.574695279046,2022-03-20T22:53:00Z,1H 0M 0S,5605,5
423.61026339070736,7352.533598688246,2022-03-20T23:53:00Z,1H 0M 0S,5605,5
423.8414197278721,7352.37356212206,2022-03-21T00:53:00Z,1H 0M 0S,5605,5
424.27456463432526,7351.858432573562,2022-03-21T01:53:00Z,1H 0M 0S,5605,5
424.31187348069267,7350.756164719664,2022-03-21T02:53:00Z,1H 0M 0S,5605,5
423.56362129295746,7349.9240900767545,2022-03-21T03:53:00Z,1H 0M 0S,5605,5
422.5723163021827,7350.306762209304,2022-03-21T04:53:00Z,1H 0M 0S,5605,5
422.2962656760355,7350.412041655653,2022-03-21T05:53:00Z,1H 0M 0S,5605,5
421.41621223504666,7350.51494291891,2022-03-21T06:53:00Z,1H 0M 0S,5605,5
421.4105486747432,7350.532750214778,2022-03-21T07:53:00Z,1H 0M 0S,5605,5
421.49773237829856,7350.5958027371335,2022-03-21T08:53:00Z,1H 0M 0S,5605,5
421.68250317620476,7350.766608250831,2022-03-21T09:53:00Z,1H 0M 0S,5605,5
421.80280739194876,7350.902322324909,2022-03-21T10:53:00Z,1H 0M 0S,5605,5
421.76962921916146,7351.8996602176185,2022-03-21T11:53:00Z,1H 0M 0S,5605,5
421.7255390906101,7351.610091121375,2022-03-21T12:53:00Z,1H 0M 0S,5605,5
421.8325365812339,7351.229945887939,2022-03-21T13:53:00Z,1H 0M 0S,5605,5
422.9113899109533,7351.432990941474,2022-03-21T14:53:00Z,1H 0M 0S,5605,5
423.0003976150167,7351.511194032698,2022-03-21T15:53:00Z,1H 0M 0S,5605,5
423.00442104046056,7351.518841933663,2022-03-21T16:53:00Z,1H 0M 0S,5605,5
423.11935554753796,7351.836754492459,2022-03-21T17:53:00Z,1H 0M 0S,5605,5
423.1371271887424,7351.895218661696,2022-03-21T18:53:00Z,1H 0M 0S,5605,5
423.1422179890751,7351.903254535575,2022-03-21T19:53:00Z,1H 0M 0S,5605,5
423.161328110365,7351.491818069557,2022-03-21T20:53:00Z,1H 0M 0S,5605,5
424.41840112245825,7351.679113496147,2022-03-21T21:53:00Z,1H 0M 0S,5605,5
423.63525721453965,7351.481500104755,2022-03-21T22:53:00Z,1H 0M 0S,5605,5
423.8188827254245,7351.143593194145,2022-03-21T23:53:00Z,1H 0M 0S,5605,5
424.0512581445756,7351.108848363327,2022-03-22T00:53:00Z,1H 0M 0S,5605,5
424.0456084430991,7351.092682029784,2022-03-22T01:53:00Z,1H 0M 0S,5605,5
424.0069071085007,7351.110866522849,2022-03-22T02:53:00Z,1H 0M 0S,5605,5
423.83971048259923,7351.47937841136,2022-03-22T03:53:00Z,1H 0M 0S,5605,5
423.9990601615895,7351.655336886373,2022-03-22T04:53:00Z,1H 0M 0S,5605,5
423.6815332827676,7351.145273315832,2022-03-22T05:53:00Z,1H 0M 0S,5605,5
423.4715840609822,7351.18602764246,2022-03-22T06:53:00Z,1H 0M 0S,5605,5
422.4289895300816,7351.140534787449,2022-03-22T07:53:00Z,1H 0M 0S,5605,5
421.2170720914597,7350.625767462405,2022-03-22T08:53:00Z,1H 0M 0S,5605,5
421.1632970269136,7350.641353666452,2022-03-22T09:53:00Z,1H 0M 0S,5605,5
421.1184534962317,7350.479665472005,2022-03-22T10:53:00Z,1H 0M 0S,5605,5
420.68412254225456,7348.91924158267,2022-03-22T11:53:00Z,1H 0M 0S,5605,5
419.6386845074825,7347.775961093878,2022-03-22T12:53:00Z,1H 0M 0S,5605,5
419.6064904379605,7347.734963301564,2022-03-22T13:53:00Z,1H 0M 0S,5605,5
419.39432855882325,7347.069602506054,2022-03-22T14:53:00Z,1H 0M 0S,5605,5
419.3965508387383,7346.9514491934115,2022-03-22T15:53:00Z,1H 0M 0S,5605,5
419.95710119740136,7346.109221329674,2022-03-22T16:53:00Z,1H 0M 0S,5605,5
420.04774121976186,7345.9097933350195,2022-03-22T17:53:00Z,1H 0M 0S,5605,5
420.0439277840988,7345.479788180849,2022-03-22T18:53:00Z,1H 0M 0S,5605,5
420.13228637170533,7344.821343371156,2022-03-22T19:53:00Z,1H 0M 0S,5605,5
420.15702195974075,7344.81837814971,2022-03-22T20:53:00Z,1H 0M 0S,5605,5
420.38920805113344,7344.251097559075,2022-03-22T21:53:00Z,1H 0M 0S,5605,5
420.401154252669,7344.309397539391,2022-03-22T22:53:00Z,1H 0M 0S,5605,5
420.5000794309778,7344.087389168091,2022-03-22T23:53:00Z,1H 0M 0S,5605,5
420.6752911908592,7344.224117977274,2022-03-23T00:53:00Z,1H 0M 0S,5605,5
420.7424325230437,7344.234849404449,2022-03-23T01:53:00Z,1H 0M 0S,5605,5
420.82913098010425,7344.553353234264,2022-03-23T02:53:00Z,1H 0M 0S,5605,5
420.84297839884607,7345.815198054322,2022-03-23T03:53:00Z,1H 0M 0S,5605,5
420.6996735439636,7346.2711100754,2022-03-23T04:53:00Z,1H 0M 0S,5605,5
421.3433427496014,7346.668442388508,2022-03-23T05:53:00Z,1H 0M 0S,5605,5
421.7623688913387,7347.812438337324,2022-03-23T06:53:00Z,1H 0M 0S,5605,5
422.74173660904773,7348.9561858194165,2022-03-23T07:53:00Z,1H 0M 0S,5605,5
422.84332334907424,7349.206261229398,2022-03-23T08:53:00Z,1H 0M 0S,5605,5
422.9757096700051,7349.285378270932,2022-03-23T09:53:00Z,1H 0M 0S,5605,5
422.95638110093455,7349.03367082113,2022-03-23T10:53:00Z,1H 0M 0S,5605,5
422.8835413742631,7349.076243031089,2022-03-23T11:53:00Z,1H 0M 0S,5605,5
422.8457565128435,7349.047715795141,2022-03-23T12:53:00Z,1H 0M 0S,5605,5
422.8044228838332,7349.059785139706,2022-03-23T13:53:00Z,1H 0M 0S,5605,5
423.0272716194397,7348.2711718165665,2022-03-23T14:53:00Z,1H 0M 0S,5605,5
422.8959246695144,7348.1385687433785,2022-03-23T15:53:00Z,1H 0M 0S,5605,5
423.1174931428844,7347.861523512244,2022-03-23T16:53:00Z,1H 0M 0S,5605,5
423.15836323340824,7346.615420203103,2022-03-23T17:53:00Z,1H 0M 0S,5605,5
423.2548505417718,7346.617575213006,2022-03-23T18:53:00Z,1H 0M 0S,5605,5
423.2571643060887,7345.967666044774,2022-03-23T19:53:00Z,1H 0M 0S,5605,5
423.83451617124206,7345.524600868149,2022-03-23T20:53:00Z,1H 0M 0S,5605,5
425.7813720138559,7345.956711723141,2022-03-23T21:53:00Z,1H 0M 0S,5605,5
426.38557792767625,7345.579028602911,2022-03-23T22:53:00Z,1H 0M 0S,5605,5
426.75758969157675,7345.792893021067,2022-03-23T23:53:00Z,1H 0M 0S,5605,5
427.49866751311197,7346.236925883582,2022-03-24T00:53:00Z,1H 0M 0S,5605,5
427.6123809547456,7346.333201560778,2022-03-24T01:53:00Z,1H 0M 0S,5605,5
427.76855654071295,7346.232437631679,2022-03-24T02:53:00Z,1H 0M 0S,5605,5
427.9521019211644,7346.324481609804,2022-03-24T03:53:00Z,1H 0M 0S,5605,5
428.41570348440945,7346.244841591747,2022-03-24T04:53:00Z,1H 0M 0S,5605,5
428.8882408150069,7346.673467754738,2022-03-24T05:53:00Z,1H 0M 0S,5605,5
429.5403394457391,7346.946352193841,2022-03-24T06:53:00Z,1H 0M 0S,5605,5
431.4306919081362,7345.980981522868,2022-03-24T07:53:00Z,1H 0M 0S,5605,5
431.4332797039198,7345.9772067593785,2022-03-24T08:53:00Z,1H 0M 0S,5605,5
431.5482737347632,7345.893416561845,2022-03-24T09:53:00Z,1H 0M 0S,5605,5
431.5537451348068,7345.670978421091,2022-03-24T10:53:00Z,1H 0M 0S,5605,5
431.6919505618451,7345.607821592326,2022-03-24T11:53:00Z,1H 0M 0S,5605,5
432.0899358225546,7345.736208155344,2022-03-24T12:53:00Z,1H 0M 0S,5605,5
432.33459363663167,7345.682031858552,2022-03-24T13:53:00Z,1H 0M 0S,5605,5
432.30793330003024,7346.076486377925,2022-03-24T14:53:00Z,1H 0M 0S,5605,5
432.16664549959853,7346.28912467315,2022-03-24T15:53:00Z,1H 0M 0S,5605,5
432.4276539666933,7346.782077223895,2022-03-24T16:53:00Z,1H 0M 0S,5605,5
432.08650494107746,7346.588574118004,2022-03-24T17:53:00Z,1H 0M 0S,5605,5
432.02136933052304,7346.518557634651,2022-03-24T18:53:00Z,1H 0M 0S,5605,5
432.28718170991857,7346.532609627537,2022-03-24T19:53:00Z,1H 0M 0S,5605,5
432.2957923720749,7346.432648665391,2022-03-24T20:53:00Z,1H 0M 0S,5605,5
433.41335504567013,7345.03401916674,2022-03-24T21:53:00Z,1H 0M 0S,5605,5
433.54383351994284,7345.3259657962835,2022-03-24T22:53:00Z,1H 0M 0S,5605,5
433.5428964265564,7345.336306463675,2022-03-24T23:53:00Z,1H 0M 0S,5605,5
433.4603900985564,7345.8652867127275,2022-03-25T00:53:00Z,1H 0M 0S,5605,5
433.5733334326201,7345.749444302379,2022-03-25T01:53:00Z,1H 0M 0S,5605,5
433.6445322954644,7344.301309657028,2022-03-25T02:53:00Z,1H 0M 0S,5605,5
433.5945056172553,7344.232763508383,2022-03-25T03:53:00Z,1H 0M 0S,5605,5
433.5239387179799,7344.200585507314,2022-03-25T04:53:00Z,1H 0M 0S,5605,5
433.13624846360125,7344.310175866062,2022-03-25T05:53:00Z,1H 0M 0S,5605,5
432.77420022979146,7343.732599630683,2022-03-25T06:53:00Z,1H 0M 0S,5605,5
432.44629763704944,7344.064756841846,2022-03-25T07:53:00Z,1H 0M 0S,5605,5
432.16334963511895,7344.41934434707,2022-03-25T08:53:00Z,1H 0M 0S,5605,5
432.01789091163744,7344.456647972993,2022-03-25T09:53:00Z,1H 0M 0S,5605,5
431.9120040326075,7344.453870558963,2022-03-25T10:53:00Z,1H 0M 0S,5605,5
431.9628441816612,7344.588561965934,2022-03-25T11:53:00Z,1H 0M 0S,5605,5
431.9653622879701,7344.590464239193,2022-03-25T12:53:00Z,1H 0M 0S,5605,5
431.96845019841936,7344.587482690334,2022-03-25T13:53:00Z,1H 0M 0S,5605,5
432.9575763343487,7344.81579390131,2022-03-25T14:53:00Z,1H 0M 0S,5605,5
415.16814346144366,7358.912075940491,2022-03-17T06:53:00Z,1H 0M 0S,5605,6
416.4960430023693,7358.8888527410145,2022-03-17T07:53:00Z,1H 0M 0S,5605,6
416.63369251283507,7358.637969366505,2022-03-17T08:53:00Z,1H 0M 0S,5605,6
417.38966911930163,7358.2728584289125,2022-03-17T09:53:00Z,1H 0M 0S,5605,6
417.92251371199615,7358.183380661814,2022-03-17T10:53:00Z,1H 0M 0S,5605,6
417.80862977203054,7357.848201331446,2022-03-17T11:53:00Z,1H 0M 0S,5605,6
417.8856006516664,7357.409681084752,2022-03-17T12:53:00Z,1H 0M 0S,5605,6
417.28166133049484,7357.511332109795,2022-03-17T13:53:00Z,1H 0M 0S,5605,6
417.3890477615969,7357.078101695739,2022-03-17T14:53:00Z,1H 0M 0S,5605,6
417.46468564297754,7356.414276438339,2022-03-17T15:53:00Z,1H 0M 0S,5605,6
417.27364073504134,7356.054171978833,2022-03-17T16:53:00Z,1H 0M 0S,5605,6
417.11053551865353,7356.025534381728,2022-03-17T17:53:00Z,1H 0M 0S,5605,6
417.047512164197,7355.418202373789,2022-03-17T18:53:00Z,1H 0M 0S,5605,6
417.0352960297219,7355.009998293538,2022-03-17T19:53:00Z,1H 0M 0S,5605,6
417.0305198798486,7354.965484017196,2022-03-17T20:53:00Z,1H 0M 0S,5605,6
416.02280037710796,7354.889541939741,2022-03-17T21:53:00Z,1H 0M 0S,5605,6
416.24078723007835,7354.450201884443,2022-03-17T22:53:00Z,1H 0M 0S,5605,6
415.84053090163894,7354.067817361251,2022-03-17T23:53:00Z,1H 0M 0S,5605,6
415.7281895983875,7353.996927709222,2022-03-18T00:53:00Z,1H 0M 0S,5605,6
415.37753936837606,7354.371162618825,2022-03-18T01:53:00Z,1H 0M 0S,5605,6
414.7829909356363,7354.18953879827,2022-03-18T02:53:00Z,1H 0M 0S,5605,6
414.5420893184994,7354.317576697478,2022-03-18T03:53:00Z,1H 0M 0S,5605,6
414.02211969624483,7355.097420702591,2022-03-18T04:53:00Z,1H 0M 0S,5605,6
413.27577666651393,7355.548272686583,2022-03-18T05:53:00Z,1H 0M 0S,5605,6
413.2067193281342,7355.759471031001,2022-03-18T06:53:00Z,1H 0M 0S,5605,6
412.9258796979236,7356.064691051263,2022-03-18T07:53:00Z,1H 0M 0S,5605,6
412.767992035246,7356.306280211697,2022-03-18T08:53:00Z,1H 0M 0S,5605,6
412.3434505776487,7357.0067280265475,2022-03-18T09:53:00Z,1H 0M 0S,5605,6
411.3280550695893,7357.399432847251,2022-03-18T10:53:00Z,1H 0M 0S,5605,6
409.7173445955387,7357.990217080565,2022-03-18T11:53:00Z,1H 0M 0S,5605,6
409.1720632303612,7357.713167985401,2022-03-18T12:53:00Z,1H 0M 0S,5605,6
408.8288133421332,7357.193860217481,2022-03-18T13:53:00Z,1H 0M 0S,5605,6
409.28200127674376,7356.93127925687,2022-03-18T14:53:00Z,1H 0M 0S,5605,6
409.41692569002294,7357.513320477762,2022-03-18T15:53:00Z,1H 0M 0S,5605,6
409.66799529394,7358.462047449117,2022-03-18T16:53:00Z,1H 0M 0S,5605,6
409.6279934204964,7358.719020923845,2022-03-18T17:53:00Z,1H 0M 0S,5605,6
409.40474665304833,7358.906420757717,2022-03-18T18:53:00Z,1H 0M 0S,5605,6
409.60513787691,7359.17857765471,2022-03-18T19:53:00Z,1H 0M 0S,5605,6
410.6889740838024,7360.02397406905,2022-03-18T20:53:00Z,1H 0M 0S,5605,6
410.68443673187534,7360.078159669006,2022-03-18T21:53:00Z,1H 0M 0S,5605,6
410.5623914023465,7360.165901515669,2022-03-18T22:53:00Z,1H 0M 0S,5605,6
409.9879321209339,7360.959992704787,2022-03-18T23:53:00Z,1H 0M 0S,5605,6
408.9029400416871,7360.507846666277,2022-03-19T00:53:00Z,1H 0M 0S,5605,6
408.9502694449364,7360.332588564476,2022-03-19T01:53:00Z,1H 0M 0S,5605,6
408.6379911413325,7359.852203033217,2022-03-19T02:53:00Z,1H 0M 0S,5605,6
408.99938427586375,7359.854879519186,2022-03-19T03:53:00Z,1H 0M 0S,5605,6
408.84193134846004,7359.912860768694,2022-03-19T04:53:00Z,1H 0M 0S,5605,6
408.0104092657665,7360.5814404956045,2022-03-19T05:53:00Z,1H 0M 0S,5605,6
407.83706004529284,7360.674172061859,2022-03-19T06:53:00Z,1H 0M 0S,5605,6
407.76800031669507,7360.6722387753325,2022-03-19T07:53:00Z,1H 0M 0S,5605,6
407.7244464410856,7360.647571264236,2022-03-19T08:53:00Z,1H 0M 0S,5605,6
406.9388467947378,7359.729183444056,2022-03-19T09:53:00Z,1H 0M 0S,5605,6
406.74846665202176,7359.20127297932,2022-03-19T10:53:00Z,1H 0M 0S,5605,6
406.1978487502899,7358.172606371428,2022-03-19T11:53:00Z,1H 0M 0S,5605,6
405.9791884083454,7357.979527238395,2022-03-19T12:53:00Z,1H 0M 0S,5605,6
405.89253925197994,7357.927368875001,2022-03-19T13:53:00Z,1H 0M 0S,5605,6
405.8635594817276,7357.827703859818,2022-03-19T14:53:00Z,1H 0M 0S,5605,6
405.61678745090956,7357.377564557407,2022-03-19T15:53:00Z,1H 0M 0S,5605,6
405.60704831572235,7356.676542327392,2022-03-19T16:53:00Z,1H 0M 0S,5605,6
404.58396260347496,7355.6958161203465,2022-03-19T17:53:00Z,1H 0M 0S,5605,6
404.3335464103764,7355.339914162973,2022-03-19T18:53:00Z,1H 0M 0S,5605,6
404.2539962534058,7355.323770756945,2022-03-19T19:53:00Z,1H 0M 0S,5605,6
404.16964646571046,7355.380142128107,2022-03-19T20:53:00Z,1H 0M 0S,5605,6
403.53004864856524,7355.999870876659,2022-03-19T21:53:00Z,1H 0M 0S,5605,6
403.5345136699802,7355.987055478967,2022-03-19T22:53:00Z,1H 0M 0S,5605,6
403.24768099149924,7355.439759903716,2022-03-19T23:53:00Z,1H 0M 0S,5605,6
403.15305209658925,7355.423250114307,2022-03-20T00:53:00Z,1H 0M 0S,5605,6
403.1013126374546,7355.55393374944,2022-03-20T01:53:00Z,1H 0M 0S,5605,6
403.29006015926353,7355.477988209221,2022-03-20T02:53:00Z,1H 0M 0S,5605,6
403.490488787999,7355.113389468908,2022-03-20T03:53:00Z,1H 0M 0S,5605,6
403.53478475573604,7355.141277810004,2022-03-20T04:53:00Z,1H 0M 0S,5605,6
404.1249945820523,7355.2603384554,2022-03-20T05:53:00Z,1H 0M 0S,5605,6
404.59602354717134,7354.827846619892,2022-03-20T06:53:00Z,1H 0M 0S,5605,6
404.38422570134776,7354.654237938526,2022-03-20T07:53:00Z,1H 0M 0S,5605,6
404.5193559559033,7354.292278922597,2022-03-20T08:53:00Z,1H 0M 0S,5605,6
404.7144235671463,7353.84620719813,2022-03-20T09:53:00Z,1H 0M 0S,5605,6
404.6875727116146,7353.515712136409,2022-03-20T10:53:00Z,1H 0M 0S,5605,6
404.7186696259702,7353.508149314336,2022-03-20T11:53:00Z,1H 0M 0S,5605,6
405.6065268284642,7353.8341034573905,2022-03-20T12:53:00Z,1H 0M 0S,5605,6
405.692261355335,7353.858379977406,2022-03-20T13:53:00Z,1H 0M 0S,5605,6
405.99311667100744,7353.944258402449,2022-03-20T14:53:00Z,1H 0M 0S,5605,6
406.05052491115526,7353.75507720569,2022-03-20T15:53:00Z,1H 0M 0S,5605,6
406.1327359523046,7353.611499196181,2022-03-20T16:53:00Z,1H 0M 0S,5605,6
407.0571157568662,7353.445404985534,2022-03-20T17:53:00Z,1H 0M 0S,5605,6
407.09883515847054,7353.509646237676,2022-03-20T18:53:00Z,1H 0M 0S,5605,6
407.0888376667804,7353.520693891188,2022-03-20T19:53:00Z,1H 0M 0S,5605,6
406.97340508674506,7353.4278151453655,2022-03-20T20:53:00Z,1H 0M 0S,5605,6
406.55576663200503,7353.340474524665,2022-03-20T21:53:00Z,1H 0M 0S,5605,6
406.3631388527622,7353.747957972793,2022-03-20T22:53:00Z,1H 0M 0S,5605,6
406.1715334187497,7354.003155323017,2022-03-20T23:53:00Z,1H 0M 0S,5605,6
406.4648551001754,7355.196434826028,2022-03-21T00:53:00Z,1H 0M 0S,5605,6
406.0346579720577,7357.863565134306,2022-03-21T01:53:00Z,1H 0M 0S,5605,6
406.01255611487926,7358.636286357802,2022-03-21T02:53:00Z,1H 0M 0S,5605,6
406.13982854203755,7358.799187099426,2022-03-21T03:53:00Z,1H 0M 0S,5605,6
406.3299108927596,7358.907174994014,2022-03-21T04:53:00Z,1H 0M 0S,5605,6
407.48258375802146,7358.4220253424355,2022-03-21T05:53:00Z,1H 0M 0S,5605,6
408.13491121792634,7358.355868156515,2022-03-21T06:53:00Z,1H 0M 0S,5605,6
408.7775343781454,7358.54284666508,2022-03-21T07:53:00Z,1H 0M 0S,5605,6
409.4445648729351,7357.877109552874,2022-03-21T08:53:00Z,1H 0M 0S,5605,6
409.4386999914544,7357.8460417707465,2022-03-21T09:53:00Z,1H 0M 0S,5605,6
409.2997380476351,7357.8019565216555,2022-03-21T10:53:00Z,1H 0M 0S,5605,6
407.9762917893682,7357.119705800995,2022-03-21T11:53:00Z,1H 0M 0S,5605,6
407.9726140193708,7357.119600096513,2022-03-21T12:53:00Z,1H 0M 0S,5605,6
406.7550099708825,7357.405415437858,2022-03-21T13:53:00Z,1H 0M 0S,5605,6
406.06891320373035,7356.445877871811,2022-03-21T14:53:00Z,1H 0M 0S,5605,6
405.8857827304148,7356.112914624416,2022-03-21T15:53:00Z,1H 0M 0S,5605,6
406.14495100078346,7355.426037769956,2022-03-21T16:53:00Z,1H 0M 0S,5605,6
406.0557452614065,7355.208205158256,2022-03-21T17:53:00Z,1H 0M 0S,5605,6
406.03322729026223,7355.047705581567,2022-03-21T18:53:00Z,1H 0M 0S,5605,6
406.1484136270268,7354.965578258961,2022-03-21T19:53:00Z,1H 0M 0S,5605,6
406.4433075136541,7354.874419420301,2022-03-21T20:53:00Z,1H 0M 0S,5605,6
406.53249283368365,7354.856512886068,2022-03-21T21:53:00Z,1H 0M 0S,5605,6
407.0266620001726,7354.909214179626,2022-03-21T22:53:00Z,1H 0M 0S,5605,6
407.0292450322256,7354.908269200561,2022-03-21T23:53:00Z,1H 0M 0S,5605,6
406.9743946058702,7354.986669077996,2022-03-22T00:53:00Z,1H 0M 0S,5605,6
405.7592330814227,7355.17274823125,2022-03-22T01:53:00Z,1H 0M 0S,5605,6
405.65644273038566,7355.181945319932,2022-03-22T02:53:00Z,1H 0M 0S,5605,6
404.0941618883607,7355.924024908458,2022-03-22T03:53:00Z,1H 0M 0S,5605,6
403.55571511453053,7355.865354932854,2022-03-22T04:53:00Z,1H 0M 0S,5605,6
403.50216132124746,7355.556964250024,2022-03-22T05:53:00Z,1H 0M 0S,5605,6
403.9747113000732,7354.727966666366,2022-03-22T06:53:00Z,1H 0M 0S,5605,6
404.01046127073664,7354.68732086337,2022-03-22T07:53:00Z,1H 0M 0S,5605,6
404.2137652654628,7354.558235206688,2022-03-22T08:53:00Z,1H 0M 0S,5605,6
404.2146115322052,7354.554902008334,2022-03-22T09:53:00Z,1H 0M 0S,5605,6
404.336748672053,7354.484493803009,2022-03-22T10:53:00Z,1H 0M 0S,5605,6
406.6771265623897,7354.939990023652,2022-03-22T11:53:00Z,1H 0M 0S,5605,6
406.9706238733621,7355.158989948427,2022-03-22T12:53:00Z,1H 0M 0S,5605,6
406.97364528624456,7355.220309011281,2022-03-22T13:53:00Z,1H 0M 0S,5605,6
405.79312751055795,7355.518910991767,2022-03-22T14:53:00Z,1H 0M 0S,5605,6
405.60217241458855,7355.835772124078,2022-03-22T15:53:00Z,1H 0M 0S,5605,6
405.60816489788465,7355.946470473712,2022-03-22T16:53:00Z,1H 0M 0S,5605,6
405.3662393870672,7356.092410766361,2022-03-22T17:53:00Z,1H 0M 0S,5605,6
405.0276435885689,7356.322330030759,2022-03-22T18:53:00Z,1H 0M 0S,5605,6
404.2971880412911,7356.192863242537,2022-03-22T19:53:00Z,1H 0M 0S,5605,6
404.31574523536233,7356.169550980182,2022-03-22T20:53:00Z,1H 0M 0S,5605,6
405.11525720271214,7356.138337840363,2022-03-22T21:53:00Z,1H 0M 0S,5605,6
405.3990230886532,7356.277076634549,2022-03-22T22:53:00Z,1H 0M 0S,5605,6
405.41694288756526,7355.801586419295,2022-03-22T23:53:00Z,1H 0M 0S,5605,6
405.40645542277485,7355.789676229672,2022-03-23T00:53:00Z,1H 0M 0S,5605,6
404.82958749720257,7355.617197542732,2022-03-23T01:53:00Z,1H 0M 0S,5605,6
404.71021137544136,7355.710009987569,2022-03-23T02:53:00Z,1H 0M 0S,5605,6
404.22591430698657,7355.605582005656,2022-03-23T03:53:00Z,1H 0M 0S,5605,6
403.95876742933274,7355.73504198917,2022-03-23T04:53:00Z,1H 0M 0S,5605,6
404.4582211570365,7355.355408147627,2022-03-23T05:53:00Z,1H 0M 0S,5605,6
404.81359220944597,7355.144066763241,2022-03-23T06:53:00Z,1H 0M 0S,5605,6
405.1343209851328,7354.841361369524,2022-03-23T07:53:00Z,1H 0M 0S,5605,6
405.3654762531158,7354.848904972792,2022-03-23T08:53:00Z,1H 0M 0S,5605,6
406.2799860194901,7355.432414650142,2022-03-23T09:53:00Z,1H 0M 0S,5605,6
406.2969554219761,7355.243257819563,2022-03-23T10:53:00Z,1H 0M 0S,5605,6
406.6462469225965,7354.866278327964,2022-03-23T11:53:00Z,1H 0M 0S,5605,6
406.7513913175584,7354.546752850862,2022-03-23T12:53:00Z,1H 0M 0S,5605,6
406.768567804582,7354.527957379542,2022-03-23T13:53:00Z,1H 0M 0S,5605,6
407.30394220584554,7354.367301669844,2022-03-23T14:53:00Z,1H 0M 0S,5605,6
409.21145817100364,7354.1490574655345,2022-03-23T15:53:00Z,1H 0M 0S,5605,6
410.25456995757315,7353.727707780964,2022-03-23T16:53:00Z,1H 0M 0S,5605,6
411.1549421623138,7353.666702019347,2022-03-23T17:53:00Z,1H 0M 0S,5605,6
411.48892443397455,7353.510847778297,2022-03-23T18:53:00Z,1H 0M 0S,5605,6
411.656863241111,7353.655557778437,2022-03-23T19:53:00Z,1H 0M 0S,5605,6
411.5223073302068,7354.000854367443,2022-03-23T20:53:00Z,1H 0M 0S,5605,6
411.5066480722372,7354.035983538363,2022-03-23T21:53:00Z,1H 0M 0S,5605,6
411.5065257658934,7354.036475971561,2022-03-23T22:53:00Z,1H 0M 0S,5605,6
411.18917040766036,7354.4493055475905,2022-03-23T23:53:00Z,1H 0M 0S,5605,6
410.6819765968044,7354.6901706053795,2022-03-24T00:53:00Z,1H 0M 0S,5605,6
409.385986167135,7354.4746095348255,2022-03-24T01:53:00Z,1H 0M 0S,5605,6
409.1033166216207,7354.108142531189,2022-03-24T02:53:00Z,1H 0M 0S,5605,6
405.9680096826085,7353.79033331601,2022-03-24T03:53:00Z,1H 0M 0S,5605,6
405.77219519495173,7353.4072330486515,2022-03-24T04:53:00Z,1H 0M 0S,5605,6
405.5859955898047,7353.262968012126,2022-03-24T05:53:00Z,1H 0M 0S,5605,6
405.2751413165979,7353.31153092298,2022-03-24T06:53:00Z,1H 0M 0S,5605,6
404.98034261207016,7353.4005117288625,2022-03-24T07:53:00Z,1H 0M 0S,5605,6
404.56476715598893,7353.202749856064,2022-03-24T08:53:00Z,1H 0M 0S,5605,6
404.35185583429075,7352.831792874681,2022-03-24T09:53:00Z,1H 0M 0S,5605,6
403.98037111831115,7350.870216859138,2022-03-24T10:53:00Z,1H 0M 0S,5605,6
404.10202468819733,7350.683749645444,2022-03-24T11:53:00Z,1H 0M 0S,5605,6
404.2050273530624,7349.688068521873,2022-03-24T12:53:00Z,1H 0M 0S,5605,6
404.34149216551447,7349.485811035417,2022-03-24T13:53:00Z,1H 0M 0S,5605,6
404.33893861312436,7349.305690296973,2022-03-24T14:53:00Z,1H 0M 0S,5605,6
404.1938742594894,7348.846925649272,2022-03-24T15:53:00Z,1H 0M 0S,5605,6
404.3947840193034,7348.822576150028,2022-03-24T16:53:00Z,1H 0M 0S,5605,6
404.8181481259076,7348.994882145227,2022-03-24T17:53:00Z,1H 0M 0S,5605,6
404.8040440362726,7349.222552958058,2022-03-24T18:53:00Z,1H 0M 0S,5605,6
404.8528522170107,7349.468302988656,2022-03-24T19:53:00Z,1H 0M 0S,5605,6
402.7224516458327,7353.006338554186,2022-03-24T20:53:00Z,1H 0M 0S,5605,6
402.71828450935885,7353.012213133609,2022-03-24T21:53:00Z,1H 0M 0S,5605,6
402.6937538569327,7353.0885210764545,2022-03-24T22:53:00Z,1H 0M 0S,5605,6
402.70414707861454,7353.160919974915,2022-03-24T23:53:00Z,1H 0M 0S,5605,6
402.7892557853825,7353.493772698083,2022-03-25T00:53:00Z,1H 0M 0S,5605,6
402.9757825040702,7353.771307341347,2022-03-25T01:53:00Z,1H 0M 0S,5605,6
402.9395253917218,7353.795489068247,2022-03-25T02:53:00Z,1H 0M 0S,5605,6
403.04994428333646,7354.089327802913,2022-03-25T03:53:00Z,1H 0M 0S,5605,6
403.06077280970686,7354.120073796467,2022-03-25T04:53:00Z,1H 0M 0S,5605,6
403.27288477635864,7354.250711311305,2022-03-25T05:53:00Z,1H 0M 0S,5605,6
401.73347855040106,7353.4073483763605,2022-03-25T06:53:00Z,1H 0M 0S,5605,6
401.7411765994906,7353.382599202967,2022-03-25T07:53:00Z,1H 0M 0S,5605,6
401.7350219422924,7353.287491184571,2022-03-25T08:53:00Z,1H 0M 0S,5605,6
401.41636813122614,7352.297315362582,2022-03-25T09:53:00Z,1H 0M 0S,5605,6
401.18839777842624,7351.797427902595,2022-03-25T10:53:00Z,1H 0M 0S,5605,6
401.50132908019253,7350.74275311875,2022-03-25T11:53:00Z,1H 0M 0S,5605,6
401.51003863876724,7350.738585002513,2022-03-25T12:53:00Z,1H 0M 0S,5605,6
401.56883861544173,7350.606124192013,2022-03-25T13:53:00Z,1H 0M 0S,5605,6
401.83497107641426,7350.210579667396,2022-03-25T14:53:00Z,1H 0M 0S,5605,6
415.16814346144366,7358.912075940491,2022-03-17T06:53:00Z,1H 0M 0S,5605,7
415.7211237523016,7358.858355264251,2022-03-17T07:53:00Z,1H 0M 0S,5605,7
415.8292209903565,7358.737624620753,2022-03-17T08:53:00Z,1H 0M 0S,5605,7
416.236346263843,7358.296835003746,2022-03-17T09:53:00Z,1H 0M 0S,5605,7
416.4413686971312,7358.352924928874,2022-03-17T10:53:00Z,1H 0M 0S,5605,7
416.4480590071417,7358.377084087802,2022-03-17T11:53:00Z,1H 0M 0S,5605,7
416.4595251692017,7358.400279480802,2022-03-17T12:53:00Z,1H 0M 0S,5605,7
416.6988371484139,7358.470939752059,2022-03-17T13:53:00Z,1H 0M 0S,5605,7
417.20044002499816,7359.060169108456,2022-03-17T14:53:00Z,1H 0M 0S,5605,7
416.02997818202965,7360.716953843458,2022-03-17T15:53:00Z,1H 0M 0S,5605,7
415.75176073003405,7360.922072549017,2022-03-17T16:53:00Z,1H 0M 0S,5605,7
414.70125355307266,7361.313657591163,2022-03-17T17:53:00Z,1H 0M 0S,5605,7
414.6791680648377,7361.287870011104,2022-03-17T18:53:00Z,1H 0M 0S,5605,7
414.50519086163956,7360.381230350076,2022-03-17T19:53:00Z,1H 0M 0S,5605,7
414.6407382935154,7360.166900183892,2022-03-17T20:53:00Z,1H 0M 0S,5605,7
414.4783088558772,7360.136938261425,2022-03-17T21:53:00Z,1H 0M 0S,5605,7
413.8811111950065,7360.888955873679,2022-03-17T22:53:00Z,1H 0M 0S,5605,7
413.297920950266,7361.371219643117,2022-03-17T23:53:00Z,1H 0M 0S,5605,7
412.8938570621997,7362.6235858537,2022-03-18T00:53:00Z,1H 0M 0S,5605,7
412.87106824962495,7362.643829121382,2022-03-18T01:53:00Z,1H 0M 0S,5605,7
412.6633072817526,7362.72117839187,2022-03-18T02:53:00Z,1H 0M 0S,5605,7
411.81317025346243,7362.707201652492,2022-03-18T03:53:00Z,1H 0M 0S,5605,7
407.9885709084218,7362.711734600724,2022-03-18T04:53:00Z,1H 0M 0S,5605,7
407.8772867629165,7364.503675849472,2022-03-18T05:53:00Z,1H 0M 0S,5605,7
408.0925355181516,7364.99974345841,2022-03-18T06:53:00Z,1H 0M 0S,5605,7
407.16161069385925,7365.735782985816,2022-03-18T07:53:00Z,1H 0M 0S,5605,7
406.4568492886112,7366.391713395087,2022-03-18T08:53:00Z,1H 0M 0S,5605,7
405.8696569157211,7368.374308959045,2022-03-18T09:53:00Z,1H 0M 0S,5605,7
406.7883399490034,7370.749054634562,2022-03-18T10:53:00Z,1H 0M 0S,5605,7
406.7165763543326,7371.086140846394,2022-03-18T11:53:00Z,1H 0M 0S,5605,7
409.47438241194175,7372.091499113556,2022-03-18T12:53:00Z,1H 0M 0S,5605,7
409.5411275938877,7371.890516950859,2022-03-18T13:53:00Z,1H 0M 0S,5605,7
405.6779398014007,7369.1257949487535,2022-03-18T14:53:00Z,1H 0M 0S,5605,7
405.19796026027547,7369.082994431768,2022-03-18T15:53:00Z,1H 0M 0S,5605,7
404.19271977421755,7368.791409254316,2022-03-18T16:53:00Z,1H 0M 0S,5605,7
402.37168467393394,7369.301915188408,2022-03-18T17:53:00Z,1H 0M 0S,5605,7
402.2871887847977,7369.317081002426,2022-03-18T18:53:00Z,1H 0M 0S,5605,7
402.17848713185094,7369.436203097383,2022-03-18T19:53:00Z,1H 0M 0S,5605,7
401.7570355688326,7369.812322058567,2022-03-18T20:53:00Z,1H 0M 0S,5605,7
400.59606959460086,7369.66465088974,2022-03-18T21:53:00Z,1H 0M 0S,5605,7
400.16427065525687,7369.96206175298,2022-03-18T22:53:00Z,1H 0M 0S,5605,7
400.10447700726775,7370.058270399221,2022-03-18T23:53:00Z,1H 0M 0S,5605,7
398.5845187049427,7370.22574584887,2022-03-19T00:53:00Z,1H 0M 0S,5605,7
398.52712525994724,7370.2493307938985,2022-03-19T01:53:00Z,1H 0M 0S,5605,7
398.532836746821,7370.1258453067585,2022-03-19T02:53:00Z,1H 0M 0S,5605,7
399.3991020673294,7368.774582185205,2022-03-19T03:53:00Z,1H 0M 0S,5605,7
400.39373646841824,7369.107813474424,2022-03-19T04:53:00Z,1H 0M 0S,5605,7
400.60103999760145,7368.440973898057,2022-03-19T05:53:00Z,1H 0M 0S,5605,7
400.6139835363263,7368.403629861473,2022-03-19T06:53:00Z,1H 0M 0S,5605,7
401.0922416213287,7368.14290232598,2022-03-19T07:53:00Z,1H 0M 0S,5605,7
401.1454211187656,7367.993032193024,2022-03-19T08:53:00Z,1H 0M 0S,5605,7
400.876042358484,7367.486141401639,2022-03-19T09:53:00Z,1H 0M 0S,5605,7
399.75773002477183,7367.700756024957,2022-03-19T10:53:00Z,1H 0M 0S,5605,7
399.76497347927926,7367.71049301434,2022-03-19T11:53:00Z,1H 0M 0S,5605,7
399.74652987165337,7367.8358476673175,2022-03-19T12:53:00Z,1H 0M 0S,5605,7
401.2723327416401,7369.9900950261535,2022-03-19T13:53:00Z,1H 0M 0S,5605,7
401.38957738233495,7370.855803768971,2022-03-19T14:53:00Z,1H 0M 0S,5605,7
401.5939626024941,7370.793396844161,2022-03-19T15:53:00Z,1H 0M 0S,5605,7
401.3237032903753,7370.6166245246895,2022-03-19T16:53:00Z,1H 0M 0S,5605,7
400.2524970529381,7370.489602994887,2022-03-19T17:53:00Z,1H 0M 0S,5605,7
399.4777289760576,7370.34911590216,2022-03-19T18:53:00Z,1H 0M 0S,5605,7
399.2142303695845,7370.615707967692,2022-03-19T19:53:00Z,1H 0M 0S,5605,7
399.2791909503779,7370.883532150277,2022-03-19T20:53:00Z,1H 0M 0S,5605,7
399.5090214634881,7372.074102835825,2022-03-19T21:53:00Z,1H 0M 0S,5605,7
399.514637157608,7372.094594068107,2022-03-19T22:53:00Z,1H 0M 0S,5605,7
399.3643636213925,7372.782685675655,2022-03-19T23:53:00Z,1H 0M 0S,5605,7
399.13780659676314,7373.005000297607,2022-03-20T00:53:00Z,1H 0M 0S,5605,7
399.0384248297108,7372.989130260888,2022-03-20T01:53:00Z,1H 0M 0S,5605,7
398.3399798285827,7372.880910065255,2022-03-20T02:53:00Z,1H 0M 0S,5605,7
398.30113254811096,7372.8446018566665,2022-03-20T03:53:00Z,1H 0M 0S,5605,7
397.8912144590527,7372.889567643062,2022-03-20T04:53:00Z,1H 0M 0S,5605,7
397.21468591229655,7374.149088316137,2022-03-20T05:53:00Z,1H 0M 0S,5605,7
397.26244012170645,7374.331667280197,2022-03-20T06:53:00Z,1H 0M 0S,5605,7
397.55127531196666,7374.909425982137,2022-03-20T07:53:00Z,1H 0M 0S,5605,7
397.9380770003602,7374.86278368032,2022-03-20T08:53:00Z,1H 0M 0S,5605,7
398.23267716330275,7374.919026721612,2022-03-20T09:53:00Z,1H 0M 0S,5605,7
398.49797813322755,7375.154682026035,2022-03-20T10:53:00Z,1H 0M 0S,5605,7
398.740531461148,7374.95444513473,2022-03-20T11:53:00Z,1H 0M 0S,5605,7
399.2425341443027,7374.385770105118,2022-03-20T12:53:00Z,1H 0M 0S,5605,7
399.4702383760063,7374.355145011758,2022-03-20T13:53:00Z,1H 0M 0S,5605,7
399.56076535171786,7374.3960945896915,2022-03-20T14:53:00Z,1H 0M 0S,5605,7
399.7222315446964,7374.365586762628,2022-03-20T15:53:00Z,1H 0M 0S,5605,7
399.7429931566634,7374.400218901524,2022-03-20T16:53:00Z,1H 0M 0S,5605,7
399.4439475008459,7374.732763222029,2022-03-20T17:53:00Z,1H 0M 0S,5605,7
398.0269510504507,7373.893990306932,2022-03-20T18:53:00Z,1H 0M 0S,5605,7
398.04536285046527,7373.772967222913,2022-03-20T19:53:00Z,1H 0M 0S,5605,7
398.01716502995106,7373.730301461959,2022-03-20T20:53:00Z,1H 0M 0S,5605,7
397.99201135213804,7373.690240940061,2022-03-20T21:53:00Z,1H 0M 0S,5605,7
398.00761052434945,7373.753548993346,2022-03-20T22:53:00Z,1H 0M 0S,5605,7
398.0400853184778,7373.878357376054,2022-03-20T23:53:00Z,1H 0M 0S,5605,7
398.6821966286271,7373.798219047412,2022-03-21T00:53:00Z,1H 0M 0S,5605,7
398.7497195077621,7373.839633443737,2022-03-21T01:53:00Z,1H 0M 0S,5605,7
398.75697711591744,7373.865024911853,2022-03-21T02:53:00Z,1H 0M 0S,5605,7
398.7350101410871,7373.867556080331,2022-03-21T03:53:00Z,1H 0M 0S,5605,7
398.59325464023914,7373.9959340657115,2022-03-21T04:53:00Z,1H 0M 0S,5605,7
398.5228506386301,7374.000930354553,2022-03-21T05:53:00Z,1H 0M 0S,5605,7
398.41628900749595,7374.194009814082,2022-03-21T06:53:00Z,1H 0M 0S,5605,7
398.33160514535297,7374.237399231152,2022-03-21T07:53:00Z,1H 0M 0S,5605,7
397.8881224466053,7374.304113539618,2022-03-21T08:53:00Z,1H 0M 0S,5605,7
396.52307178676114,7375.5729915479715,2022-03-21T09:53:00Z,1H 0M 0S,5605,7
397.1067326510082,7374.206033382729,2022-03-21T10:53:00Z,1H 0M 0S,5605,7
397.4979004839899,7373.1373844494865,2022-03-21T11:53:00Z,1H 0M 0S,5605,7
397.42664573890056,7372.519888013029,2022-03-21T12:53:00Z,1H 0M 0S,5605,7
397.09813170576706,7372.235816804863,2022-03-21T13:53:00Z,1H 0M 0S,5605,7
397.0756072689435,7372.213350188649,2022-03-21T14:53:00Z,1H 0M 0S,5605,7
397.1436699217622,7372.155447126125,2022-03-21T15:53:00Z,1H 0M 0S,5605,7
397.738301162003,7371.568429014642,2022-03-21T16:53:00Z,1H 0M 0S,5605,7
397.7095294948155,7371.520655485309,2022-03-21T17:53:00Z,1H 0M 0S,5605,7
397.57734802184706,7371.443105213108,2022-03-21T18:53:00Z,1H 0M 0S,5605,7
397.5492161838032,7371.29949081168,2022-03-21T19:53:00Z,1H 0M 0S,5605,7
396.9823888799776,7369.882161958758,2022-03-21T20:53:00Z,1H 0M 0S,5605,7
397.132033602743,7368.75313638505,2022-03-21T21:53:00Z,1H 0M 0S,5605,7
396.76430107423505,7368.673553657627,2022-03-21T22:53:00Z,1H 0M 0S,5605,7
396.6286229613638,7368.564830628629,2022-03-21T23:53:00Z,1H 0M 0S,5605,7
396.5965917018722,7368.540843966098,2022-03-22T00:53:00Z,1H 0M 0S,5605,7
397.07906508413254,7368.190812488973,2022-03-22T01:53:00Z,1H 0M 0S,5605,7
397.10837422704964,7368.174824858508,2022-03-22T02:53:00Z,1H 0M 0S,5605,7
397.19459328898085,7368.159427563563,2022-03-22T03:53:00Z,1H 0M 0S,5605,7
397.55868551431195,7368.504641993046,2022-03-22T04:53:00Z,1H 0M 0S,5605,7
397.6107733828833,7368.605467724315,2022-03-22T05:53:00Z,1H 0M 0S,5605,7
397.9561194259889,7368.38465637364,2022-03-22T06:53:00Z,1H 0M 0S,5605,7
398.56471847285513,7368.839214017726,2022-03-22T07:53:00Z,1H 0M 0S,5605,7
398.6895426880191,7368.737045137078,2022-03-22T08:53:00Z,1H 0M 0S,5605,7
398.900495086785,7368.326666623374,2022-03-22T09:53:00Z,1H 0M 0S,5605,7
398.85941874673097,7368.027987477016,2022-03-22T10:53:00Z,1H 0M 0S,5605,7
398.37810573246816,7368.189211086567,2022-03-22T11:53:00Z,1H 0M 0S,5605,7
397.33966503287087,7368.644827921157,2022-03-22T12:53:00Z,1H 0M 0S,5605,7
396.93937687213844,7367.496517187102,2022-03-22T13:53:00Z,1H 0M 0S,5605,7
396.90288087602494,7367.416537518911,2022-03-22T14:53:00Z,1H 0M 0S,5605,7
396.928746994532,7367.374740037646,2022-03-22T15:53:00Z,1H 0M 0S,5605,7
396.93910049418014,7367.618864454864,2022-03-22T16:53:00Z,1H 0M 0S,5605,7
396.80423169166386,7367.539877227053,2022-03-22T17:53:00Z,1H 0M 0S,5605,7
395.769481913474,7365.976515690317,2022-03-22T18:53:00Z,1H 0M 0S,5605,7
394.3857985356327,7366.140056833846,2022-03-22T19:53:00Z,1H 0M 0S,5605,7
393.3943138268738,7366.156161164484,2022-03-22T20:53:00Z,1H 0M 0S,5605,7
392.58803880916804,7366.450491729692,2022-03-22T21:53:00Z,1H 0M 0S,5605,7
392.4719094402169,7366.431845279922,2022-03-22T22:53:00Z,1H 0M 0S,5605,7
391.9669287402207,7365.51103849361,2022-03-22T23:53:00Z,1H 0M 0S,5605,7
391.7817451786321,7365.549616091474,2022-03-23T00:53:00Z,1H 0M 0S,5605,7
391.7698544127225,7365.5502501854235,2022-03-23T01:53:00Z,1H 0M 0S,5605,7
391.729666495595,7364.810378007914,2022-03-23T02:53:00Z,1H 0M 0S,5605,7
392.01152637761277,7365.3603103910345,2022-03-23T03:53:00Z,1H 0M 0S,5605,7
392.3013244695261,7368.6558950489625,2022-03-23T04:53:00Z,1H 0M 0S,5605,7
392.9170721530032,7369.086497527267,2022-03-23T05:53:00Z,1H 0M 0S,5605,7
393.73609118011103,7369.519317765733,2022-03-23T06:53:00Z,1H 0M 0S,5605,7
393.80384592117963,7369.457798098584,2022-03-23T07:53:00Z,1H 0M 0S,5605,7
394.57799918075995,7368.112432890544,2022-03-23T08:53:00Z,1H 0M 0S,5605,7
394.2880892804778,7367.901464922386,2022-03-23T09:53:00Z,1H 0M 0S,5605,7
394.22098220201536,7367.310794030167,2022-03-23T10:53:00Z,1H 0M 0S,5605,7
394.23613382775534,7367.3014575075595,2022-03-23T11:53:00Z,1H 0M 0S,5605,7
394.3512213327077,7367.086115249876,2022-03-23T12:53:00Z,1H 0M 0S,5605,7
394.3435876490113,7367.080553054083,2022-03-23T13:53:00Z,1H 0M 0S,5605,7
394.296635513376,7367.116762580078,2022-03-23T14:53:00Z,1H 0M 0S,5605,7
394.0733059124173,7367.212082752905,2022-03-23T15:53:00Z,1H 0M 0S,5605,7
393.8571991176831,7367.259220529459,2022-03-23T16:53:00Z,1H 0M 0S,5605,7
393.49090356774593,7367.579163734332,2022-03-23T17:53:00Z,1H 0M 0S,5605,7
393.0815858094172,7367.504816553714,2022-03-23T18:53:00Z,1H 0M 0S,5605,7
393.0157100897967,7367.451964897278,2022-03-23T19:53:00Z,1H 0M 0S,5605,7
393.0780484748792,7367.298747990641,2022-03-23T20:53:00Z,1H 0M 0S,5605,7
392.3073444895335,7365.636875743168,2022-03-23T21:53:00Z,1H 0M 0S,5605,7
392.87801299519197,7365.652275160983,2022-03-23T22:53:00Z,1H 0M 0S,5605,7
393.0398830288892,7365.642362014131,2022-03-23T23:53:00Z,1H 0M 0S,5605,7
393.769627859368,7365.25965491854,2022-03-24T00:53:00Z,1H 0M 0S,5605,7
394.81606084158767,7365.900724499052,2022-03-24T01:53:00Z,1H 0M 0S,5605,7
394.884524908703,7365.99687648434,2022-03-24T02:53:00Z,1H 0M 0S,5605,7
395.52649026760383,7366.711867849488,2022-03-24T03:53:00Z,1H 0M 0S,5605,7
395.2101688238804,7366.4743689648585,2022-03-24T04:53:00Z,1H 0M 0S,5605,7
394.6791666830086,7366.374553701496,2022-03-24T05:53:00Z,1H 0M 0S,5605,7
394.6437514043841,7366.3568521916395,2022-03-24T06:53:00Z,1H 0M 0S,5605,7
394.6386971846337,7366.36198830352,2022-03-24T07:53:00Z,1H 0M 0S,5605,7
394.12561813675524,7366.610848234801,2022-03-24T08:53:00Z,1H 0M 0S,5605,7
394.02089766274713,7366.632438332536,2022-03-24T09:53:00Z,1H 0M 0S,5605,7
394.0030074753329,7366.632670886629,2022-03-24T10:53:00Z,1H 0M 0S,5605,7
393.6031476138875,7367.229200631389,2022-03-24T11:53:00Z,1H 0M 0S,5605,7
393.5744915216517,7367.208684249208,2022-03-24T12:53:00Z,1H 0M 0S,5605,7
392.9023213043707,7366.915139045822,2022-03-24T13:53:00Z,1H 0M 0S,5605,7
393.83327246908567,7366.84853747166,2022-03-24T14:53:00Z,1H 0M 0S,5605,7
394.17363182915966,7366.633512854561,2022-03-24T15:53:00Z,1H 0M 0S,5605,7
396.40316471320654,7365.772110499504,2022-03-24T16:53:00Z,1H 0M 0S,5605,7
397.20266034755116,7365.850192633508,2022-03-24T17:53:00Z,1H 0M 0S,5605,7
397.4542912495813,7365.540672930968,2022-03-24T18:53:00Z,1H 0M 0S,5605,7
397.57619722736564,7365.515285293872,2022-03-24T19:53:00Z,1H 0M 0S,5605,7
398.2338970781885,7365.26478156909,2022-03-24T20:53:00Z,1H 0M 0S,5605,7
398.4419699100088,7366.026300253273,2022-03-24T21:53:00Z,1H 0M 0S,5605,7
398.61293228389167,7366.085750773467,2022-03-24T22:53:00Z,1H 0M 0S,5605,7
399.3595231664032,7366.1039157776195,2022-03-24T23:53:00Z,1H 0M 0S,5605,7
399.4191245838873,7366.091157855336,2022-03-25T00:53:00Z,1H 0M 0S,5605,7
401.02625746119867,7365.688909105933,2022-03-25T01:53:00Z,1H 0M 0S,5605,7
401.1019317565994,7365.533047543247,2022-03-25T02:53:00Z,1H 0M 0S,5605,7
401.0912014122586,7365.525033261235,2022-03-25T03:53:00Z,1H 0M 0S,5605,7
401.0855682943698,7365.521577719393,2022-03-25T04:53:00Z,1H 0M 0S,5605,7
401.04298869681537,7365.528173012688,2022-03-25T05:53:00Z,1H 0M 0S,5605,7
401.28194606058406,7364.898493609384,2022-03-25T06:53:00Z,1H 0M 0S,5605,7
401.336470453243,7364.812224030395,2022-03-25T07:53:00Z,1H 0M 0S,5605,7
401.2631140613269,7364.593838998613,2022-03-25T08:53:00Z,1H 0M 0S,5605,7
401.26628641579407,7364.589105999664,2022-03-25T09:53:00Z,1H 0M 0S,5605,7
401.3877101027019,7364.159958253672,2022-03-25T10:53:00Z,1H 0M 0S,5605,7
401.0291822273629,7363.9767650966505,2022-03-25T11:53:00Z,1H 0M 0S,5605,7
400.6747214955252,7363.8953381134,2022-03-25T12:53:00Z,1H 0M 0S,5605,7
399.8599460879225,7363.252867525223,2022-03-25T13:53:00Z,1H 0M 0S,5605,7
399.78599424310227,7363.2002146060995,2022-03-25T14:53:00Z,1H 0M 0S,5605,7
415.16814346144366,7358.912075940491,2022-03-17T06:53:00Z,1H 0M 0S,5605,8
415.6179198017638,7358.636338050722,2022-03-17T07:53:00Z,1H 0M 0S,5605,8
416.053868284903,7358.724111994584,2022-03-17T08:53:00Z,1H 0M 0S,5605,8
416.53383398887144,7360.271287213739,2022-03-17T09:53:00Z,1H 0M 0S,5605,8
416.49843879711307,7360.327139682646,2022-03-17T10:53:00Z,1H 0M 0S,5605,8
416.5972959694684,7360.926808079959,2022-03-17T11:53:00Z,1H 0M 0S,5605,8
416.53060416351053,7361.041085882638,2022-03-17T12:53:00Z,1H 0M 0S,5605,8
416.5246989442241,7361.062628755043,2022-03-17T13:53:00Z,1H 0M 0S,5605,8
416.78454576333564,7361.51905385139,2022-03-17T14:53:00Z,1H 0M 0S,5605,8
415.7864016157621,7363.562079819023,2022-03-17T15:53:00Z,1H 0M 0S,5605,8
415.7063843387241,7363.737089325742,2022-03-17T16:53:00Z,1H 0M 0S,5605,8
415.45079115349387,7363.771757929814,2022-03-17T17:53:00Z,1H 0M 0S,5605,8
415.5587929600524,7363.73534514007,2022-03-17T18:53:00Z,1H 0M 0S,5605,8
416.2351813830957,7363.62400245603,2022-03-17T19:53:00Z,1H 0M 0S,5605,8
416.64110780200025,7363.625052166949,2022-03-17T20:53:00Z,1H 0M 0S,5605,8
417.0980721065048,7364.011359611551,2022-03-17T21:53:00Z,1H 0M 0S,5605,8
417.5930431705967,7364.134952589715,2022-03-17T22:53:00Z,1H 0M 0S,5605,8
417.55615473869796,7364.566268449572,2022-03-17T23:53:00Z,1H 0M 0S,5605,8
417.68491829668034,7365.44836187174,2022-03-18T00:53:00Z,1H 0M 0S,5605,8
415.4102365536861,7365.712007645819,2022-03-18T01:53:00Z,1H 0M 0S,5605,8
414.0401090036864,7365.273142687818,2022-03-18T02:53:00Z,1H 0M 0S,5605,8
411.3487949550817,7364.894036372662,2022-03-18T03:53:00Z,1H 0M 0S,5605,8
411.2120108666387,7364.091280741958,2022-03-18T04:53:00Z,1H 0M 0S,5605,8
411.2936675761053,7363.800620737561,2022-03-18T05:53:00Z,1H 0M 0S,5605,8
411.4637861734931,7363.542700959868,2022-03-18T06:53:00Z,1H 0M 0S,5605,8
411.4387459939839,7364.18230348107,2022-03-18T07:53:00Z,1H 0M 0S,5605,8
411.4399930900732,7364.188746857559,2022-03-18T08:53:00Z,1H 0M 0S,5605,8
412.8303974914841,7365.141380231633,2022-03-18T09:53:00Z,1H 0M 0S,5605,8
413.41246673160464,7365.7076778230385,2022-03-18T10:53:00Z,1H 0M 0S,5605,8
413.42851625599303,7365.755209488964,2022-03-18T11:53:00Z,1H 0M 0S,5605,8
413.42916763835655,7365.466570975359,2022-03-18T12:53:00Z,1H 0M 0S,5605,8
413.4113138397669,7365.2474368409585,2022-03-18T13:53:00Z,1H 0M 0S,5605,8
413.0752305672349,7364.739151514147,2022-03-18T14:53:00Z,1H 0M 0S,5605,8
412.02955020103917,7364.4381749882405,2022-03-18T15:53:00Z,1H 0M 0S,5605,8
411.70640103757864,7364.12038297648,2022-03-18T16:53:00Z,1H 0M 0S,5605,8
411.06189381853136,7364.3782558829525,2022-03-18T17:53:00Z,1H 0M 0S,5605,8
410.816012894915,7364.414033188365,2022-03-18T18:53:00Z,1H 0M 0S,5605,8
410.4911010890054,7364.53108180467,2022-03-18T19:53:00Z,1H 0M 0S,5605,8
410.46010879984755,7364.4934213789,2022-03-18T20:53:00Z,1H 0M 0S,5605,8
411.1992913934377,7364.509854719479,2022-03-18T21:53:00Z,1H 0M 0S,5605,8
411.60905675579386,7368.391069226788,2022-03-18T22:53:00Z,1H 0M 0S,5605,8
413.0697364884725,7369.220764647289,2022-03-18T23:53:00Z,1H 0M 0S,5605,8
413.0701319697358,7369.221240840288,2022-03-19T00:53:00Z,1H 0M 0S,5605,8
413.0796716252371,7369.469208568128,2022-03-19T01:53:00Z,1H 0M 0S,5605,8
414.0573948593406,7370.3399722363365,2022-03-19T02:53:00Z,1H 0M 0S,5605,8
414.31027164231693,7370.119580506202,2022-03-19T03:53:00Z,1H 0M 0S,5605,8
414.59127463936284,7370.143777014052,2022-03-19T04:53:00Z,1H 0M 0S,5605,8
414.9470968846632,7369.950902873321,2022-03-19T05:53:00Z,1H 0M 0S,5605,8
414.95002787547185,7369.9519640508515,2022-03-19T06:53:00Z,1H 0M 0S,5605,8
415.02101297027696,7370.082513832194,2022-03-19T07:53:00Z,1H 0M 0S,5605,8
415.0117217314206,7370.648045079254,2022-03-19T08:53:00Z,1H 0M 0S,5605,8
414.5082235861111,7370.628700785796,2022-03-19T09:53:00Z,1H 0M 0S,5605,8
413.6784003765611,7370.480014584736,2022-03-19T10:53:00Z,1H 0M 0S,5605,8
413.4285392699282,7370.616748821198,2022-03-19T11:53:00Z,1H 0M 0S,5605,8
413.21173693275034,7370.569810062685,2022-03-19T12:53:00Z,1H 0M 0S,5605,8
412.7523895563931,7369.921597829589,2022-03-19T13:53:00Z,1H 0M 0S,5605,8
412.71543384545924,7369.853473139314,2022-03-19T14:53:00Z,1H 0M 0S,5605,8
413.1656118679034,7368.763100444218,2022-03-19T15:53:00Z,1H 0M 0S,5605,8
413.1653626414834,7368.74493812961,2022-03-19T16:53:00Z,1H 0M 0S,5605,8
413.06711036898105,7368.7214995078375,2022-03-19T17:53:00Z,1H 0M 0S,5605,8
412.8161344672812,7368.72349782959,2022-03-19T18:53:00Z,1H 0M 0S,5605,8
412.8524555797566,7368.7608834695675,2022-03-19T19:53:00Z,1H 0M 0S,5605,8
414.3596533129146,7371.059658300251,2022-03-19T20:53:00Z,1H 0M 0S,5605,8
415.13772721071,7371.423713224215,2022-03-19T21:53:00Z,1H 0M 0S,5605,8
415.13787246505814,7371.423502854701,2022-03-19T22:53:00Z,1H 0M 0S,5605,8
415.22329689358247,7371.223994469126,2022-03-19T23:53:00Z,1H 0M 0S,5605,8
416.2401734545032,7371.214266165243,2022-03-20T00:53:00Z,1H 0M 0S,5605,8
416.1332385446661,7371.412363673161,2022-03-20T01:53:00Z,1H 0M 0S,5605,8
415.6243400839903,7372.547830734612,2022-03-20T02:53:00Z,1H 0M 0S,5605,8
415.64987534678596,7371.323977564232,2022-03-20T03:53:00Z,1H 0M 0S,5605,8
415.82713322508476,7370.252124252593,2022-03-20T04:53:00Z,1H 0M 0S,5605,8
415.7767487841855,7368.352522737636,2022-03-20T05:53:00Z,1H 0M 0S,5605,8
415.83171289312946,7368.314180976081,2022-03-20T06:53:00Z,1H 0M 0S,5605,8
415.8727474652506,7368.275711372305,2022-03-20T07:53:00Z,1H 0M 0S,5605,8
416.8479506126086,7368.742371448534,2022-03-20T08:53:00Z,1H 0M 0S,5605,8
417.75009193948046,7369.378618723825,2022-03-20T09:53:00Z,1H 0M 0S,5605,8
417.55750969968153,7369.184786854577,2022-03-20T10:53:00Z,1H 0M 0S,5605,8
417.5343261661621,7369.157904596974,2022-03-20T11:53:00Z,1H 0M 0S,5605,8
417.27063341349594,7369.1461954642355,2022-03-20T12:53:00Z,1H 0M 0S,5605,8
415.95605573234485,7368.725635668301,2022-03-20T13:53:00Z,1H 0M 0S,5605,8
415.0704072854381,7369.00125246967,2022-03-20T14:53:00Z,1H 0M 0S,5605,8
415.0327217229901,7369.05725027429,2022-03-20T15:53:00Z,1H 0M 0S,5605,8
414.8000004336928,7369.104632605665,2022-03-20T16:53:00Z,1H 0M 0S,5605,8
414.4684340776362,7368.935344069522,2022-03-20T17:53:00Z,1H 0M 0S,5605,8
413.8163722252213,7367.998967694903,2022-03-20T18:53:00Z,1H 0M 0S,5605,8
413.82703732509276,7367.933245503638,2022-03-20T19:53:00Z,1H 0M 0S,5605,8
412.8590791255127,7368.06122944009,2022-03-20T20:53:00Z,1H 0M 0S,5605,8
412.8550702593732,7368.047662256371,2022-03-20T21:53:00Z,1H 0M 0S,5605,8
412.8913849107394,7368.020972698663,2022-03-20T22:53:00Z,1H 0M 0S,5605,8
412.50187123103535,7367.080446575779,2022-03-20T23:53:00Z,1H 0M 0S,5605,8
412.4994158040562,7367.077204057436,2022-03-21T00:53:00Z,1H 0M 0S,5605,8
412.36115195354773,7366.856912312807,2022-03-21T01:53:00Z,1H 0M 0S,5605,8
412.1521691610365,7366.488055344024,2022-03-21T02:53:00Z,1H 0M 0S,5605,8
411.42549265929523,7366.068532773503,2022-03-21T03:53:00Z,1H 0M 0S,5605,8
410.9790941417594,7366.193507551989,2022-03-21T04:53:00Z,1H 0M 0S,5605,8
410.9291836227934,7366.254595352828,2022-03-21T05:53:00Z,1H 0M 0S,5605,8
410.8504740841046,7366.186183300584,2022-03-21T06:53:00Z,1H 0M 0S,5605,8
410.6874934990075,7366.265352587346,2022-03-21T07:53:00Z,1H 0M 0S,5605,8
410.5574179907014,7366.313226560211,2022-03-21T08:53:00Z,1H 0M 0S,5605,8
410.37039187867083,7366.567937454797,2022-03-21T09:53:00Z,1H 0M 0S,5605,8
410.0346624141832,7366.005405211778,2022-03-21T10:53:00Z,1H 0M 0S,5605,8
410.0046192060234,7365.977434827336,2022-03-21T11:53:00Z,1H 0M 0S,5605,8
409.54684629863107,7366.097754350625,2022-03-21T12:53:00Z,1H 0M 0S,5605,8
409.19587745575143,7366.122718332617,2022-03-21T13:53:00Z,1H 0M 0S,5605,8
408.77968149293173,7366.134688893454,2022-03-21T14:53:00Z,1H 0M 0S,5605,8
408.34437161843715,7366.406886707095,2022-03-21T15:53:00Z,1H 0M 0S,5605,8
407.28425580961994,7366.623011663728,2022-03-21T16:53:00Z,1H 0M 0S,5605,8
407.25887224550996,7366.827984986345,2022-03-21T17:53:00Z,1H 0M 0S,5605,8
407.1215341609473,7367.559507544383,2022-03-21T18:53:00Z,1H 0M 0S,5605,8
407.1332190278754,7367.4652623088,2022-03-21T19:53:00Z,1H 0M 0S,5605,8
406.802112627526,7367.38711748117,2022-03-21T20:53:00Z,1H 0M 0S,5605,8
405.49202547594496,7368.021888596236,2022-03-21T21:53:00Z,1H 0M 0S,5605,8
404.77624826449266,7367.990612046645,2022-03-21T22:53:00Z,1H 0M 0S,5605,8
404.694221546079,7368.5721051709825,2022-03-21T23:53:00Z,1H 0M 0S,5605,8
404.9777862362019,7367.925897976768,2022-03-22T00:53:00Z,1H 0M 0S,5605,8
404.8406151096597,7367.909908104662,2022-03-22T01:53:00Z,1H 0M 0S,5605,8
404.84096119508155,7367.917613714866,2022-03-22T02:53:00Z,1H 0M 0S,5605,8
404.75136116374165,7368.153224365274,2022-03-22T03:53:00Z,1H 0M 0S,5605,8
404.6687345981537,7368.206650847073,2022-03-22T04:53:00Z,1H 0M 0S,5605,8
404.30986891954234,7368.235887170209,2022-03-22T05:53:00Z,1H 0M 0S,5605,8
401.84382881999665,7368.112026669534,2022-03-22T06:53:00Z,1H 0M 0S,5605,8
401.8106352539649,7368.199387928345,2022-03-22T07:53:00Z,1H 0M 0S,5605,8
401.77807692046343,7368.824233612805,2022-03-22T08:53:00Z,1H 0M 0S,5605,8
402.8824731489756,7368.8270735484575,2022-03-22T09:53:00Z,1H 0M 0S,5605,8
403.10349308996496,7368.802673498208,2022-03-22T10:53:00Z,1H 0M 0S,5605,8
403.1739800452447,7368.860766207919,2022-03-22T11:53:00Z,1H 0M 0S,5605,8
403.5732948435757,7369.476567294883,2022-03-22T12:53:00Z,1H 0M 0S,5605,8
403.6842411807198,7369.558773492582,2022-03-22T13:53:00Z,1H 0M 0S,5605,8
403.7212792360822,7369.5755447120555,2022-03-22T14:53:00Z,1H 0M 0S,5605,8
403.03126502969985,7371.161469600367,2022-03-22T15:53:00Z,1H 0M 0S,5605,8
402.70183237699183,7371.399944688279,2022-03-22T16:53:00Z,1H 0M 0S,5605,8
401.79066441471167,7372.772736291404,2022-03-22T17:53:00Z,1H 0M 0S,5605,8
401.89314182843185,7372.892751232445,2022-03-22T18:53:00Z,1H 0M 0S,5605,8
401.8933624198449,7372.8938228693005,2022-03-22T19:53:00Z,1H 0M 0S,5605,8
401.7558874067843,7373.272271467216,2022-03-22T20:53:00Z,1H 0M 0S,5605,8
401.78228058436184,7373.35684445393,2022-03-22T21:53:00Z,1H 0M 0S,5605,8
401.9567410291728,7373.575407744167,2022-03-22T22:53:00Z,1H 0M 0S,5605,8
402.1497240948234,7373.701341545154,2022-03-22T23:53:00Z,1H 0M 0S,5605,8
402.15982223395196,7373.69278548458,2022-03-23T00:53:00Z,1H 0M 0S,5605,8
402.18330715341574,7373.567576414382,2022-03-23T01:53:00Z,1H 0M 0S,5605,8
401.82152193155576,7373.003191242771,2022-03-23T02:53:00Z,1H 0M 0S,5605,8
401.68716160350124,7372.79433849039,2022-03-23T03:53:00Z,1H 0M 0S,5605,8
399.88325998259006,7373.339555030119,2022-03-23T04:53:00Z,1H 0M 0S,5605,8
399.581584043894,7373.457934472237,2022-03-23T05:53:00Z,1H 0M 0S,5605,8
399.5926517823079,7373.247305694946,2022-03-23T06:53:00Z,1H 0M 0S,5605,8
399.6003877910288,7372.738727436419,2022-03-23T07:53:00Z,1H 0M 0S,5605,8
399.604499354651,7372.687221695417,2022-03-23T08:53:00Z,1H 0M 0S,5605,8
399.286844849017,7372.21715335378,2022-03-23T09:53:00Z,1H 0M 0S,5605,8
399.1274380163036,7372.262986829561,2022-03-23T10:53:00Z,1H 0M 0S,5605,8
398.91956186534117,7372.279711451731,2022-03-23T11:53:00Z,1H 0M 0S,5605,8
398.9111367238279,7372.275430744337,2022-03-23T12:53:00Z,1H 0M 0S,5605,8
398.7034922698398,7372.4481002000275,2022-03-23T13:53:00Z,1H 0M 0S,5605,8
397.14378492899135,7370.813418109717,2022-03-23T14:53:00Z,1H 0M 0S,5605,8
397.2424771674758,7370.78528461794,2022-03-23T15:53:00Z,1H 0M 0S,5605,8
398.5634912176911,7371.891708431299,2022-03-23T16:53:00Z,1H 0M 0S,5605,8
398.5797457144391,7371.89212161783,2022-03-23T17:53:00Z,1H 0M 0S,5605,8
399.0167094769673,7371.439429959614,2022-03-23T18:53:00Z,1H 0M 0S,5605,8
398.2696498367687,7372.5448673489645,2022-03-23T19:53:00Z,1H 0M 0S,5605,8
398.2902650694902,7372.498534509686,2022-03-23T20:53:00Z,1H 0M 0S,5605,8
398.7152955680874,7372.4249568718715,2022-03-23T21:53:00Z,1H 0M 0S,5605,8
399.1018742285921,7372.884216590763,2022-03-23T22:53:00Z,1H 0M 0S,5605,8
399.5304277881105,7373.061049209652,2022-03-23T23:53:00Z,1H 0M 0S,5605,8
399.42714320023134,7373.026213988704,2022-03-24T00:53:00Z,1H 0M 0S,5605,8
399.90048925316427,7372.365317218618,2022-03-24T01:53:00Z,1H 0M 0S,5605,8
400.00673931921307,7372.315068035175,2022-03-24T02:53:00Z,1H 0M 0S,5605,8
400.1071811526791,7372.012744693513,2022-03-24T03:53:00Z,1H 0M 0S,5605,8
400.11920434567725,7372.011053762713,2022-03-24T04:53:00Z,1H 0M 0S,5605,8
400.7776803956372,7372.232265878307,2022-03-24T05:53:00Z,1H 0M 0S,5605,8
401.0234437271519,7372.312399752436,2022-03-24T06:53:00Z,1H 0M 0S,5605,8
401.39716042539783,7372.166875596915,2022-03-24T07:53:00Z,1H 0M 0S,5605,8
401.14579711929935,7372.146204896166,2022-03-24T08:53:00Z,1H 0M 0S,5605,8
401.12958922806905,7372.20536276074,2022-03-24T09:53:00Z,1H 0M 0S,5605,8
401.07965864175617,7372.242286742096,2022-03-24T10:53:00Z,1H 0M 0S,5605,8
401.0683671983721,7372.249219993188,2022-03-24T11:53:00Z,1H 0M 0S,5605,8
401.0686368835338,7372.508211297272,2022-03-24T12:53:00Z,1H 0M 0S,5605,8
400.92073049735706,7372.990620929171,2022-03-24T13:53:00Z,1H 0M 0S,5605,8
400.65792724787167,7373.087149962261,2022-03-24T14:53:00Z,1H 0M 0S,5605,8
400.555382685927,7372.913181976633,2022-03-24T15:53:00Z,1H 0M 0S,5605,8
400.11498996972307,7372.3301163629485,2022-03-24T16:53:00Z,1H 0M 0S,5605,8
400.0709843565328,7372.234806776354,2022-03-24T17:53:00Z,1H 0M 0S,5605,8
399.69282877672663,7371.821627404407,2022-03-24T18:53:00Z,1H 0M 0S,5605,8
399.44252166860923,7371.846701138953,2022-03-24T19:53:00Z,1H 0M 0S,5605,8
399.0374117507379,7371.775948777356,2022-03-24T20:53:00Z,1H 0M 0S,5605,8
397.8900189213123,7372.112424721394,2022-03-24T21:53:00Z,1H 0M 0S,5605,8
397.75538817619764,7372.098451651855,2022-03-24T22:53:00Z,1H 0M 0S,5605,8
397.63945802950434,7372.135934905364,2022-03-24T23:53:00Z,1H 0M 0S,5605,8
392.8302393866629,7374.929413629551,2022-03-25T00:53:00Z,1H 0M 0S,5605,8
393.97687625124235,7375.740615944737,2022-03-25T01:53:00Z,1H 0M 0S,5605,8
393.95604494004556,7374.573132069779,2022-03-25T02:53:00Z,1H 0M 0S,5605,8
394.00500902399216,7374.5101558094375,2022-03-25T03:53:00Z,1H 0M 0S,5605,8
393.90132713782475,7373.1752123674605,2022-03-25T04:53:00Z,1H 0M 0S,5605,8
394.4475663642098,7373.03219015535,2022-03-25T05:53:00Z,1H 0M 0S,5605,8
394.66222451911494,7372.811385335608,2022-03-25T06:53:00Z,1H 0M 0S,5605,8
395.0469578695922,7372.656929445741,2022-03-25T07:53:00Z,1H 0M 0S,5605,8
395.0552281918836,7372.702526605019,2022-03-25T08:53:00Z,1H 0M 0S,5605,8
394.5157373724426,7373.00977896115,2022-03-25T09:53:00Z,1H 0M 0S,5605,8
394.0097528646964,7373.287619649821,2022-03-25T10:53:00Z,1H 0M 0S,5605,8
394.66633292588057,7373.0407386671895,2022-03-25T11:53:00Z,1H 0M 0S,5605,8
394.4391462423805,7372.080626637382,2022-03-25T12:53:00Z,1H 0M 0S,5605,8
394.398771356747,7371.584461056806,2022-03-25T13:53:00Z,1H 0M 0S,5605,8
393.87989512119424,7371.394278476644,2022-03-25T14:53:00Z,1H 0M 0S,5605,8
415.16814346144366,7358.912075940491,2022-03-17T06:53:00Z,1H 0M 0S,5605,9
415.3381835414372,7358.256949014907,2022-03-17T07:53:00Z,1H 0M 0S,5605,9
415.33815387665925,7358.2567716653475,2022-03-17T08:53:00Z,1H 0M 0S,5605,9
415.32127480328927,7358.241422545997,2022-03-17T09:53:00Z,1H 0M 0S,5605,9
414.9139223607658,7358.205011155852,2022-03-17T10:53:00Z,1H 0M 0S,5605,9
414.77918269751575,7358.116335260288,2022-03-17T11:53:00Z,1H 0M 0S,5605,9
413.3319696455899,7357.709506828153,2022-03-17T12:53:00Z,1H 0M 0S,5605,9
412.8752848223159,7357.663180653553,2022-03-17T13:53:00Z,1H 0M 0S,5605,9
412.86291920208646,7357.601857052641,2022-03-17T14:53:00Z,1H 0M 0S,5605,9
412.8933752175342,7357.747231105791,2022-03-17T15:53:00Z,1H 0M 0S,5605,9
412.4050828865638,7357.451743977288,2022-03-17T16:53:00Z,1H 0M 0S,5605,9
412.3564857536731,7357.448778564827,2022-03-17T17:53:00Z,1H 0M 0S,5605,9
412.2951865708218,7357.204316147461,2022-03-17T18:53:00Z,1H 0M 0S,5605,9
412.2595828649052,7357.090255353064,2022-03-17T19:53:00Z,1H 0M 0S,5605,9
411.00828103473594,7356.021210501658,2022-03-17T20:53:00Z,1H 0M 0S,5605,9
410.9030202083407,7356.351237291735,2022-03-17T21:53:00Z,1H 0M 0S,5605,9
410.9356017614255,7356.441929371452,2022-03-17T22:53:00Z,1H 0M 0S,5605,9
410.5296934367413,7356.470731370102,2022-03-17T23:53:00Z,1H 0M 0S,5605,9
410.3342740260594,7356.574250306663,2022-03-18T00:53:00Z,1H 0M 0S,5605,9
410.39048499588773,7357.272686030435,2022-03-18T01:53:00Z,1H 0M 0S,5605,9
410.99467990511687,7357.523627873438,2022-03-18T02:53:00Z,1H 0M 0S,5605,9
410.9972003777389,7357.521039653332,2022-03-18T03:53:00Z,1H 0M 0S,5605,9
410.8018729086136,7357.39596832769,2022-03-18T04:53:00Z,1H 0M 0S,5605,9
410.5034220788435,7357.232454350447,2022-03-18T05:53:00Z,1H 0M 0S,5605,9
410.5033429240759,7357.232376174272,2022-03-18T06:53:00Z,1H 0M 0S,5605,9
409.9413062145577,7357.052776199774,2022-03-18T07:53:00Z,1H 0M 0S,5605,9
409.69380259649057,7356.9776039468115,2022-03-18T08:53:00Z,1H 0M 0S,5605,9
408.8989588899712,7358.515292677633,2022-03-18T09:53:00Z,1H 0M 0S,5605,9
408.72114633821604,7358.572501093777,2022-03-18T10:53:00Z,1H 0M 0S,5605,9
408.19190317069206,7358.873985890973,2022-03-18T11:53:00Z,1H 0M 0S,5605,9
408.09753062854577,7359.809915361872,2022-03-18T12:53:00Z,1H 0M 0S,5605,9
408.2288948175596,7360.737933487987,2022-03-18T13:53:00Z,1H 0M 0S,5605,9
408.8816772048693,7361.004480937758,2022-03-18T14:53:00Z,1H 0M 0S,5605,9
409.29538088474936,7362.045549434663,2022-03-18T15:53:00Z,1H 0M 0S,5605,9
409.4203732114657,7362.121284942171,2022-03-18T16:53:00Z,1H 0M 0S,5605,9
409.26590043599003,7362.005051166736,2022-03-18T17:53:00Z,1H 0M 0S,5605,9
409.09674499524635,7361.438966157847,2022-03-18T18:53:00Z,1H 0M 0S,5605,9
409.02941596193523,7361.410319486854,2022-03-18T19:53:00Z,1H 0M 0S,5605,9
408.43012533753307,7361.331467921938,2022-03-18T20:53:00Z,1H 0M 0S,5605,9
407.1687755385911,7362.15520986827,2022-03-18T21:53:00Z,1H 0M 0S,5605,9
406.7340860098044,7361.499051744218,2022-03-18T22:53:00Z,1H 0M 0S,5605,9
406.6594186768688,7361.413690792819,2022-03-18T23:53:00Z,1H 0M 0S,5605,9
406.8399324558986,7361.223715619476,2022-03-19T00:53:00Z,1H 0M 0S,5605,9
407.20355747439896,7360.613959812373,2022-03-19T01:53:00Z,1H 0M 0S,5605,9
407.36702613658974,7359.781146713933,2022-03-19T02:53:00Z,1H 0M 0S,5605,9
407.49065856287115,7359.791327660955,2022-03-19T03:53:00Z,1H 0M 0S,5605,9
408.4302484435976,7360.211204119462,2022-03-19T04:53:00Z,1H 0M 0S,5605,9
408.5232592759069,7360.387272591541,2022-03-19T05:53:00Z,1H 0M 0S,5605,9
408.1667482359677,7361.369521177896,2022-03-19T06:53:00Z,1H 0M 0S,5605,9
408.28200285943666,7362.39411865908,2022-03-19T07:53:00Z,1H 0M 0S,5605,9
407.5814997549008,7362.370320242773,2022-03-19T08:53:00Z,1H 0M 0S,5605,9
407.5571446872375,7362.252322518657,2022-03-19T09:53:00Z,1H 0M 0S,5605,9
406.8699093118728,7362.678129512468,2022-03-19T10:53:00Z,1H 0M 0S,5605,9
406.88726456719763,7362.7211995398375,2022-03-19T11:53:00Z,1H 0M 0S,5605,9
407.15207631900813,7362.7133924070295,2022-03-19T12:53:00Z,1H 0M 0S,5605,9
409.1820533113174,7363.802682110811,2022-03-19T13:53:00Z,1H 0M 0S,5605,9
409.1458763617838,7364.0518271338,2022-03-19T14:53:00Z,1H 0M 0S,5605,9
409.326225242746,7364.797355572395,2022-03-19T15:53:00Z,1H 0M 0S,5605,9
409.5637461805249,7365.185422415192,2022-03-19T16:53:00Z,1H 0M 0S,5605,9
411.26548498161054,7366.769000922986,2022-03-19T17:53:00Z,1H 0M 0S,5605,9
411.21612340601905,7366.849950678645,2022-03-19T18:53:00Z,1H 0M 0S,5605,9
411.20319367398776,7366.917266354374,2022-03-19T19:53:00Z,1H 0M 0S,5605,9
411.0118153668998,7367.021866698952,2022-03-19T20:53:00Z,1H 0M 0S,5605,9
411.00686914298376,7367.0197652228535,2022-03-19T21:53:00Z,1H 0M 0S,5605,9
410.5234908751015,7366.84310239803,2022-03-19T22:53:00Z,1H 0M 0S,5605,9
410.49162586984863,7366.7805811137005,2022-03-19T23:53:00Z,1H 0M 0S,5605,9
409.68807711554587,7367.083826768253,2022-03-20T00:53:00Z,1H 0M 0S,5605,9
409.66954090305927,7367.071612944148,2022-03-20T01:53:00Z,1H 0M 0S,5605,9
409.2977555788631,7367.192180282009,2022-03-20T02:53:00Z,1H 0M 0S,5605,9
409.260611930582,7367.1883910424895,2022-03-20T03:53:00Z,1H 0M 0S,5605,9
409.2498891306608,7367.186922733032,2022-03-20T04:53:00Z,1H 0M 0S,5605,9
408.3315120576269,7368.204710304281,2022-03-20T05:53:00Z,1H 0M 0S,5605,9
408.2478702827273,7368.868972502145,2022-03-20T06:53:00Z,1H 0M 0S,5605,9
408.6436506473202,7369.480859554041,2022-03-20T07:53:00Z,1H 0M 0S,5605,9
408.6481938149096,7370.040468905048,2022-03-20T08:53:00Z,1H 0M 0S,5605,9
408.5266095704378,7369.9336317389025,2022-03-20T09:53:00Z,1H 0M 0S,5605,9
408.29762734772714,7370.38889100359,2022-03-20T10:53:00Z,1H 0M 0S,5605,9
408.3954455033225,7370.687889666723,2022-03-20T11:53:00Z,1H 0M 0S,5605,9
408.19946394045076,7370.825711313682,2022-03-20T12:53:00Z,1H 0M 0S,5605,9
407.71365147946364,7371.631907987261,2022-03-20T13:53:00Z,1H 0M 0S,5605,9
407.7675990814992,7371.788475728306,2022-03-20T14:53:00Z,1H 0M 0S,5605,9
407.73707748390484,7372.023827350994,2022-03-20T15:53:00Z,1H 0M 0S,5605,9
407.65809956162036,7372.412526586912,2022-03-20T16:53:00Z,1H 0M 0S,5605,9
408.1979700908272,7372.824734778176,2022-03-20T17:53:00Z,1H 0M 0S,5605,9
408.3234507882222,7373.0010579241325,2022-03-20T18:53:00Z,1H 0M 0S,5605,9
409.8509089688533,7374.069354570514,2022-03-20T19:53:00Z,1H 0M 0S,5605,9
410.58258947091747,7374.807211968967,2022-03-20T20:53:00Z,1H 0M 0S,5605,9
410.6258695048224,7374.832716451343,2022-03-20T21:53:00Z,1H 0M 0S,5605,9
410.6576429044501,7374.49950337816,2022-03-20T22:53:00Z,1H 0M 0S,5605,9
410.89806059442486,7374.0106009885685,2022-03-20T23:53:00Z,1H 0M 0S,5605,9
410.9080543460689,7373.628592268515,2022-03-21T00:53:00Z,1H 0M 0S,5605,9
410.809323410588,7372.80007954386,2022-03-21T01:53:00Z,1H 0M 0S,5605,9
410.8880198686906,7373.58046957071,2022-03-21T02:53:00Z,1H 0M 0S,5605,9
410.9492209558393,7373.6682543306015,2022-03-21T03:53:00Z,1H 0M 0S,5605,9
412.06162500996226,7374.983447277306,2022-03-21T04:53:00Z,1H 0M 0S,5605,9
413.412157146882,7378.148375771349,2022-03-21T05:53:00Z,1H 0M 0S,5605,9
413.18086352573584,7378.46641491113,2022-03-21T06:53:00Z,1H 0M 0S,5605,9
412.43982011911413,7377.654823349441,2022-03-21T07:53:00Z,1H 0M 0S,5605,9
412.7423754470793,7378.255588978736,2022-03-21T08:53:00Z,1H 0M 0S,5605,9
412.9301315879764,7378.299102915105,2022-03-21T09:53:00Z,1H 0M 0S,5605,9
413.0348926166469,7378.24449578975,2022-03-21T10:53:00Z,1H 0M 0S,5605,9
413.1353982149208,7378.407886121944,2022-03-21T11:53:00Z,1H 0M 0S,5605,9
413.2164058373152,7378.4806201768915,2022-03-21T12:53:00Z,1H 0M 0S,5605,9
413.20827682474214,7377.104777283719,2022-03-21T13:53:00Z,1H 0M 0S,5605,9
413.0223629058586,7376.858492500281,2022-03-21T14:53:00Z,1H 0M 0S,5605,9
413.01890860292326,7376.857935476181,2022-03-21T15:53:00Z,1H 0M 0S,5605,9
413.053834425567,7376.738113052405,2022-03-21T16:53:00Z,1H 0M 0S,5605,9
413.03620935373095,7376.644230934454,2022-03-21T17:53:00Z,1H 0M 0S,5605,9
413.2686421704593,7376.3046641483215,2022-03-21T18:53:00Z,1H 0M 0S,5605,9
412.89597409656045,7375.732341366708,2022-03-21T19:53:00Z,1H 0M 0S,5605,9
412.8273101208495,7375.8270059680335,2022-03-21T20:53:00Z,1H 0M 0S,5605,9
412.86612654595467,7376.248086836726,2022-03-21T21:53:00Z,1H 0M 0S,5605,9
413.0809688719612,7376.492511670312,2022-03-21T22:53:00Z,1H 0M 0S,5605,9
413.4488982081863,7376.986951649238,2022-03-21T23:53:00Z,1H 0M 0S,5605,9
413.96790246059385,7377.047750609556,2022-03-22T00:53:00Z,1H 0M 0S,5605,9
415.30713491038347,7377.028288676177,2022-03-22T01:53:00Z,1H 0M 0S,5605,9
415.9478527796481,7376.818625553383,2022-03-22T02:53:00Z,1H 0M 0S,5605,9
416.2464388528455,7376.036219709568,2022-03-22T03:53:00Z,1H 0M 0S,5605,9
416.41423402726844,7376.0939654713375,2022-03-22T04:53:00Z,1H 0M 0S,5605,9
416.93637640590595,7376.890696043039,2022-03-22T05:53:00Z,1H 0M 0S,5605,9
417.1389892035,7376.951247373276,2022-03-22T06:53:00Z,1H 0M 0S,5605,9
417.34390853129634,7376.778719128089,2022-03-22T07:53:00Z,1H 0M 0S,5605,9
417.51724352743696,7376.732028058237,2022-03-22T08:53:00Z,1H 0M 0S,5605,9
418.31704719094233,7376.845649366566,2022-03-22T09:53:00Z,1H 0M 0S,5605,9
418.3313056865841,7377.027316143847,2022-03-22T10:53:00Z,1H 0M 0S,5605,9
417.93295334595547,7377.420343629647,2022-03-22T11:53:00Z,1H 0M 0S,5605,9
416.9667412424359,7378.377323922177,2022-03-22T12:53:00Z,1H 0M 0S,5605,9
416.7971457156638,7378.385122698067,2022-03-22T13:53:00Z,1H 0M 0S,5605,9
414.3801096834137,7379.033382485724,2022-03-22T14:53:00Z,1H 0M 0S,5605,9
414.16551117914247,7379.196175587045,2022-03-22T15:53:00Z,1H 0M 0S,5605,9
414.3719896136036,7379.385337301467,2022-03-22T16:53:00Z,1H 0M 0S,5605,9
415.5895692022167,7380.049577164827,2022-03-22T17:53:00Z,1H 0M 0S,5605,9
415.59848008362695,7380.06228338017,2022-03-22T18:53:00Z,1H 0M 0S,5605,9
415.5818360638588,7380.340493715808,2022-03-22T19:53:00Z,1H 0M 0S,5605,9
415.6956153024215,7380.699175656369,2022-03-22T20:53:00Z,1H 0M 0S,5605,9
415.7929311440788,7380.710270995373,2022-03-22T21:53:00Z,1H 0M 0S,5605,9
415.82769333423715,7380.300836282478,2022-03-22T22:53:00Z,1H 0M 0S,5605,9
416.09755643265294,7380.161631372253,2022-03-22T23:53:00Z,1H 0M 0S,5605,9
417.8281828250204,7378.275952138732,2022-03-23T00:53:00Z,1H 0M 0S,5605,9
417.8340016208971,7378.226679618326,2022-03-23T01:53:00Z,1H 0M 0S,5605,9
417.8409244692293,7378.216514841746,2022-03-23T02:53:00Z,1H 0M 0S,5605,9
417.45345485736175,7378.179240591041,2022-03-23T03:53:00Z,1H 0M 0S,5605,9
417.55068748191167,7378.062636090021,2022-03-23T04:53:00Z,1H 0M 0S,5605,9
418.04874692324194,7377.956359724121,2022-03-23T05:53:00Z,1H 0M 0S,5605,9
418.02017733102826,7377.782582838814,2022-03-23T06:53:00Z,1H 0M 0S,5605,9
417.9867966195957,7377.585356624857,2022-03-23T07:53:00Z,1H 0M 0S,5605,9
417.98603733150776,7377.582264663609,2022-03-23T08:53:00Z,1H 0M 0S,5605,9
417.9112398537982,7377.424845945378,2022-03-23T09:53:00Z,1H 0M 0S,5605,9
417.5560798988709,7378.343127070041,2022-03-23T10:53:00Z,1H 0M 0S,5605,9
417.50404748359057,7378.395765558364,2022-03-23T11:53:00Z,1H 0M 0S,5605,9
417.41980807966786,7378.452303335735,2022-03-23T12:53:00Z,1H 0M 0S,5605,9
416.96709999313316,7378.739658053327,2022-03-23T13:53:00Z,1H 0M 0S,5605,9
416.6994589568783,7378.832688193565,2022-03-23T14:53:00Z,1H 0M 0S,5605,9
415.83032485543504,7378.539235909514,2022-03-23T15:53:00Z,1H 0M 0S,5605,9
415.5678297526256,7378.288998370838,2022-03-23T16:53:00Z,1H 0M 0S,5605,9
415.4090378496761,7378.14267558901,2022-03-23T17:53:00Z,1H 0M 0S,5605,9
415.3528309179503,7378.083588687806,2022-03-23T18:53:00Z,1H 0M 0S,5605,9
415.2161300708751,7377.950611290995,2022-03-23T19:53:00Z,1H 0M 0S,5605,9
415.3108845365904,7378.050202368663,2022-03-23T20:53:00Z,1H 0M 0S,5605,9
415.1749546044065,7377.581416607673,2022-03-23T21:53:00Z,1H 0M 0S,5605,9
415.17362488284147,7377.551567197694,2022-03-23T22:53:00Z,1H 0M 0S,5605,9
414.7608100561339,7376.960824021337,2022-03-23T23:53:00Z,1H 0M 0S,5605,9
415.123874194753,7376.3127825455995,2022-03-24T00:53:00Z,1H 0M 0S,5605,9
415.08241296445055,7375.783793020184,2022-03-24T01:53:00Z,1H 0M 0S,5605,9
415.7742900416842,7374.685976248386,2022-03-24T02:53:00Z,1H 0M 0S,5605,9
416.64524626777734,7374.22934699024,2022-03-24T03:53:00Z,1H 0M 0S,5605,9
416.3495853988576,7373.833089824263,2022-03-24T04:53:00Z,1H 0M 0S,5605,9
416.27115984014057,7373.7830957149645,2022-03-24T05:53:00Z,1H 0M 0S,5605,9
416.2319585236435,7373.953418467609,2022-03-24T06:53:00Z,1H 0M 0S,5605,9
416.6005578785,7374.429338082605,2022-03-24T07:53:00Z,1H 0M 0S,5605,9
416.59694679457436,7374.437134731515,2022-03-24T08:53:00Z,1H 0M 0S,5605,9
416.595615585462,7374.440373088944,2022-03-24T09:53:00Z,1H 0M 0S,5605,9
416.4719383113477,7375.026132883894,2022-03-24T10:53:00Z,1H 0M 0S,5605,9
416.6688044594117,7375.61281825283,2022-03-24T11:53:00Z,1H 0M 0S,5605,9
418.9941035265748,7376.641937900053,2022-03-24T12:53:00Z,1H 0M 0S,5605,9
418.9386533671908,7376.393821367196,2022-03-24T13:53:00Z,1H 0M 0S,5605,9
418.884955425598,7376.456546287609,2022-03-24T14:53:00Z,1H 0M 0S,5605,9
418.7459861839656,7376.487194091524,2022-03-24T15:53:00Z,1H 0M 0S,5605,9
418.51207287589756,7376.5153579891785,2022-03-24T16:53:00Z,1H 0M 0S,5605,9
418.5267509524737,7376.537460672162,2022-03-24T17:53:00Z,1H 0M 0S,5605,9
418.960360710386,7377.060613595081,2022-03-24T18:53:00Z,1H 0M 0S,5605,9
419.0779361744804,7377.432323901903,2022-03-24T19:53:00Z,1H 0M 0S,5605,9
419.05087729201233,7377.650364898381,2022-03-24T20:53:00Z,1H 0M 0S,5605,9
418.95940557608094,7377.699399450301,2022-03-24T21:53:00Z,1H 0M 0S,5605,9
419.009307625549,7377.190741240206,2022-03-24T22:53:00Z,1H 0M 0S,5605,9
418.8391851659494,7376.885418642847,2022-03-24T23:53:00Z,1H 0M 0S,5605,9
418.7698042522389,7376.829168914321,2022-03-25T00:53:00Z,1H 0M 0S,5605,9
418.72082226813313,7376.848248967279,2022-03-25T01:53:00Z,1H 0M 0S,5605,9
418.2973392563273,7376.999597496093,2022-03-25T02:53:00Z,1H 0M 0S,5605,9
418.03110465401863,7377.666323601948,2022-03-25T03:53:00Z,1H 0M 0S,5605,9
417.7415963847229,7378.136517147184,2022-03-25T04:53:00Z,1H 0M 0S,5605,9
417.690395966786,7378.719887286287,2022-03-25T05:53:00Z,1H 0M 0S,5605,9
417.7437048626707,7378.671112196331,2022-03-25T06:53:00Z,1H 0M 0S,5605,9
418.53248199922734,7377.328724435246,2022-03-25T07:53:00Z,1H 0M 0S,5605,9
418.91967837283295,7377.090893893118,2022-03-25T08:53:00Z,1H 0M 0S,5605,9
418.91852771019285,7376.960538978439,2022-03-25T09:53:00Z,1H 0M 0S,5605,9
418.84200333461007,7376.774489031979,2022-03-25T10:53:00Z,1H 0M 0S,5605,9
418.7895054554994,7376.670300977795,2022-03-25T11:53:00Z,1H 0M 0S,5605,9
417.91586146982706,7376.310104223611,2022-03-25T12:53:00Z,1H 0M 0S,5605,9
417.2487000267858,7375.88313122259,2022-03-25T13:53:00Z,1H 0M 0S,5605,9
418.66277970725105,7375.232945596197,2022-03-25T14:53:00Z,1H 0M 0S,5605,9
415.16814346144366,7358.912075940491,2022-03-17T06:53:00Z,1H 0M 0S,5605,10
415.9149026456584,7359.150622925896,2022-03-17T07:53:00Z,1H 0M 0S,5605,10
415.95880901546786,7359.441379707823,2022-03-17T08:53:00Z,1H 0M 0S,5605,10
415.35597317291,7360.159995547587,2022-03-17T09:53:00Z,1H 0M 0S,5605,10
415.0281880568013,7359.467522530945,2022-03-17T10:53:00Z,1H 0M 0S,5605,10
415.0072604316392,7359.461209358191,2022-03-17T11:53:00Z,1H 0M 0S,5605,10
413.3251710788234,7359.586908868834,2022-03-17T12:53:00Z,1H 0M 0S,5605,10
413.31023594576567,7359.797629198069,2022-03-17T13:53:00Z,1H 0M 0S,5605,10
413.5682673484637,7361.271085058743,2022-03-17T14:53:00Z,1H 0M 0S,5605,10
413.7231514931783,7361.992479907891,2022-03-17T15:53:00Z,1H 0M 0S,5605,10
414.0371640153715,7362.182459971658,2022-03-17T16:53:00Z,1H 0M 0S,5605,10
414.07693746185384,7362.174875832365,2022-03-17T17:53:00Z,1H 0M 0S,5605,10
414.1526395281879,7362.235927874855,2022-03-17T18:53:00Z,1H 0M 0S,5605,10
414.2360581105256,7362.23722091841,2022-03-17T19:53:00Z,1H 0M 0S,5605,10
414.4922666868949,7362.328002913636,2022-03-17T20:53:00Z,1H 0M 0S,5605,10
414.523925830083,7362.411724994494,2022-03-17T21:53:00Z,1H 0M 0S,5605,10
414.7204652794865,7362.725115312021,2022-03-17T22:53:00Z,1H 0M 0S,5605,10
414.73548374889504,7362.720236630605,2022-03-17T23:53:00Z,1H 0M 0S,5605,10
413.31148417001816,7363.297073245466,2022-03-18T00:53:00Z,1H 0M 0S,5605,10
411.9983807728306,7365.139370838771,2022-03-18T01:53:00Z,1H 0M 0S,5605,10
411.9953561816029,7365.140081975621,2022-03-18T02:53:00Z,1H 0M 0S,5605,10
411.8978020914827,7365.035117195205,2022-03-18T03:53:00Z,1H 0M 0S,5605,10
411.827942301453,7365.430834476793,2022-03-18T04:53:00Z,1H 0M 0S,5605,10
411.29428936753806,7366.1183934914225,2022-03-18T05:53:00Z,1H 0M 0S,5605,10
411.1974109818243,7366.283451042188,2022-03-18T06:53:00Z,1H 0M 0S,5605,10
411.5207931780887,7366.7437881324195,2022-03-18T07:53:00Z,1H 0M 0S,5605,10
411.31626423446255,7366.556046456974,2022-03-18T08:53:00Z,1H 0M 0S,5605,10
411.1668661473136,7365.894086820817,2022-03-18T09:53:00Z,1H 0M 0S,5605,10
411.1532797750384,7365.831967554071,2022-03-18T10:53:00Z,1H 0M 0S,5605,10
411.18003197339783,7365.894868753284,2022-03-18T11:53:00Z,1H 0M 0S,5605,10
411.0328590583011,7366.243491009388,2022-03-18T12:53:00Z,1H 0M 0S,5605,10
410.9431203009948,7366.304649928088,2022-03-18T13:53:00Z,1H 0M 0S,5605,10
409.26664272479576,7365.52095028439,2022-03-18T14:53:00Z,1H 0M 0S,5605,10
409.2790324911149,7365.511587680467,2022-03-18T15:53:00Z,1H 0M 0S,5605,10
409.3460512356693,7364.984314234046,2022-03-18T16:53:00Z,1H 0M 0S,5605,10
409.41161806125575,7364.699527548378,2022-03-18T17:53:00Z,1H 0M 0S,5605,10
409.62938334674584,7364.69667605373,2022-03-18T18:53:00Z,1H 0M 0S,5605,10
409.8932621200959,7364.427283381526,2022-03-18T19:53:00Z,1H 0M 0S,5605,10
410.2042644283435,7364.519852039978,2022-03-18T20:53:00Z,1H 0M 0S,5605,10
410.2897830261084,7364.435369240577,2022-03-18T21:53:00Z,1H 0M 0S,5605,10
410.9543830347331,7363.778610340363,2022-03-18T22:53:00Z,1H 0M 0S,5605,10
410.88736638619474,7363.471049126757,2022-03-18T23:53:00Z,1H 0M 0S,5605,10
410.86987421873033,7363.436247504173,2022-03-19T00:53:00Z,1H 0M 0S,5605,10
410.9318774753891,7361.601651314044,2022-03-19T01:53:00Z,1H 0M 0S,5605,10
410.9491547087023,7361.5344550890395,2022-03-19T02:53:00Z,1H 0M 0S,5605,10
410.8726921776396,7361.320046270217,2022-03-19T03:53:00Z,1H 0M 0S,5605,10
410.21986089209304,7360.913871519865,2022-03-19T04:53:00Z,1H 0M 0S,5605,10
408.7014336666094,7360.147604006278,2022-03-19T05:53:00Z,1H 0M 0S,5605,10
408.5136642655708,7360.489957440645,2022-03-19T06:53:00Z,1H 0M 0S,5605,10
408.4330483781269,7360.535718147822,2022-03-19T07:53:00Z,1H 0M 0S,5605,10
407.8300331878312,7361.182021354252,2022-03-19T08:53:00Z,1H 0M 0S,5605,10
408.8566835199038,7363.477588182363,2022-03-19T09:53:00Z,1H 0M 0S,5605,10
408.93817436464076,7364.028824644075,2022-03-19T10:53:00Z,1H 0M 0S,5605,10
408.994581964794,7364.146012791694,2022-03-19T11:53:00Z,1H 0M 0S,5605,10
408.9959799662503,7364.312280090843,2022-03-19T12:53:00Z,1H 0M 0S,5605,10
409.16761084551104,7364.716262022346,2022-03-19T13:53:00Z,1H 0M 0S,5605,10
409.517991867549,7366.1572650382595,2022-03-19T14:53:00Z,1H 0M 0S,5605,10
409.4980065581133,7366.16876836048,2022-03-19T15:53:00Z,1H 0M 0S,5605,10
409.1742688128353,7366.1139915884805,2022-03-19T16:53:00Z,1H 0M 0S,5605,10
408.9627776651717,7366.320977664176,2022-03-19T17:53:00Z,1H 0M 0S,5605,10
408.5053069266626,7366.214335150023,2022-03-19T18:53:00Z,1H 0M 0S,5605,10
408.1349513432651,7366.2174113737165,2022-03-19T19:53:00Z,1H 0M 0S,5605,10
407.7298169635977,7366.390127053768,2022-03-19T20:53:00Z,1H 0M 0S,5605,10
407.65465430638767,7366.538224176558,2022-03-19T21:53:00Z,1H 0M 0S,5605,10
407.6466828850726,7366.585311794466,2022-03-19T22:53:00Z,1H 0M 0S,5605,10
407.83421143401466,7366.82712711353,2022-03-19T23:53:00Z,1H 0M 0S,5605,10
408.429386549238,7367.497688922103,2022-03-20T00:53:00Z,1H 0M 0S,5605,10
408.711570534582,7367.342546609281,2022-03-20T01:53:00Z,1H 0M 0S,5605,10
408.9785722240199,7367.211133725669,2022-03-20T02:53:00Z,1H 0M 0S,5605,10
409.19376945970475,7367.675732185144,2022-03-20T03:53:00Z,1H 0M 0S,5605,10
409.1141278417181,7367.674102085095,2022-03-20T04:53:00Z,1H 0M 0S,5605,10
407.6900006584491,7370.573545182256,2022-03-20T05:53:00Z,1H 0M 0S,5605,10
407.6456834777895,7372.917209415986,2022-03-20T06:53:00Z,1H 0M 0S,5605,10
408.086943981263,7373.614855843561,2022-03-20T07:53:00Z,1H 0M 0S,5605,10
407.413837573917,7374.756758425815,2022-03-20T08:53:00Z,1H 0M 0S,5605,10
407.74246766264787,7375.761409415531,2022-03-20T09:53:00Z,1H 0M 0S,5605,10
407.6882352214369,7375.877888238998,2022-03-20T10:53:00Z,1H 0M 0S,5605,10
407.2669172014188,7375.97665117015,2022-03-20T11:53:00Z,1H 0M 0S,5605,10
407.22066686241703,7375.990878740061,2022-03-20T12:53:00Z,1H 0M 0S,5605,10
406.4366697578563,7375.5063831319385,2022-03-20T13:53:00Z,1H 0M 0S,5605,10
406.72982316046654,7375.527467719203,2022-03-20T14:53:00Z,1H 0M 0S,5605,10
408.8966533920158,7377.281173624857,2022-03-20T15:53:00Z,1H 0M 0S,5605,10
408.840119754295,7378.006235495732,2022-03-20T16:53:00Z,1H 0M 0S,5605,10
407.7220486197052,7377.839453677681,2022-03-20T17:53:00Z,1H 0M 0S,5605,10
407.7216033922336,7377.839880747153,2022-03-20T18:53:00Z,1H 0M 0S,5605,10
407.3392370256089,7378.055172746048,2022-03-20T19:53:00Z,1H 0M 0S,5605,10
407.30977394229484,7378.060848602068,2022-03-20T20:53:00Z,1H 0M 0S,5605,10
407.24017069464077,7378.037321480568,2022-03-20T21:53:00Z,1H 0M 0S,5605,10
406.9585542828456,7377.779543317931,2022-03-20T22:53:00Z,1H 0M 0S,5605,10
406.9533255583954,7377.743270705794,2022-03-20T23:53:00Z,1H 0M 0S,5605,10
406.94146874455646,7377.075054552614,2022-03-21T00:53:00Z,1H 0M 0S,5605,10
407.03346698979243,7376.908477657712,2022-03-21T01:53:00Z,1H 0M 0S,5605,10
407.22263850105196,7376.557932883119,2022-03-21T02:53:00Z,1H 0M 0S,5605,10
407.2096644739165,7375.942378058767,2022-03-21T03:53:00Z,1H 0M 0S,5605,10
407.4790002485424,7375.321349060271,2022-03-21T04:53:00Z,1H 0M 0S,5605,10
407.67363937986727,7375.220927205153,2022-03-21T05:53:00Z,1H 0M 0S,5605,10
408.25138459420435,7374.429272674912,2022-03-21T06:53:00Z,1H 0M 0S,5605,10
408.4506803449133,7374.15121062173,2022-03-21T07:53:00Z,1H 0M 0S,5605,10
408.5856066129005,7374.088272411706,2022-03-21T08:53:00Z,1H 0M 0S,5605,10
409.0930686325755,7373.875696039941,2022-03-21T09:53:00Z,1H 0M 0S,5605,10
409.2866717882568,7373.805764417629,2022-03-21T10:53:00Z,1H 0M 0S,5605,10
409.27596599206305,7373.820565566863,2022-03-21T11:53:00Z,1H 0M 0S,5605,10
409.0508553976983,7374.686816217951,2022-03-21T12:53:00Z,1H 0M 0S,5605,10
409.0052631812697,7374.691569991218,2022-03-21T13:53:00Z,1H 0M 0S,5605,10
409.04393271451914,7374.782440234293,2022-03-21T14:53:00Z,1H 0M 0S,5605,10
409.07597551259,7374.875710337215,2022-03-21T15:53:00Z,1H 0M 0S,5605,10
409.17403442824457,7374.804457822917,2022-03-21T16:53:00Z,1H 0M 0S,5605,10
409.09018672099046,7374.727500843113,2022-03-21T17:53:00Z,1H 0M 0S,5605,10
409.30240928737516,7374.648641442983,2022-03-21T18:53:00Z,1H 0M 0S,5605,10
408.4142752828813,7375.144799058151,2022-03-21T19:53:00Z,1H 0M 0S,5605,10
408.4133655510565,7375.18053407748,2022-03-21T20:53:00Z,1H 0M 0S,5605,10
408.5900540800409,7375.348713106782,2022-03-21T21:53:00Z,1H 0M 0S,5605,10
408.6579015572652,7375.294358747907,2022-03-21T22:53:00Z,1H 0M 0S,5605,10
409.4041981724901,7375.348450816645,2022-03-21T23:53:00Z,1H 0M 0S,5605,10
409.6681132450167,7375.371039038118,2022-03-22T00:53:00Z,1H 0M 0S,5605,10
410.13028521695946,7376.613818118491,2022-03-22T01:53:00Z,1H 0M 0S,5605,10
410.10319351041744,7377.445468709536,2022-03-22T02:53:00Z,1H 0M 0S,5605,10
410.0745976392808,7377.864310434311,2022-03-22T03:53:00Z,1H 0M 0S,5605,10
411.07558924344204,7377.952505524029,2022-03-22T04:53:00Z,1H 0M 0S,5605,10
411.5319593340701,7378.753692555604,2022-03-22T05:53:00Z,1H 0M 0S,5605,10
411.57283526364796,7378.823782486898,2022-03-22T06:53:00Z,1H 0M 0S,5605,10
411.45716141560575,7378.859344038967,2022-03-22T07:53:00Z,1H 0M 0S,5605,10
411.4869832696201,7378.975896123309,2022-03-22T08:53:00Z,1H 0M 0S,5605,10
411.39539828868885,7379.531307797204,2022-03-22T09:53:00Z,1H 0M 0S,5605,10
411.42145218992357,7379.548027201047,2022-03-22T10:53:00Z,1H 0M 0S,5605,10
410.95685322463004,7380.758352127629,2022-03-22T11:53:00Z,1H 0M 0S,5605,10
410.9149473795374,7380.818421348311,2022-03-22T12:53:00Z,1H 0M 0S,5605,10
411.09010677345185,7381.636417209259,2022-03-22T13:53:00Z,1H 0M 0S,5605,10
411.50402636075887,7382.837970458441,2022-03-22T14:53:00Z,1H 0M 0S,5605,10
411.5484392135554,7382.879521771402,2022-03-22T15:53:00Z,1H 0M 0S,5605,10
413.01424330408776,7382.722290497512,2022-03-22T16:53:00Z,1H 0M 0S,5605,10
414.21542786899255,7385.5205187003385,2022-03-22T17:53:00Z,1H 0M 0S,5605,10
414.10652169591026,7385.718733466617,2022-03-22T18:53:00Z,1H 0M 0S,5605,10
414.0088172279256,7387.17692919299,2022-03-22T19:53:00Z,1H 0M 0S,5605,10
414.0510466648448,7387.2088513443605,2022-03-22T20:53:00Z,1H 0M 0S,5605,10
414.161715630827,7387.261068527483,2022-03-22T21:53:00Z,1H 0M 0S,5605,10
414.5061402621677,7387.462373304758,2022-03-22T22:53:00Z,1H 0M 0S,5605,10
414.5185429359454,7387.469148484312,2022-03-22T23:53:00Z,1H 0M 0S,5605,10
414.99235591420114,7387.463351037471,2022-03-23T00:53:00Z,1H 0M 0S,5605,10
415.10261422883156,7387.304884661611,2022-03-23T01:53:00Z,1H 0M 0S,5605,10
415.20553928747165,7387.232407420987,2022-03-23T02:53:00Z,1H 0M 0S,5605,10
415.9787032942203,7387.836233623834,2022-03-23T03:53:00Z,1H 0M 0S,5605,10
416.1118356249355,7387.802015203424,2022-03-23T04:53:00Z,1H 0M 0S,5605,10
416.58798507356164,7387.869910802246,2022-03-23T05:53:00Z,1H 0M 0S,5605,10
417.57937028325193,7389.478030352945,2022-03-23T06:53:00Z,1H 0M 0S,5605,10
417.7132842787864,7389.83169987646,2022-03-23T07:53:00Z,1H 0M 0S,5605,10
418.38840821463,7389.504734745824,2022-03-23T08:53:00Z,1H 0M 0S,5605,10
419.15091627450965,7388.989032166269,2022-03-23T09:53:00Z,1H 0M 0S,5605,10
419.2026089389306,7388.986056431356,2022-03-23T10:53:00Z,1H 0M 0S,5605,10
419.3051602697713,7388.993734539849,2022-03-23T11:53:00Z,1H 0M 0S,5605,10
419.78791652863816,7389.701933448775,2022-03-23T12:53:00Z,1H 0M 0S,5605,10
420.35554312963774,7390.049422898372,2022-03-23T13:53:00Z,1H 0M 0S,5605,10
420.39027581707455,7390.066172358037,2022-03-23T14:53:00Z,1H 0M 0S,5605,10
420.60539969977214,7390.123340774729,2022-03-23T15:53:00Z,1H 0M 0S,5605,10
419.7706855651348,7389.961186002538,2022-03-23T16:53:00Z,1H 0M 0S,5605,10
419.7879371277609,7389.9803915850725,2022-03-23T17:53:00Z,1H 0M 0S,5605,10
419.75495293819887,7390.108580534615,2022-03-23T18:53:00Z,1H 0M 0S,5605,10
419.8986859173308,7391.070121524392,2022-03-23T19:53:00Z,1H 0M 0S,5605,10
419.8674511555767,7391.350281313177,2022-03-23T20:53:00Z,1H 0M 0S,5605,10
419.5395664206128,7391.468903847567,2022-03-23T21:53:00Z,1H 0M 0S,5605,10
419.4731713208514,7391.3524297019385,2022-03-23T22:53:00Z,1H 0M 0S,5605,10
419.2244194653809,7390.656439745434,2022-03-23T23:53:00Z,1H 0M 0S,5605,10
419.2141805242256,7390.654557951915,2022-03-24T00:53:00Z,1H 0M 0S,5605,10
418.16928394486695,7390.904986081744,2022-03-24T01:53:00Z,1H 0M 0S,5605,10
418.1239531044421,7391.150084669277,2022-03-24T02:53:00Z,1H 0M 0S,5605,10
417.7707318000503,7391.559814813839,2022-03-24T03:53:00Z,1H 0M 0S,5605,10
417.45073725761875,7392.22680749216,2022-03-24T04:53:00Z,1H 0M 0S,5605,10
417.3280047077301,7392.521395453291,2022-03-24T05:53:00Z,1H 0M 0S,5605,10
417.2127134637335,7392.699776176987,2022-03-24T06:53:00Z,1H 0M 0S,5605,10
416.8087595734789,7393.214632743893,2022-03-24T07:53:00Z,1H 0M 0S,5605,10
416.65126504074846,7393.597792005947,2022-03-24T08:53:00Z,1H 0M 0S,5605,10
417.1606918968248,7393.643296752927,2022-03-24T09:53:00Z,1H 0M 0S,5605,10
417.93772376120455,7394.630560596516,2022-03-24T10:53:00Z,1H 0M 0S,5605,10
417.97698882637366,7394.557640182129,2022-03-24T11:53:00Z,1H 0M 0S,5605,10
418.99810570493844,7394.300825759478,2022-03-24T12:53:00Z,1H 0M 0S,5605,10
419.1523048304018,7394.314375958871,2022-03-24T13:53:00Z,1H 0M 0S,5605,10
420.3387485865325,7394.1292468252195,2022-03-24T14:53:00Z,1H 0M 0S,5605,10
420.55202236810754,7394.888739423949,2022-03-24T15:53:00Z,1H 0M 0S,5605,10
421.14067440032585,7395.195056233679,2022-03-24T16:53:00Z,1H 0M 0S,5605,10
421.4736886405558,7395.335927382758,2022-03-24T17:53:00Z,1H 0M 0S,5605,10
421.54935350453707,7395.769394952486,2022-03-24T18:53:00Z,1H 0M 0S,5605,10
421.65809161091096,7396.39259503772,2022-03-24T19:53:00Z,1H 0M 0S,5605,10
421.1612287058789,7396.59141000598,2022-03-24T20:53:00Z,1H 0M 0S,5605,10
421.0986706756285,7396.590910476376,2022-03-24T21:53:00Z,1H 0M 0S,5605,10
420.55582641827135,7395.967962225909,2022-03-24T22:53:00Z,1H 0M 0S,5605,10
420.27182714080396,7393.602110088878,2022-03-24T23:53:00Z,1H 0M 0S,5605,10
420.27308018827625,7393.593173614044,2022-03-25T00:53:00Z,1H 0M 0S,5605,10
420.16824800830767,7393.18804392908,2022-03-25T01:53:00Z,1H 0M 0S,5605,10
420.0040483987731,7393.077572419506,2022-03-25T02:53:00Z,1H 0M 0S,5605,10
419.89658044425744,7392.843135913518,2022-03-25T03:53:00Z,1H 0M 0S,5605,10
419.8145340387462,7392.910475255908,2022-03-25T04:53:00Z,1H 0M 0S,5605,10
419.59491419076625,7393.252297423795,2022-03-25T05:53:00Z,1H 0M 0S,5605,10
420.1660102618781,7394.8785577191975,2022-03-25T06:53:00Z,1H 0M 0S,5605,10
420.0409897799196,7395.06636178026,2022-03-25T07:53:00Z,1H 0M 0S,5605,10
419.9797869109378,7395.052275980831,2022-03-25T08:53:00Z,1H 0M 0S,5605,10
419.5106492137917,7394.90753626755,2022-03-25T09:53:00Z,1H 0M 0S,5605,10
419.89712321230905,7396.844630917565,2022-03-25T10:53:00Z,1H 0M 0S,5605,10
420.30610864094444,7398.37942510195,2022-03-25T11:53:00Z,1H 0M 0S,5605,10
421.33938301702045,7400.0180553399305,2022-03-25T12:53:00Z,1H 0M 0S,5605,10
421.3808267356817,7400.262237757083,2022-03-25T13:53:00Z,1H 0M 0S,5605,10
420.4047580298617,7400.52600562964,2022-03-25T14:53:00Z,1H 0M 0S,5605,10
527.0154049924537,7496.939799284272,2022-11-23T21:21:00Z,1H 0M 0S,6469,1
526.7288316679188,7496.501217539479,2022-11-23T22:21:00Z,1H 0M 0S,6469,1
524.4562596135048,7495.627383380955,2022-11-23T23:21:00Z,1H 0M 0S,6469,1
523.99095260154,7495.581232330868,2022-11-24T00:21:00Z,1H 0M 0S,6469,1
524.1286607830906,7496.382235546464,2022-11-24T01:21:00Z,1H 0M 0S,6469,1
525.0984084591204,7497.624955065628,2022-11-24T02:21:00Z,1H 0M 0S,6469,1
525.3074713373218,7497.626998833543,2022-11-24T03:21:00Z,1H 0M 0S,6469,1
526.0722748968919,7497.382592622562,2022-11-24T04:21:00Z,1H 0M 0S,6469,1
526.3816702921926,7497.268949199197,2022-11-24T05:21:00Z,1H 0M 0S,6469,1
526.5626036487736,7498.860022583121,2022-11-24T06:21:00Z,1H 0M 0S,6469,1
526.7182939669625,7499.305164588119,2022-11-24T07:21:00Z,1H 0M 0S,6469,1
526.8219150398686,7499.419944713426,2022-11-24T08:21:00Z,1H 0M 0S,6469,1
526.0011205721544,7499.443675001915,2022-11-24T09:21:00Z,1H 0M 0S,6469,1
525.9369361994659,7499.571306416302,2022-11-24T10:21:00Z,1H 0M 0S,6469,1
525.7881735743498,7499.621018631587,2022-11-24T11:21:00Z,1H 0M 0S,6469,1
525.1327218086238,7500.4867658004105,2022-11-24T12:21:00Z,1H 0M 0S,6469,1
522.91055264812735,7501.803617998972,2022-11-24T13:21:00Z,1H 0M 0S,6469,1
522.5762785731225,7501.664049692997,2022-11-24T14:21:00Z,1H 0M 0S,6469,1
522.1514128547988,7502.126285060639,2022-11-24T15:21:00Z,1H 0M 0S,6469,1
520.780616775739,7502.050248036077,2022-11-24T16:21:00Z,1H 0M 0S,6469,1
520.6018500604091,7502.038764796535,2022-11-24T17:21:00Z,1H 0M 0S,6469,1
520.3321648161136,7502.008391897942,2022-11-24T18:21:00Z,1H 0M 0S,6469,1
518.4927967543256,7503.615008911213,2022-11-24T19:21:00Z,1H 0M 0S,6469,1
519.5818667045305,7504.9901711980465,2022-11-24T20:21:00Z,1H 0M 0S,6469,1
519.2711068919449,7505.523886969034,2022-11-24T21:21:00Z,1H 0M 0S,6469,1
519.1901181574268,7505.66341926784,2022-11-24T22:21:00Z,1H 0M 0S,6469,1
519.0565473311996,7505.710178636943,2022-11-24T23:21:00Z,1H 0M 0S,6469,1
520.4592144098704,7504.934546035374,2022-11-25T00:21:00Z,1H 0M 0S,6469,1
520.7429144393279,7504.855674999077,2022-11-25T01:21:00Z,1H 0M 0S,6469,1
520.1757973840289,7504.513265025021,2022-11-25T02:21:00Z,1H 0M 0S,6469,1
519.6112441521142,7506.112553367809,2022-11-25T03:21:00Z,1H 0M 0S,6469,1
519.6099772282274,7506.159974254956,2022-11-25T04:21:00Z,1H 0M 0S,6469,1
519.5687929436087,7506.261621545072,2022-11-25T05:21:00Z,1H 0M 0S,6469,1
519.333970304092,7506.205557343376,2022-11-25T06:21:00Z,1H 0M 0S,6469,1
519.2122138624715,7506.356630665003,2022-11-25T07:21:00Z,1H 0M 0S,6469,1
518.7712415017429,7506.828018746291,2022-11-25T08:21:00Z,1H 0M 0S,6469,1
517.4244118979806,7507.869872563177,2022-11-25T09:21:00Z,1H 0M 0S,6469,1
516.5259657457211,7508.002379221409,2022-11-25T10:21:00Z,1H 0M 0S,6469,1
515.8965102624742,7508.4891276650005,2022-11-25T11:21:00Z,1H 0M 0S,6469,1
515.3022733793825,7507.967929995461,2022-11-25T12:21:00Z,1H 0M 0S,6469,1
514.786928554118,7507.793168411668,2022-11-25T13:21:00Z,1H 0M 0S,6469,1
514.6305989107881,7507.732579369395,2022-11-25T14:21:00Z,1H 0M 0S,6469,1
512.8774968662401,7508.4951052107,2022-11-25T15:21:00Z,1H 0M 0S,6469,1
512.2741938920074,7508.322812910837,2022-11-25T16:21:00Z,1H 0M 0S,6469,1
512.0565346465937,7508.276940890982,2022-11-25T17:21:00Z,1H 0M 0S,6469,1
512.7515295252375,7508.228580793218,2022-11-25T18:21:00Z,1H 0M 0S,6469,1
513.0809354389897,7508.403282894404,2022-11-25T19:21:00Z,1H 0M 0S,6469,1
513.0733839424481,7508.455719324747,2022-11-25T20:21:00Z,1H 0M 0S,6469,1
513.1947458382112,7508.957280459645,2022-11-25T21:21:00Z,1H 0M 0S,6469,1
513.2726592438452,7509.211067274709,2022-11-25T22:21:00Z,1H 0M 0S,6469,1
515.4990328510348,7509.695167529389,2022-11-25T23:21:00Z,1H 0M 0S,6469,1
516.110827117814,7509.951928797328,2022-11-26T00:21:00Z,1H 0M 0S,6469,1
516.6134865934446,7510.197702186064,2022-11-26T01:21:00Z,1H 0M 0S,6469,1
516.8477902881174,7510.359465045338,2022-11-26T02:21:00Z,1H 0M 0S,6469,1
516.8517275847414,7510.36150918721,2022-11-26T03:21:00Z,1H 0M 0S,6469,1
517.315867520413,7510.631672811122,2022-11-26T04:21:00Z,1H 0M 0S,6469,1
517.3519515648101,7510.754792892667,2022-11-26T05:21:00Z,1H 0M 0S,6469,1
517.434318804227,7510.816608408923,2022-11-26T06:21:00Z,1H 0M 0S,6469,1
517.7901094156414,7511.342507235873,2022-11-26T07:21:00Z,1H 0M 0S,6469,1
517.8496789974763,7511.527755695139,2022-11-26T08:21:00Z,1H 0M 0S,6469,1
517.9200366765642,7511.578096125327,2022-11-26T09:21:00Z,1H 0M 0S,6469,1
518.1725297275228,7511.964842561388,2022-11-26T10:21:00Z,1H 0M 0S,6469,1
518.7795147763991,7512.267298495203,2022-11-26T11:21:00Z,1H 0M 0S,6469,1
519.589239509568,7512.210700790024,2022-11-26T12:21:00Z,1H 0M 0S,6469,1
519.4363245771096,7511.263721535272,2022-11-26T13:21:00Z,1H 0M 0S,6469,1
520.206765597299,7510.768939283695,2022-11-26T14:21:00Z,1H 0M 0S,6469,1
520.8545055573074,7510.626858460188,2022-11-26T15:21:00Z,1H 0M 0S,6469,1
520.976267523329,7510.570244093078,2022-11-26T16:21:00Z,1H 0M 0S,6469,1
521.6726558834084,7509.414012324452,2022-11-26T17:21:00Z,1H 0M 0S,6469,1
523.1672971691991,7509.417438102224,2022-11-26T18:21:00Z,1H 0M 0S,6469,1
523.1656326485106,7509.443736919424,2022-11-26T19:21:00Z,1H 0M 0S,6469,1
522.5292381443531,7509.752230137232,2022-11-26T20:21:00Z,1H 0M 0S,6469,1
521.8261024414031,7509.9750329234,2022-11-26T21:21:00Z,1H 0M 0S,6469,1
521.7867109755553,7509.931368402429,2022-11-26T22:21:00Z,1H 0M 0S,6469,1
521.8392705294941,7509.995007467717,2022-11-26T23:21:00Z,1H 0M 0S,6469,1
522.2511512282831,7509.811089161203,2022-11-27T00:21:00Z,1H 0M 0S,6469,1
523.534618560769,7508.7071109580875,2022-11-27T01:21:00Z,1H 0M 0S,6469,1
523.8046111123924,7508.457328409949,2022-11-27T02:21:00Z,1H 0M 0S,6469,1
523.1741918120955,7507.590477376639,2022-11-27T03:21:00Z,1H 0M 0S,6469,1
522.8649412390539,7507.119537789315,2022-11-27T04:21:00Z,1H 0M 0S,6469,1
521.5921822881559,7506.866284822979,2022-11-27T05:21:00Z,1H 0M 0S,6469,1
519.7665508559779,7506.6518375099195,2022-11-27T06:21:00Z,1H 0M 0S,6469,1
519.6995320069428,7506.613465536433,2022-11-27T07:21:00Z,1H 0M 0S,6469,1
519.6097120757231,7506.482056311281,2022-11-27T08:21:00Z,1H 0M 0S,6469,1
518.9532445537541,7505.994481562141,2022-11-27T09:21:00Z,1H 0M 0S,6469,1
518.8925621011492,7505.956955311991,2022-11-27T10:21:00Z,1H 0M 0S,6469,1
518.8279253214462,7505.573202361488,2022-11-27T11:21:00Z,1H 0M 0S,6469,1
517.976087861594,7505.598185446156,2022-11-27T12:21:00Z,1H 0M 0S,6469,1
517.7566160033729,7504.76557913406,2022-11-27T13:21:00Z,1H 0M 0S,6469,1
517.6751376205941,7504.5262209113625,2022-11-27T14:21:00Z,1H 0M 0S,6469,1
517.5100792010738,7503.257767854343,2022-11-27T15:21:00Z,1H 0M 0S,6469,1
517.3860680688382,7503.227942283156,2022-11-27T16:21:00Z,1H 0M 0S,6469,1
517.1953247736988,7503.260595177828,2022-11-27T17:21:00Z,1H 0M 0S,6469,1
516.2238548922217,7503.1427092841805,2022-11-27T18:21:00Z,1H 0M 0S,6469,1
516.1944816330598,7503.1137080797735,2022-11-27T19:21:00Z,1H 0M 0S,6469,1
515.3108114314156,7502.585330254304,2022-11-27T20:21:00Z,1H 0M 0S,6469,1
515.0984808175955,7502.405689896388,2022-11-27T21:21:00Z,1H 0M 0S,6469,1
515.0779756442695,7502.387886851108,2022-11-27T22:21:00Z,1H 0M 0S,6469,1
514.1062151484094,7501.92562558526,2022-11-27T23:21:00Z,1H 0M 0S,6469,1
513.7747285545054,7502.152601094347,2022-11-28T00:21:00Z,1H 0M 0S,6469,1
513.8467749022595,7502.179750382119,2022-11-28T01:21:00Z,1H 0M 0S,6469,1
514.339939426705,7501.6166364797045,2022-11-28T02:21:00Z,1H 0M 0S,6469,1
514.7507284605468,7500.579223777205,2022-11-28T03:21:00Z,1H 0M 0S,6469,1
515.0528232943785,7500.397280363361,2022-11-28T04:21:00Z,1H 0M 0S,6469,1
516.1400466285573,7500.5390385502305,2022-11-28T05:21:00Z,1H 0M 0S,6469,1
516.192384262813,7500.524912407955,2022-11-28T06:21:00Z,1H 0M 0S,6469,1
516.4614402190764,7501.090221618487,2022-11-28T07:21:00Z,1H 0M 0S,6469,1
516.5431922107538,7501.339144665842,2022-11-28T08:21:00Z,1H 0M 0S,6469,1
516.8440133064412,7501.455901677869,2022-11-28T09:21:00Z,1H 0M 0S,6469,1
516.9005030949405,7501.579898599021,2022-11-28T10:21:00Z,1H 0M 0S,6469,1
516.9154309125291,7501.679603096529,2022-11-28T11:21:00Z,1H 0M 0S,6469,1
516.9049918447918,7501.688682817969,2022-11-28T12:21:00Z,1H 0M 0S,6469,1
516.9268181391567,7501.709980879885,2022-11-28T13:21:00Z,1H 0M 0S,6469,1
517.0080538133677,7501.78561896807,2022-11-28T14:21:00Z,1H 0M 0S,6469,1
517.0852272132021,7501.754739552544,2022-11-28T15:21:00Z,1H 0M 0S,6469,1
517.2322518762809,7501.687309802167,2022-11-28T16:21:00Z,1H 0M 0S,6469,1
517.5678681753736,7502.060140505989,2022-11-28T17:21:00Z,1H 0M 0S,6469,1
517.8460811749256,7502.440883339777,2022-11-28T18:21:00Z,1H 0M 0S,6469,1
518.0225109743315,7502.469654012861,2022-11-28T19:21:00Z,1H 0M 0S,6469,1
518.4645878777483,7502.4573978164035,2022-11-28T20:21:00Z,1H 0M 0S,6469,1
518.7850828025397,7503.262464782203,2022-11-28T21:21:00Z,1H 0M 0S,6469,1
518.9236917291506,7503.497560686444,2022-11-28T22:21:00Z,1H 0M 0S,6469,1
519.0763848147941,7503.883125628532,2022-11-28T23:21:00Z,1H 0M 0S,6469,1
518.8605724471774,7505.447635285241,2022-11-29T00:21:00Z,1H 0M 0S,6469,1
518.2882054991575,7505.772705358192,2022-11-29T01:21:00Z,1H 0M 0S,6469,1
517.4926101836323,7507.354451965765,2022-11-29T02:21:00Z,1H 0M 0S,6469,1
517.1967006394079,7507.514127628942,2022-11-29T03:21:00Z,1H 0M 0S,6469,1
517.1213692131903,7507.590417303608,2022-11-29T04:21:00Z,1H 0M 0S,6469,1
517.0926680740363,7507.614951853088,2022-11-29T05:21:00Z,1H 0M 0S,6469,1
516.7934411039798,7507.4572347970125,2022-11-29T06:21:00Z,1H 0M 0S,6469,1
516.4219392979278,7507.227590866437,2022-11-29T07:21:00Z,1H 0M 0S,6469,1
516.0724593408962,7507.708618644348,2022-11-29T08:21:00Z,1H 0M 0S,6469,1
515.4333933073749,7508.179942589623,2022-11-29T09:21:00Z,1H 0M 0S,6469,1
515.4437633285042,7508.3109278895845,2022-11-29T10:21:00Z,1H 0M 0S,6469,1
515.5894561326342,7508.945760790977,2022-11-29T11:21:00Z,1H 0M 0S,6469,1
515.8429136195554,7508.88575809301,2022-11-29T12:21:00Z,1H 0M 0S,6469,1
515.9917973378704,7508.992098997161,2022-11-29T13:21:00Z,1H 0M 0S,6469,1
516.110974789968,7508.942101848053,2022-11-29T14:21:00Z,1H 0M 0S,6469,1
516.1078274002401,7508.935558978054,2022-11-29T15:21:00Z,1H 0M 0S,6469,1
516.1335911784901,7508.860690928115,2022-11-29T16:21:00Z,1H 0M 0S,6469,1
516.3350308610196,7508.80158521224,2022-11-29T17:21:00Z,1H 0M 0S,6469,1
516.8562879231558,7508.833000423679,2022-11-29T18:21:00Z,1H 0M 0S,6469,1
517.2913110510272,7508.6483448213085,2022-11-29T19:21:00Z,1H 0M 0S,6469,1
516.0206244937318,7508.741383220055,2022-11-29T20:21:00Z,1H 0M 0S,6469,1
515.9525893620436,7508.694810084184,2022-11-29T21:21:00Z,1H 0M 0S,6469,1
515.7980577213386,7508.376312835602,2022-11-29T22:21:00Z,1H 0M 0S,6469,1
515.803578305009,7508.40284761377,2022-11-29T23:21:00Z,1H 0M 0S,6469,1
516.62171193836,7509.447966742356,2022-11-30T00:21:00Z,1H 0M 0S,6469,1
516.6719021115955,7509.507924688434,2022-11-30T01:21:00Z,1H 0M 0S,6469,1
516.6468010240628,7509.77401048803,2022-11-30T02:21:00Z,1H 0M 0S,6469,1
516.693315352469,7509.993522540004,2022-11-30T03:21:00Z,1H 0M 0S,6469,1
516.5738596412101,7510.8399676622375,2022-11-30T04:21:00Z,1H 0M 0S,6469,1
515.9838742873268,7511.146611969085,2022-11-30T05:21:00Z,1H 0M 0S,6469,1
516.111664164638,7512.829493667555,2022-11-30T06:21:00Z,1H 0M 0S,6469,1
516.117999827942,7513.107709674242,2022-11-30T07:21:00Z,1H 0M 0S,6469,1
516.097650616791,7513.293209016393,2022-11-30T08:21:00Z,1H 0M 0S,6469,1
516.7381039224018,7515.727031527175,2022-11-30T09:21:00Z,1H 0M 0S,6469,1
516.7382658473041,7515.733567614671,2022-11-30T10:21:00Z,1H 0M 0S,6469,1
516.221619525733,7516.066420393664,2022-11-30T11:21:00Z,1H 0M 0S,6469,1
515.5254718514501,7516.430783801254,2022-11-30T12:21:00Z,1H 0M 0S,6469,1
515.2717425986832,7516.64936436562,2022-11-30T13:21:00Z,1H 0M 0S,6469,1
515.0613440175696,7516.584998054696,2022-11-30T14:21:00Z,1H 0M 0S,6469,1
514.9351890940835,7516.59172681375,2022-11-30T15:21:00Z,1H 0M 0S,6469,1
514.0315398030657,7516.81566078017,2022-11-30T16:21:00Z,1H 0M 0S,6469,1
513.9159883915667,7516.87155444803,2022-11-30T17:21:00Z,1H 0M 0S,6469,1
514.008660540584,7517.0909778538635,2022-11-30T18:21:00Z,1H 0M 0S,6469,1
513.8927179557164,7517.194951746728,2022-11-30T19:21:00Z,1H 0M 0S,6469,1
513.0604604721531,7517.091246880049,2022-11-30T20:21:00Z,1H 0M 0S,6469,1
512.8498920718989,7517.159624578885,2022-11-30T21:21:00Z,1H 0M 0S,6469,1
512.786138937065,7517.047740111887,2022-11-30T22:21:00Z,1H 0M 0S,6469,1
512.7934506577323,7516.950737935348,2022-11-30T23:21:00Z,1H 0M 0S,6469,1
513.7875497467668,7515.833325444037,2022-12-01T00:21:00Z,1H 0M 0S,6469,1
514.5141976760917,7515.566912370601,2022-12-01T01:21:00Z,1H 0M 0S,6469,1
515.3397376628869,7515.364786339968,2022-12-01T02:21:00Z,1H 0M 0S,6469,1
515.5501208096533,7514.449045761753,2022-12-01T03:21:00Z,1H 0M 0S,6469,1
515.4181854502775,7513.829981976172,2022-12-01T04:21:00Z,1H 0M 0S,6469,1
515.6424158858093,7512.580678863615,2022-12-01T05:21:00Z,1H 0M 0S,6469,1
515.6284736282943,7511.833778185007,2022-12-01T06:21:00Z,1H 0M 0S,6469,1
515.375353870245,7511.042203767113,2022-12-01T07:21:00Z,1H 0M 0S,6469,1
515.4388720289406,7510.835446330925,2022-12-01T08:21:00Z,1H 0M 0S,6469,1
515.4722897847182,7510.744895758015,2022-12-01T09:21:00Z,1H 0M 0S,6469,1
515.4342376843184,7510.790638998872,2022-12-01T10:21:00Z,1H 0M 0S,6469,1
514.9678047782842,7511.018295030666,2022-12-01T11:21:00Z,1H 0M 0S,6469,1
514.0714939251129,7510.956370298367,2022-12-01T12:21:00Z,1H 0M 0S,6469,1
513.9645957003572,7510.755609443958,2022-12-01T13:21:00Z,1H 0M 0S,6469,1
513.846860580744,7510.576081491931,2022-12-01T14:21:00Z,1H 0M 0S,6469,1
513.1368219199954,7512.349689119261,2022-12-01T15:21:00Z,1H 0M 0S,6469,1
513.6419250191747,7512.7321563600235,2022-12-01T16:21:00Z,1H 0M 0S,6469,1
513.6086086197886,7512.765458427455,2022-12-01T17:21:00Z,1H 0M 0S,6469,1
513.0466620066842,7512.8615555973265,2022-12-01T18:21:00Z,1H 0M 0S,6469,1
512.2216028805053,7512.5521202646805,2022-12-01T19:21:00Z,1H 0M 0S,6469,1
512.2161608571156,7512.437114014429,2022-12-01T20:21:00Z,1H 0M 0S,6469,1
512.2269489205997,7512.021458399818,2022-12-01T21:21:00Z,1H 0M 0S,6469,1
512.0389715811466,7511.868978384869,2022-12-01T22:21:00Z,1H 0M 0S,6469,1
510.62554997864777,7511.812574503789,2022-12-01T23:21:00Z,1H 0M 0S,6469,1
510.62404852631965,7511.8158273878935,2022-12-02T00:21:00Z,1H 0M 0S,6469,1
510.99527657106023,7511.931760281764,2022-12-02T01:21:00Z,1H 0M 0S,6469,1
511.90210023830247,7512.11358949709,2022-12-02T02:21:00Z,1H 0M 0S,6469,1
511.9566245685311,7512.223941277465,2022-12-02T03:21:00Z,1H 0M 0S,6469,1
511.93300689684276,7512.284528203114,2022-12-02T04:21:00Z,1H 0M 0S,6469,1
512.3232495843904,7512.210739294664,2022-12-02T05:21:00Z,1H 0M 0S,6469,1
527.0154049924537,7496.939799284272,2022-11-23T21:21:00Z,1H 0M 0S,6469,2
529.7358566449748,7497.00085664219,2022-11-23T22:21:00Z,1H 0M 0S,6469,2
531.8337830143934,7495.967599119581,2022-11-23T23:21:00Z,1H 0M 0S,6469,2
531.9280963571072,7495.766128973293,2022-11-24T00:21:00Z,1H 0M 0S,6469,2
531.6043696664442,7495.350474838587,2022-11-24T01:21:00Z,1H 0M 0S,6469,2
531.5853301096463,7495.356297859334,2022-11-24T02:21:00Z,1H 0M 0S,6469,2
530.8800948822259,7495.515020232773,2022-11-24T03:21:00Z,1H 0M 0S,6469,2
531.2055834068846,7495.678394242997,2022-11-24T04:21:00Z,1H 0M 0S,6469,2
531.3483499485685,7495.506753599617,2022-11-24T05:21:00Z,1H 0M 0S,6469,2
532.2489421733925,7495.199830127653,2022-11-24T06:21:00Z,1H 0M 0S,6469,2
533.3281976736308,7495.753145415262,2022-11-24T07:21:00Z,1H 0M 0S,6469,2
534.1534479509959,7494.982920579823,2022-11-24T08:21:00Z,1H 0M 0S,6469,2
534.7669717142273,7493.828817441723,2022-11-24T09:21:00Z,1H 0M 0S,6469,2
534.8597538089014,7493.928167534957,2022-11-24T10:21:00Z,1H 0M 0S,6469,2
535.8928376271426,7494.625987001876,2022-11-24T11:21:00Z,1H 0M 0S,6469,2
536.1542393622628,7494.843453354559,2022-11-24T12:21:00Z,1H 0M 0S,6469,2
536.2169572876637,7494.830585261153,2022-11-24T13:21:00Z,1H 0M 0S,6469,2
536.6551749009674,7494.7350869335605,2022-11-24T14:21:00Z,1H 0M 0S,6469,2
536.6678184942577,7494.72595984896,2022-11-24T15:21:00Z,1H 0M 0S,6469,2
536.4746592746568,7494.274409588273,2022-11-24T16:21:00Z,1H 0M 0S,6469,2
536.2086851105219,7494.156414665329,2022-11-24T17:21:00Z,1H 0M 0S,6469,2
535.8429725158514,7494.006045946915,2022-11-24T18:21:00Z,1H 0M 0S,6469,2
535.6588866606386,7492.63868737103,2022-11-24T19:21:00Z,1H 0M 0S,6469,2
536.9065763434196,7491.1605573478055,2022-11-24T20:21:00Z,1H 0M 0S,6469,2
540.5601792164803,7491.382362885052,2022-11-24T21:21:00Z,1H 0M 0S,6469,2
540.6039700968037,7491.342381320415,2022-11-24T22:21:00Z,1H 0M 0S,6469,2
540.0805540262922,7490.585832898692,2022-11-24T23:21:00Z,1H 0M 0S,6469,2
540.0939059349693,7490.225397341566,2022-11-25T00:21:00Z,1H 0M 0S,6469,2
539.9104976660132,7489.8328507114575,2022-11-25T01:21:00Z,1H 0M 0S,6469,2
539.7444847865955,7489.501127040057,2022-11-25T02:21:00Z,1H 0M 0S,6469,2
538.6595055877071,7489.717187916104,2022-11-25T03:21:00Z,1H 0M 0S,6469,2
538.6234546343518,7489.8347683775255,2022-11-25T04:21:00Z,1H 0M 0S,6469,2
538.6665285627752,7489.878085570167,2022-11-25T05:21:00Z,1H 0M 0S,6469,2
538.6823443044664,7489.891475331603,2022-11-25T06:21:00Z,1H 0M 0S,6469,2
539.8599472549352,7490.126625084206,2022-11-25T07:21:00Z,1H 0M 0S,6469,2
539.946192371106,7490.160631490052,2022-11-25T08:21:00Z,1H 0M 0S,6469,2
540.1850767148953,7490.731011060537,2022-11-25T09:21:00Z,1H 0M 0S,6469,2
540.1116804542236,7490.7653409602335,2022-11-25T10:21:00Z,1H 0M 0S,6469,2
539.9509846924415,7492.58947307223,2022-11-25T11:21:00Z,1H 0M 0S,6469,2
540.065510718895,7492.880196906804,2022-11-25T12:21:00Z,1H 0M 0S,6469,2
543.6494636325467,7490.854638273119,2022-11-25T13:21:00Z,1H 0M 0S,6469,2
543.7340414809494,7490.889269615623,2022-11-25T14:21:00Z,1H 0M 0S,6469,2
543.7725041455762,7490.945625048344,2022-11-25T15:21:00Z,1H 0M 0S,6469,2
543.725816243937,7490.368705572298,2022-11-25T16:21:00Z,1H 0M 0S,6469,2
543.9485203298275,7490.048494991102,2022-11-25T17:21:00Z,1H 0M 0S,6469,2
544.0778485797842,7490.094664801215,2022-11-25T18:21:00Z,1H 0M 0S,6469,2
544.1129749435853,7490.06207138215,2022-11-25T19:21:00Z,1H 0M 0S,6469,2
545.109299925508,7490.338347572147,2022-11-25T20:21:00Z,1H 0M 0S,6469,2
544.5931428327247,7489.078758886,2022-11-25T21:21:00Z,1H 0M 0S,6469,2
544.5859916003319,7489.066843828675,2022-11-25T22:21:00Z,1H 0M 0S,6469,2
544.577706759375,7489.055503279305,2022-11-25T23:21:00Z,1H 0M 0S,6469,2
544.4466522802568,7489.29631174221,2022-11-26T00:21:00Z,1H 0M 0S,6469,2
544.4070361948834,7489.757065933383,2022-11-26T01:21:00Z,1H 0M 0S,6469,2
545.4718611294376,7490.062646903694,2022-11-26T02:21:00Z,1H 0M 0S,6469,2
545.8986684070072,7490.435798801844,2022-11-26T03:21:00Z,1H 0M 0S,6469,2
545.7485506873936,7490.686194234874,2022-11-26T04:21:00Z,1H 0M 0S,6469,2
546.0843862098031,7490.915610596418,2022-11-26T05:21:00Z,1H 0M 0S,6469,2
545.9081319536989,7491.1726180277465,2022-11-26T06:21:00Z,1H 0M 0S,6469,2
545.8321869641726,7491.521422180329,2022-11-26T07:21:00Z,1H 0M 0S,6469,2
545.7174781508248,7491.575892502037,2022-11-26T08:21:00Z,1H 0M 0S,6469,2
545.7616909542792,7492.068732510886,2022-11-26T09:21:00Z,1H 0M 0S,6469,2
545.650669209271,7492.2552075492795,2022-11-26T10:21:00Z,1H 0M 0S,6469,2
545.5653760163628,7492.288834950675,2022-11-26T11:21:00Z,1H 0M 0S,6469,2
544.2509909215456,7493.251081477082,2022-11-26T12:21:00Z,1H 0M 0S,6469,2
543.9831266031318,7492.644588624367,2022-11-26T13:21:00Z,1H 0M 0S,6469,2
544.0648585684954,7491.616810171781,2022-11-26T14:21:00Z,1H 0M 0S,6469,2
544.4756027760411,7491.031637613292,2022-11-26T15:21:00Z,1H 0M 0S,6469,2
544.4809472769366,7490.875432381646,2022-11-26T16:21:00Z,1H 0M 0S,6469,2
544.2512050748486,7490.672242033845,2022-11-26T17:21:00Z,1H 0M 0S,6469,2
544.3521224736409,7490.6273634973895,2022-11-26T18:21:00Z,1H 0M 0S,6469,2
544.7918407468692,7490.467868780678,2022-11-26T19:21:00Z,1H 0M 0S,6469,2
544.8098268909894,7490.318254126071,2022-11-26T20:21:00Z,1H 0M 0S,6469,2
544.499243394305,7490.044121724985,2022-11-26T21:21:00Z,1H 0M 0S,6469,2
544.4756560068913,7490.026977794263,2022-11-26T22:21:00Z,1H 0M 0S,6469,2
544.5390484112575,7489.5669690398045,2022-11-26T23:21:00Z,1H 0M 0S,6469,2
542.6307229260109,7489.475772848441,2022-11-27T00:21:00Z,1H 0M 0S,6469,2
540.650398405851,7489.095310538513,2022-11-27T01:21:00Z,1H 0M 0S,6469,2
540.7235808577886,7489.375208780779,2022-11-27T02:21:00Z,1H 0M 0S,6469,2
540.6484664851956,7489.5417557367155,2022-11-27T03:21:00Z,1H 0M 0S,6469,2
539.7126068084505,7490.2629181104085,2022-11-27T04:21:00Z,1H 0M 0S,6469,2
539.7048630547247,7490.277996608186,2022-11-27T05:21:00Z,1H 0M 0S,6469,2
540.5303797966336,7490.484444123672,2022-11-27T06:21:00Z,1H 0M 0S,6469,2
541.258445944087,7490.529013495982,2022-11-27T07:21:00Z,1H 0M 0S,6469,2
541.7275461411905,7490.241886820169,2022-11-27T08:21:00Z,1H 0M 0S,6469,2
541.7804184231584,7490.218408531748,2022-11-27T09:21:00Z,1H 0M 0S,6469,2
542.1885473994025,7490.385416322356,2022-11-27T10:21:00Z,1H 0M 0S,6469,2
542.7891840347154,7490.608121215672,2022-11-27T11:21:00Z,1H 0M 0S,6469,2
542.7761612873006,7490.736452789055,2022-11-27T12:21:00Z,1H 0M 0S,6469,2
542.6732966151526,7490.79627354807,2022-11-27T13:21:00Z,1H 0M 0S,6469,2
542.6693897208604,7490.807613376363,2022-11-27T14:21:00Z,1H 0M 0S,6469,2
542.6669064330636,7490.811683296919,2022-11-27T15:21:00Z,1H 0M 0S,6469,2
542.6387159389263,7491.328385871588,2022-11-27T16:21:00Z,1H 0M 0S,6469,2
542.9721102727032,7492.604863281837,2022-11-27T17:21:00Z,1H 0M 0S,6469,2
543.0040620512063,7492.657406080998,2022-11-27T18:21:00Z,1H 0M 0S,6469,2
543.2539226352426,7493.185302159969,2022-11-27T19:21:00Z,1H 0M 0S,6469,2
543.2636217888778,7493.420369203836,2022-11-27T20:21:00Z,1H 0M 0S,6469,2
543.2097986449628,7493.539272830404,2022-11-27T21:21:00Z,1H 0M 0S,6469,2
543.1690477242947,7493.596075672498,2022-11-27T22:21:00Z,1H 0M 0S,6469,2
543.1502925519221,7493.589895125255,2022-11-27T23:21:00Z,1H 0M 0S,6469,2
543.1419089016701,7493.581367093324,2022-11-28T00:21:00Z,1H 0M 0S,6469,2
542.9715189211504,7493.325160738847,2022-11-28T01:21:00Z,1H 0M 0S,6469,2
542.844316753665,7493.317197035803,2022-11-28T02:21:00Z,1H 0M 0S,6469,2
541.403383033078,7493.845386246623,2022-11-28T03:21:00Z,1H 0M 0S,6469,2
542.0146170175159,7493.065487162945,2022-11-28T04:21:00Z,1H 0M 0S,6469,2
542.0495839680628,7492.999752875003,2022-11-28T05:21:00Z,1H 0M 0S,6469,2
542.7335865728528,7495.472169329661,2022-11-28T06:21:00Z,1H 0M 0S,6469,2
542.6889913020624,7495.544577998813,2022-11-28T07:21:00Z,1H 0M 0S,6469,2
542.448509256693,7495.800357547463,2022-11-28T08:21:00Z,1H 0M 0S,6469,2
542.1019751977142,7495.713703328551,2022-11-28T09:21:00Z,1H 0M 0S,6469,2
541.6130338122812,7495.243546157473,2022-11-28T10:21:00Z,1H 0M 0S,6469,2
541.0412110339386,7495.138072083541,2022-11-28T11:21:00Z,1H 0M 0S,6469,2
541.0940231510036,7495.064145136433,2022-11-28T12:21:00Z,1H 0M 0S,6469,2
541.3109132237869,7494.9458716435765,2022-11-28T13:21:00Z,1H 0M 0S,6469,2
540.8358031976745,7496.244485942472,2022-11-28T14:21:00Z,1H 0M 0S,6469,2
539.6968918812661,7497.0484304171005,2022-11-28T15:21:00Z,1H 0M 0S,6469,2
538.9981353772259,7496.7226967970955,2022-11-28T16:21:00Z,1H 0M 0S,6469,2
538.7807731919625,7496.397962835993,2022-11-28T17:21:00Z,1H 0M 0S,6469,2
539.2893220988285,7496.24032749245,2022-11-28T18:21:00Z,1H 0M 0S,6469,2
539.9427061160355,7496.651295911102,2022-11-28T19:21:00Z,1H 0M 0S,6469,2
541.528799170647,7497.199903004786,2022-11-28T20:21:00Z,1H 0M 0S,6469,2
542.0436238730434,7497.584346254853,2022-11-28T21:21:00Z,1H 0M 0S,6469,2
542.0063672707283,7498.641637506255,2022-11-28T22:21:00Z,1H 0M 0S,6469,2
541.6133518219126,7498.791122917467,2022-11-28T23:21:00Z,1H 0M 0S,6469,2
541.5986675574586,7498.797933670016,2022-11-29T00:21:00Z,1H 0M 0S,6469,2
541.279478146491,7498.036696809161,2022-11-29T01:21:00Z,1H 0M 0S,6469,2
541.2322446659164,7497.806054728856,2022-11-29T02:21:00Z,1H 0M 0S,6469,2
541.195788459426,7497.573295224185,2022-11-29T03:21:00Z,1H 0M 0S,6469,2
541.1996804305161,7497.568523878216,2022-11-29T04:21:00Z,1H 0M 0S,6469,2
541.4187751091537,7496.176979214896,2022-11-29T05:21:00Z,1H 0M 0S,6469,2
541.8510779842784,7495.850164023398,2022-11-29T06:21:00Z,1H 0M 0S,6469,2
541.9494752175718,7495.831209716547,2022-11-29T07:21:00Z,1H 0M 0S,6469,2
542.2047095782623,7495.865646355862,2022-11-29T08:21:00Z,1H 0M 0S,6469,2
542.2122621003074,7495.878001210429,2022-11-29T09:21:00Z,1H 0M 0S,6469,2
542.5123569749817,7496.367365583015,2022-11-29T10:21:00Z,1H 0M 0S,6469,2
542.5817155351069,7496.517933382046,2022-11-29T11:21:00Z,1H 0M 0S,6469,2
542.5810323306501,7496.522706020689,2022-11-29T12:21:00Z,1H 0M 0S,6469,2
542.697442308028,7496.719634256096,2022-11-29T13:21:00Z,1H 0M 0S,6469,2
542.7854335149432,7497.254911949686,2022-11-29T14:21:00Z,1H 0M 0S,6469,2
542.8466925922922,7497.921727679094,2022-11-29T15:21:00Z,1H 0M 0S,6469,2
543.7574710052656,7497.69690879086,2022-11-29T16:21:00Z,1H 0M 0S,6469,2
543.4735759417708,7497.917890637851,2022-11-29T17:21:00Z,1H 0M 0S,6469,2
542.9176141709709,7498.069051440941,2022-11-29T18:21:00Z,1H 0M 0S,6469,2
542.7845950150386,7498.12993241557,2022-11-29T19:21:00Z,1H 0M 0S,6469,2
542.0779235054324,7499.487429615195,2022-11-29T20:21:00Z,1H 0M 0S,6469,2
541.9089229382571,7499.628451780626,2022-11-29T21:21:00Z,1H 0M 0S,6469,2
541.6633437088155,7499.728261070847,2022-11-29T22:21:00Z,1H 0M 0S,6469,2
541.7791609831585,7499.810092313702,2022-11-29T23:21:00Z,1H 0M 0S,6469,2
541.9447314564335,7499.6505461490015,2022-11-30T00:21:00Z,1H 0M 0S,6469,2
542.5296151627748,7499.75602151247,2022-11-30T01:21:00Z,1H 0M 0S,6469,2
543.0024987639447,7499.323558737185,2022-11-30T02:21:00Z,1H 0M 0S,6469,2
543.170001300889,7499.006880578553,2022-11-30T03:21:00Z,1H 0M 0S,6469,2
543.2044594598677,7498.306118361161,2022-11-30T04:21:00Z,1H 0M 0S,6469,2
543.7977330714822,7497.017851718954,2022-11-30T05:21:00Z,1H 0M 0S,6469,2
544.04223332193,7496.260219161929,2022-11-30T06:21:00Z,1H 0M 0S,6469,2
544.7936478638366,7495.465227274018,2022-11-30T07:21:00Z,1H 0M 0S,6469,2
544.9586506614869,7495.1865167987635,2022-11-30T08:21:00Z,1H 0M 0S,6469,2
544.9021032111847,7494.409505108486,2022-11-30T09:21:00Z,1H 0M 0S,6469,2
544.9027613662814,7494.405203139677,2022-11-30T10:21:00Z,1H 0M 0S,6469,2
545.6579558720139,7494.034322994107,2022-11-30T11:21:00Z,1H 0M 0S,6469,2
546.1943423523163,7494.450617010226,2022-11-30T12:21:00Z,1H 0M 0S,6469,2
546.4060066607892,7495.146836110911,2022-11-30T13:21:00Z,1H 0M 0S,6469,2
546.2998278775066,7496.488828855831,2022-11-30T14:21:00Z,1H 0M 0S,6469,2
545.4987359884208,7497.044906160324,2022-11-30T15:21:00Z,1H 0M 0S,6469,2
545.4844376901898,7497.052504435548,2022-11-30T16:21:00Z,1H 0M 0S,6469,2
543.4339420426226,7497.348281537582,2022-11-30T17:21:00Z,1H 0M 0S,6469,2
543.188555567465,7497.60668639615,2022-11-30T18:21:00Z,1H 0M 0S,6469,2
542.7611208748385,7498.695718544987,2022-11-30T19:21:00Z,1H 0M 0S,6469,2
542.9341364209305,7498.6521408310055,2022-11-30T20:21:00Z,1H 0M 0S,6469,2
544.0303801910943,7498.8023455381,2022-11-30T21:21:00Z,1H 0M 0S,6469,2
544.2198207077614,7497.006278542286,2022-11-30T22:21:00Z,1H 0M 0S,6469,2
544.2971340457135,7496.908467933227,2022-11-30T23:21:00Z,1H 0M 0S,6469,2
544.4812690282342,7496.902620467328,2022-12-01T00:21:00Z,1H 0M 0S,6469,2
545.4629572219453,7497.205366571906,2022-12-01T01:21:00Z,1H 0M 0S,6469,2
545.504524390735,7497.228343261844,2022-12-01T02:21:00Z,1H 0M 0S,6469,2
545.6234335816704,7497.215102623077,2022-12-01T03:21:00Z,1H 0M 0S,6469,2
544.949452948756,7496.47128226885,2022-12-01T04:21:00Z,1H 0M 0S,6469,2
544.9333266640389,7496.426289078786,2022-12-01T05:21:00Z,1H 0M 0S,6469,2
544.9062222483255,7496.3505194990585,2022-12-01T06:21:00Z,1H 0M 0S,6469,2
544.0491491829063,7495.089173642837,2022-12-01T07:21:00Z,1H 0M 0S,6469,2
543.9465235323701,7494.92958874025,2022-12-01T08:21:00Z,1H 0M 0S,6469,2
543.8327283652536,7494.840278384912,2022-12-01T09:21:00Z,1H 0M 0S,6469,2
543.642281662147,7494.560070796952,2022-12-01T10:21:00Z,1H 0M 0S,6469,2
544.1820605477955,7494.807894209886,2022-12-01T11:21:00Z,1H 0M 0S,6469,2
544.2799408485765,7494.831848925388,2022-12-01T12:21:00Z,1H 0M 0S,6469,2
544.3496245479097,7495.005921401859,2022-12-01T13:21:00Z,1H 0M 0S,6469,2
543.967708282709,7496.7183934179,2022-12-01T14:21:00Z,1H 0M 0S,6469,2
544.0352291408301,7497.158989857178,2022-12-01T15:21:00Z,1H 0M 0S,6469,2
544.0302522464802,7498.554676178829,2022-12-01T16:21:00Z,1H 0M 0S,6469,2
544.0468841322844,7498.709112213936,2022-12-01T17:21:00Z,1H 0M 0S,6469,2
544.0679134013991,7499.1823741945755,2022-12-01T18:21:00Z,1H 0M 0S,6469,2
543.9793521051251,7499.16590842179,2022-12-01T19:21:00Z,1H 0M 0S,6469,2
543.7219817075617,7499.19847380843,2022-12-01T20:21:00Z,1H 0M 0S,6469,2
543.3725321032341,7499.3001681399555,2022-12-01T21:21:00Z,1H 0M 0S,6469,2
543.3480551162022,7499.571276664193,2022-12-01T22:21:00Z,1H 0M 0S,6469,2
542.9374052121282,7500.0879620142305,2022-12-01T23:21:00Z,1H 0M 0S,6469,2
542.9261499882682,7500.10062489957,2022-12-02T00:21:00Z,1H 0M 0S,6469,2
542.6527641329071,7500.322297511602,2022-12-02T01:21:00Z,1H 0M 0S,6469,2
541.9252554903719,7500.348921673513,2022-12-02T02:21:00Z,1H 0M 0S,6469,2
541.445039193879,7500.4252031335245,2022-12-02T03:21:00Z,1H 0M 0S,6469,2
541.2383720233262,7500.594387445553,2022-12-02T04:21:00Z,1H 0M 0S,6469,2
539.8532414625344,7501.292972656279,2022-12-02T05:21:00Z,1H 0M 0S,6469,2
527.0154049924537,7496.939799284272,2022-11-23T21:21:00Z,1H 0M 0S,6469,3
526.9425176158827,7496.910850207172,2022-11-23T22:21:00Z,1H 0M 0S,6469,3
526.8219574109603,7497.107936100708,2022-11-23T23:21:00Z,1H 0M 0S,6469,3
526.8247797317338,7497.385764751853,2022-11-24T00:21:00Z,1H 0M 0S,6469,3
527.1338294684764,7497.972861728476,2022-11-24T01:21:00Z,1H 0M 0S,6469,3
526.7411367574962,7497.594423818669,2022-11-24T02:21:00Z,1H 0M 0S,6469,3
526.5302724756295,7497.252875518139,2022-11-24T03:21:00Z,1H 0M 0S,6469,3
526.4505777244564,7496.832434173173,2022-11-24T04:21:00Z,1H 0M 0S,6469,3
527.0862246664951,7496.317325810382,2022-11-24T05:21:00Z,1H 0M 0S,6469,3
526.8374380418941,7496.4826114857,2022-11-24T06:21:00Z,1H 0M 0S,6469,3
526.8399867364562,7496.498002082806,2022-11-24T07:21:00Z,1H 0M 0S,6469,3
526.7272547179291,7497.938355000421,2022-11-24T08:21:00Z,1H 0M 0S,6469,3
526.6911730917349,7498.186158898028,2022-11-24T09:21:00Z,1H 0M 0S,6469,3
526.8826579285413,7498.458942614148,2022-11-24T10:21:00Z,1H 0M 0S,6469,3
526.8168371455279,7499.14824871449,2022-11-24T11:21:00Z,1H 0M 0S,6469,3
526.856316573436,7499.454520395498,2022-11-24T12:21:00Z,1H 0M 0S,6469,3
526.8404063655541,7499.478311003875,2022-11-24T13:21:00Z,1H 0M 0S,6469,3
525.9508190341998,7500.374206135037,2022-11-24T14:21:00Z,1H 0M 0S,6469,3
525.9090464297028,7500.537079049943,2022-11-24T15:21:00Z,1H 0M 0S,6469,3
525.9237541195282,7501.363163527582,2022-11-24T16:21:00Z,1H 0M 0S,6469,3
526.1150083954761,7501.557513695584,2022-11-24T17:21:00Z,1H 0M 0S,6469,3
525.5886491971322,7501.64625112143,2022-11-24T18:21:00Z,1H 0M 0S,6469,3
525.8721453165439,7501.662780910841,2022-11-24T19:21:00Z,1H 0M 0S,6469,3
526.4718623016577,7502.013480618527,2022-11-24T20:21:00Z,1H 0M 0S,6469,3
525.5797074433904,7503.053215618455,2022-11-24T21:21:00Z,1H 0M 0S,6469,3
525.5969644093046,7503.140234845684,2022-11-24T22:21:00Z,1H 0M 0S,6469,3
525.6282682784872,7503.214101142278,2022-11-24T23:21:00Z,1H 0M 0S,6469,3
525.6042169376225,7503.968539004536,2022-11-25T00:21:00Z,1H 0M 0S,6469,3
525.6389988385738,7504.012894577548,2022-11-25T01:21:00Z,1H 0M 0S,6469,3
525.8542167146867,7504.641418392664,2022-11-25T02:21:00Z,1H 0M 0S,6469,3
525.9189024290968,7504.658846722394,2022-11-25T03:21:00Z,1H 0M 0S,6469,3
525.9428776079466,7504.668547961418,2022-11-25T04:21:00Z,1H 0M 0S,6469,3
525.9680518390628,7504.6684336783455,2022-11-25T05:21:00Z,1H 0M 0S,6469,3
526.1004662734194,7504.692045512313,2022-11-25T06:21:00Z,1H 0M 0S,6469,3
526.0771585171569,7504.794958026938,2022-11-25T07:21:00Z,1H 0M 0S,6469,3
526.0428922363145,7504.99168746134,2022-11-25T08:21:00Z,1H 0M 0S,6469,3
524.8849464958045,7505.323508863922,2022-11-25T09:21:00Z,1H 0M 0S,6469,3
524.8931749633241,7505.316181830036,2022-11-25T10:21:00Z,1H 0M 0S,6469,3
524.6531774757475,7505.015226221603,2022-11-25T11:21:00Z,1H 0M 0S,6469,3
524.4669606860531,7504.941859611611,2022-11-25T12:21:00Z,1H 0M 0S,6469,3
524.7812435684009,7504.064288847774,2022-11-25T13:21:00Z,1H 0M 0S,6469,3
524.7379853353414,7504.036959829474,2022-11-25T14:21:00Z,1H 0M 0S,6469,3
523.7153865179329,7504.350594375524,2022-11-25T15:21:00Z,1H 0M 0S,6469,3
520.5619052852743,7503.272326507684,2022-11-25T16:21:00Z,1H 0M 0S,6469,3
520.5532812419016,7503.2746304451275,2022-11-25T17:21:00Z,1H 0M 0S,6469,3
520.1936960063562,7503.210864135711,2022-11-25T18:21:00Z,1H 0M 0S,6469,3
519.821327445158,7502.049964667941,2022-11-25T19:21:00Z,1H 0M 0S,6469,3
519.6545906282713,7501.752828459729,2022-11-25T20:21:00Z,1H 0M 0S,6469,3
519.0212304910706,7502.420359346451,2022-11-25T21:21:00Z,1H 0M 0S,6469,3
518.8596677665565,7502.330596187309,2022-11-25T22:21:00Z,1H 0M 0S,6469,3
518.8297692619102,7502.300385559841,2022-11-25T23:21:00Z,1H 0M 0S,6469,3
518.229807411204,7502.146081478658,2022-11-26T00:21:00Z,1H 0M 0S,6469,3
518.178016019014,7502.14584861351,2022-11-26T01:21:00Z,1H 0M 0S,6469,3
518.1713004429135,7502.131580636948,2022-11-26T02:21:00Z,1H 0M 0S,6469,3
517.5097931857424,7501.702696722802,2022-11-26T03:21:00Z,1H 0M 0S,6469,3
516.9108881694086,7501.938183100665,2022-11-26T04:21:00Z,1H 0M 0S,6469,3
516.4329932434953,7502.260176998852,2022-11-26T05:21:00Z,1H 0M 0S,6469,3
516.7622908522296,7502.475177562949,2022-11-26T06:21:00Z,1H 0M 0S,6469,3
516.8658112150302,7502.440240616394,2022-11-26T07:21:00Z,1H 0M 0S,6469,3
517.1523016491865,7502.162046574359,2022-11-26T08:21:00Z,1H 0M 0S,6469,3
517.203707310138,7501.776367233108,2022-11-26T09:21:00Z,1H 0M 0S,6469,3
518.1794515843695,7501.498243502507,2022-11-26T10:21:00Z,1H 0M 0S,6469,3
518.3240835125949,7501.611401542991,2022-11-26T11:21:00Z,1H 0M 0S,6469,3
518.3214357854947,7501.612503059624,2022-11-26T12:21:00Z,1H 0M 0S,6469,3
517.7147547117321,7501.917461736923,2022-11-26T13:21:00Z,1H 0M 0S,6469,3
517.1814040520268,7501.793852769387,2022-11-26T14:21:00Z,1H 0M 0S,6469,3
516.1585618474093,7502.5231433240215,2022-11-26T15:21:00Z,1H 0M 0S,6469,3
514.0352810703356,7503.863175801622,2022-11-26T16:21:00Z,1H 0M 0S,6469,3
513.6237279654207,7503.924807747228,2022-11-26T17:21:00Z,1H 0M 0S,6469,3
513.6226363845713,7503.90007927704,2022-11-26T18:21:00Z,1H 0M 0S,6469,3
513.5193745008817,7503.626101131188,2022-11-26T19:21:00Z,1H 0M 0S,6469,3
513.0934814766449,7502.92360072251,2022-11-26T20:21:00Z,1H 0M 0S,6469,3
513.1010741361247,7502.925691100918,2022-11-26T21:21:00Z,1H 0M 0S,6469,3
513.2297486353199,7503.052758938221,2022-11-26T22:21:00Z,1H 0M 0S,6469,3
512.507424932081,7503.784801424083,2022-11-26T23:21:00Z,1H 0M 0S,6469,3
512.4928952469777,7503.828099799296,2022-11-27T00:21:00Z,1H 0M 0S,6469,3
511.73243134742063,7504.15232407108,2022-11-27T01:21:00Z,1H 0M 0S,6469,3
511.64360071863854,7504.152140699466,2022-11-27T02:21:00Z,1H 0M 0S,6469,3
511.5685881619459,7504.093260254677,2022-11-27T03:21:00Z,1H 0M 0S,6469,3
510.23563799843515,7504.042581778117,2022-11-27T04:21:00Z,1H 0M 0S,6469,3
510.06511277669836,7503.846405934734,2022-11-27T05:21:00Z,1H 0M 0S,6469,3
509.04827490248783,7503.365728812108,2022-11-27T06:21:00Z,1H 0M 0S,6469,3
507.78073857935743,7503.735443381532,2022-11-27T07:21:00Z,1H 0M 0S,6469,3
507.74280886741144,7503.771925235266,2022-11-27T08:21:00Z,1H 0M 0S,6469,3
507.7861003025915,7504.147000942163,2022-11-27T09:21:00Z,1H 0M 0S,6469,3
507.2718073303348,7505.827584038572,2022-11-27T10:21:00Z,1H 0M 0S,6469,3
507.1692770969021,7506.145558202745,2022-11-27T11:21:00Z,1H 0M 0S,6469,3
506.9465625451356,7506.449366520083,2022-11-27T12:21:00Z,1H 0M 0S,6469,3
506.2279692421915,7507.285540077619,2022-11-27T13:21:00Z,1H 0M 0S,6469,3
506.0566032097267,7507.329384742267,2022-11-27T14:21:00Z,1H 0M 0S,6469,3
503.64797204833786,7505.518189577842,2022-11-27T15:21:00Z,1H 0M 0S,6469,3
503.6960180576583,7505.303052799474,2022-11-27T16:21:00Z,1H 0M 0S,6469,3
503.8178596051758,7505.29230535624,2022-11-27T17:21:00Z,1H 0M 0S,6469,3
503.8197936966696,7505.292571379994,2022-11-27T18:21:00Z,1H 0M 0S,6469,3
504.1009248736914,7503.8414627290285,2022-11-27T19:21:00Z,1H 0M 0S,6469,3
503.71084142270087,7503.439310233793,2022-11-27T20:21:00Z,1H 0M 0S,6469,3
503.73351531426266,7502.569105466591,2022-11-27T21:21:00Z,1H 0M 0S,6469,3
504.94170760311766,7502.373177121562,2022-11-27T22:21:00Z,1H 0M 0S,6469,3
504.98461255872337,7502.375664577436,2022-11-27T23:21:00Z,1H 0M 0S,6469,3
505.70863452269725,7501.98249627085,2022-11-28T00:21:00Z,1H 0M 0S,6469,3
505.76030246945015,7502.08834727917,2022-11-28T01:21:00Z,1H 0M 0S,6469,3
505.78654182427266,7502.2005660233,2022-11-28T02:21:00Z,1H 0M 0S,6469,3
505.86608982743365,7502.3686697631,2022-11-28T03:21:00Z,1H 0M 0S,6469,3
506.6436778087565,7503.321809059429,2022-11-28T04:21:00Z,1H 0M 0S,6469,3
507.4142775445165,7503.613076992496,2022-11-28T05:21:00Z,1H 0M 0S,6469,3
507.5732216539274,7503.611091264808,2022-11-28T06:21:00Z,1H 0M 0S,6469,3
507.6057022757939,7503.594415316197,2022-11-28T07:21:00Z,1H 0M 0S,6469,3
508.53461579821175,7502.874159568558,2022-11-28T08:21:00Z,1H 0M 0S,6469,3
508.833802654519,7502.600166957486,2022-11-28T09:21:00Z,1H 0M 0S,6469,3
509.755816980297,7502.645807434055,2022-11-28T10:21:00Z,1H 0M 0S,6469,3
510.0640926611104,7502.885337813687,2022-11-28T11:21:00Z,1H 0M 0S,6469,3
510.474209787394,7502.934914714581,2022-11-28T12:21:00Z,1H 0M 0S,6469,3
510.14271572499143,7502.16313374308,2022-11-28T13:21:00Z,1H 0M 0S,6469,3
510.6768065459446,7502.000438551107,2022-11-28T14:21:00Z,1H 0M 0S,6469,3
510.6100801262082,7502.375471090987,2022-11-28T15:21:00Z,1H 0M 0S,6469,3
510.64131417657035,7502.395872609945,2022-11-28T16:21:00Z,1H 0M 0S,6469,3
510.864602958941,7502.49756458758,2022-11-28T17:21:00Z,1H 0M 0S,6469,3
511.0420556755831,7502.764374699284,2022-11-28T18:21:00Z,1H 0M 0S,6469,3
511.40368634936215,7503.200628310122,2022-11-28T19:21:00Z,1H 0M 0S,6469,3
511.6031517111019,7503.292985581453,2022-11-28T20:21:00Z,1H 0M 0S,6469,3
511.1561809223214,7503.42142246118,2022-11-28T21:21:00Z,1H 0M 0S,6469,3
510.4671391096478,7504.2183681821625,2022-11-28T22:21:00Z,1H 0M 0S,6469,3
510.37646970745584,7504.28081102563,2022-11-28T23:21:00Z,1H 0M 0S,6469,3
510.3808806741331,7504.432763629566,2022-11-29T00:21:00Z,1H 0M 0S,6469,3
510.547144893704,7504.673069723688,2022-11-29T01:21:00Z,1H 0M 0S,6469,3
509.7519944473587,7505.252615232168,2022-11-29T02:21:00Z,1H 0M 0S,6469,3
509.76092758519115,7505.33127106314,2022-11-29T03:21:00Z,1H 0M 0S,6469,3
509.764711778945,7505.384591730487,2022-11-29T04:21:00Z,1H 0M 0S,6469,3
509.671652858597,7505.435904438357,2022-11-29T05:21:00Z,1H 0M 0S,6469,3
509.63921186251764,7505.339299644572,2022-11-29T06:21:00Z,1H 0M 0S,6469,3
509.26225463150956,7502.787888988635,2022-11-29T07:21:00Z,1H 0M 0S,6469,3
509.2424591505603,7502.761983997848,2022-11-29T08:21:00Z,1H 0M 0S,6469,3
509.12932723401343,7502.19743780252,2022-11-29T09:21:00Z,1H 0M 0S,6469,3
509.0412075102151,7501.520635303312,2022-11-29T10:21:00Z,1H 0M 0S,6469,3
508.93540208636233,7501.597583942506,2022-11-29T11:21:00Z,1H 0M 0S,6469,3
509.02113450281416,7501.735298694201,2022-11-29T12:21:00Z,1H 0M 0S,6469,3
509.8617101288113,7501.497158900905,2022-11-29T13:21:00Z,1H 0M 0S,6469,3
510.35076426373075,7501.640621630142,2022-11-29T14:21:00Z,1H 0M 0S,6469,3
509.3983336342096,7502.801653643388,2022-11-29T15:21:00Z,1H 0M 0S,6469,3
509.39256918940305,7502.885364288611,2022-11-29T16:21:00Z,1H 0M 0S,6469,3
509.85299594344747,7503.668020912726,2022-11-29T17:21:00Z,1H 0M 0S,6469,3
509.7718215736304,7503.661888585986,2022-11-29T18:21:00Z,1H 0M 0S,6469,3
509.6686047783345,7503.774876089468,2022-11-29T19:21:00Z,1H 0M 0S,6469,3
509.4651717665897,7503.734602539948,2022-11-29T20:21:00Z,1H 0M 0S,6469,3
509.4030955501,7503.717020486055,2022-11-29T21:21:00Z,1H 0M 0S,6469,3
507.6702252742757,7504.107183282251,2022-11-29T22:21:00Z,1H 0M 0S,6469,3
507.6309747804948,7504.114466766303,2022-11-29T23:21:00Z,1H 0M 0S,6469,3
507.6317647727088,7503.901973479637,2022-11-30T00:21:00Z,1H 0M 0S,6469,3
507.944943886213,7503.654658306541,2022-11-30T01:21:00Z,1H 0M 0S,6469,3
507.8891684880752,7501.297963217257,2022-11-30T02:21:00Z,1H 0M 0S,6469,3
507.722487559428,7501.15055020792,2022-11-30T03:21:00Z,1H 0M 0S,6469,3
507.6977207164773,7501.102103138894,2022-11-30T04:21:00Z,1H 0M 0S,6469,3
508.56295384772454,7500.572807018965,2022-11-30T05:21:00Z,1H 0M 0S,6469,3
508.66254836729917,7500.043043188885,2022-11-30T06:21:00Z,1H 0M 0S,6469,3
508.33122964776436,7499.994125284743,2022-11-30T07:21:00Z,1H 0M 0S,6469,3
508.06172203315845,7500.207875675112,2022-11-30T08:21:00Z,1H 0M 0S,6469,3
508.6365578965774,7500.145454942364,2022-11-30T09:21:00Z,1H 0M 0S,6469,3
508.98262395656445,7500.293817267117,2022-11-30T10:21:00Z,1H 0M 0S,6469,3
509.18785001967154,7500.374949459575,2022-11-30T11:21:00Z,1H 0M 0S,6469,3
509.35366380726117,7501.261574084256,2022-11-30T12:21:00Z,1H 0M 0S,6469,3
509.3754746365708,7502.037378752918,2022-11-30T13:21:00Z,1H 0M 0S,6469,3
509.47957590767044,7502.232423767645,2022-11-30T14:21:00Z,1H 0M 0S,6469,3
509.6409987658074,7502.509535485957,2022-11-30T15:21:00Z,1H 0M 0S,6469,3
509.5891105869872,7502.604349334483,2022-11-30T16:21:00Z,1H 0M 0S,6469,3
509.89592381699964,7502.309084747997,2022-11-30T17:21:00Z,1H 0M 0S,6469,3
511.0523998011191,7501.407165831923,2022-11-30T18:21:00Z,1H 0M 0S,6469,3
511.0131742162644,7501.740655980536,2022-11-30T19:21:00Z,1H 0M 0S,6469,3
510.89325973409257,7502.397649710324,2022-11-30T20:21:00Z,1H 0M 0S,6469,3
511.17369433852537,7502.850811966079,2022-11-30T21:21:00Z,1H 0M 0S,6469,3
512.1325104461911,7503.665330079859,2022-11-30T22:21:00Z,1H 0M 0S,6469,3
512.703197024175,7503.697803406184,2022-11-30T23:21:00Z,1H 0M 0S,6469,3
511.16392085051945,7502.463447102606,2022-12-01T00:21:00Z,1H 0M 0S,6469,3
510.7801798055671,7502.448464307247,2022-12-01T01:21:00Z,1H 0M 0S,6469,3
510.6210786701405,7502.562601711379,2022-12-01T02:21:00Z,1H 0M 0S,6469,3
508.8063571694023,7500.872725814243,2022-12-01T03:21:00Z,1H 0M 0S,6469,3
508.80969595925194,7500.826725748396,2022-12-01T04:21:00Z,1H 0M 0S,6469,3
508.9289348158565,7500.883145613433,2022-12-01T05:21:00Z,1H 0M 0S,6469,3
508.6105575861265,7501.108951930809,2022-12-01T06:21:00Z,1H 0M 0S,6469,3
508.7448814581962,7501.2994305935945,2022-12-01T07:21:00Z,1H 0M 0S,6469,3
507.5502252021835,7501.496780318162,2022-12-01T08:21:00Z,1H 0M 0S,6469,3
507.1174810250114,7501.533443110671,2022-12-01T09:21:00Z,1H 0M 0S,6469,3
507.0470348288591,7501.463297522108,2022-12-01T10:21:00Z,1H 0M 0S,6469,3
506.6927064318129,7501.730328449969,2022-12-01T11:21:00Z,1H 0M 0S,6469,3
506.43875267785774,7501.285202950245,2022-12-01T12:21:00Z,1H 0M 0S,6469,3
507.3165804710651,7500.855717303539,2022-12-01T13:21:00Z,1H 0M 0S,6469,3
507.4378993606264,7501.827602588815,2022-12-01T14:21:00Z,1H 0M 0S,6469,3
507.9190476788209,7501.055192955595,2022-12-01T15:21:00Z,1H 0M 0S,6469,3
508.2918283393306,7500.472801723407,2022-12-01T16:21:00Z,1H 0M 0S,6469,3
508.3689718677222,7500.314171814399,2022-12-01T17:21:00Z,1H 0M 0S,6469,3
508.8937715516038,7500.273633563146,2022-12-01T18:21:00Z,1H 0M 0S,6469,3
509.15417818317326,7501.198491210017,2022-12-01T19:21:00Z,1H 0M 0S,6469,3
509.1258385345858,7501.315674433537,2022-12-01T20:21:00Z,1H 0M 0S,6469,3
509.4870426475455,7502.118698355963,2022-12-01T21:21:00Z,1H 0M 0S,6469,3
511.15592841673975,7504.110933408242,2022-12-01T22:21:00Z,1H 0M 0S,6469,3
511.19784690073436,7504.1272171811115,2022-12-01T23:21:00Z,1H 0M 0S,6469,3
511.5812579107432,7504.446907900508,2022-12-02T00:21:00Z,1H 0M 0S,6469,3
511.891315815954,7504.800093255121,2022-12-02T01:21:00Z,1H 0M 0S,6469,3
512.0212363740965,7504.860680880592,2022-12-02T02:21:00Z,1H 0M 0S,6469,3
512.6628324386502,7504.907533286317,2022-12-02T03:21:00Z,1H 0M 0S,6469,3
513.1427128206748,7506.319701311949,2022-12-02T04:21:00Z,1H 0M 0S,6469,3
513.6721948055127,7506.81347844134,2022-12-02T05:21:00Z,1H 0M 0S,6469,3
527.0154049924537,7496.939799284272,2022-11-23T21:21:00Z,1H 0M 0S,6469,4
529.3775204916882,7495.778451542685,2022-11-23T22:21:00Z,1H 0M 0S,6469,4
529.4071758630746,7495.655214364949,2022-11-23T23:21:00Z,1H 0M 0S,6469,4
530.700731720218,7495.1160671672,2022-11-24T00:21:00Z,1H 0M 0S,6469,4
530.8360948367251,7494.7485682953975,2022-11-24T01:21:00Z,1H 0M 0S,6469,4
530.8378844509654,7494.747248459499,2022-11-24T02:21:00Z,1H 0M 0S,6469,4
530.8382881475799,7494.748019727929,2022-11-24T03:21:00Z,1H 0M 0S,6469,4
530.992497174083,7495.0953213969815,2022-11-24T04:21:00Z,1H 0M 0S,6469,4
531.0778352503502,7495.1351312642255,2022-11-24T05:21:00Z,1H 0M 0S,6469,4
532.4119526060715,7496.348259065026,2022-11-24T06:21:00Z,1H 0M 0S,6469,4
532.4886389632001,7496.34621819877,2022-11-24T07:21:00Z,1H 0M 0S,6469,4
532.7993445904056,7497.230095591451,2022-11-24T08:21:00Z,1H 0M 0S,6469,4
533.0210103015816,7496.280597531026,2022-11-24T09:21:00Z,1H 0M 0S,6469,4
533.2850325512217,7495.790731957283,2022-11-24T10:21:00Z,1H 0M 0S,6469,4
533.7584951773941,7496.133345210095,2022-11-24T11:21:00Z,1H 0M 0S,6469,4
533.9736788763919,7496.432143695746,2022-11-24T12:21:00Z,1H 0M 0S,6469,4
534.8624530469344,7497.861419634692,2022-11-24T13:21:00Z,1H 0M 0S,6469,4
535.3905632261217,7498.1441081843595,2022-11-24T14:21:00Z,1H 0M 0S,6469,4
535.9628622681662,7498.303806130303,2022-11-24T15:21:00Z,1H 0M 0S,6469,4
536.0172562498157,7498.323128305152,2022-11-24T16:21:00Z,1H 0M 0S,6469,4
535.9048253071537,7498.526748880944,2022-11-24T17:21:00Z,1H 0M 0S,6469,4
536.4454960249,7498.896711303028,2022-11-24T18:21:00Z,1H 0M 0S,6469,4
536.7449925749997,7498.979762225723,2022-11-24T19:21:00Z,1H 0M 0S,6469,4
536.9706850831002,7499.149777540204,2022-11-24T20:21:00Z,1H 0M 0S,6469,4
537.5503389208405,7499.3225729020905,2022-11-24T21:21:00Z,1H 0M 0S,6469,4
537.374214446427,7500.886244193921,2022-11-24T22:21:00Z,1H 0M 0S,6469,4
538.4115424805218,7501.338939295122,2022-11-24T23:21:00Z,1H 0M 0S,6469,4
538.5983479076912,7501.883701852949,2022-11-25T00:21:00Z,1H 0M 0S,6469,4
539.7802437142088,7500.894305866085,2022-11-25T01:21:00Z,1H 0M 0S,6469,4
540.2722962135659,7499.68583456253,2022-11-25T02:21:00Z,1H 0M 0S,6469,4
540.6853142139288,7499.430568285153,2022-11-25T03:21:00Z,1H 0M 0S,6469,4
540.7451145796529,7499.214777756545,2022-11-25T04:21:00Z,1H 0M 0S,6469,4
540.8854156506519,7499.052465592998,2022-11-25T05:21:00Z,1H 0M 0S,6469,4
541.0013991844068,7499.07458947885,2022-11-25T06:21:00Z,1H 0M 0S,6469,4
539.6692325556876,7500.167922929976,2022-11-25T07:21:00Z,1H 0M 0S,6469,4
539.5498441828331,7500.228016256101,2022-11-25T08:21:00Z,1H 0M 0S,6469,4
539.614868830054,7500.047201640976,2022-11-25T09:21:00Z,1H 0M 0S,6469,4
539.5585009022129,7499.97792421449,2022-11-25T10:21:00Z,1H 0M 0S,6469,4
541.0158559941641,7500.500036717989,2022-11-25T11:21:00Z,1H 0M 0S,6469,4
541.2052068180751,7500.577377098407,2022-11-25T12:21:00Z,1H 0M 0S,6469,4
541.6305571972022,7500.791844754578,2022-11-25T13:21:00Z,1H 0M 0S,6469,4
541.8489293617791,7500.814337175862,2022-11-25T14:21:00Z,1H 0M 0S,6469,4
541.9733822798606,7500.797767923427,2022-11-25T15:21:00Z,1H 0M 0S,6469,4
541.9988825266397,7500.749885402648,2022-11-25T16:21:00Z,1H 0M 0S,6469,4
542.0331852941563,7500.41984130606,2022-11-25T17:21:00Z,1H 0M 0S,6469,4
542.0211442006089,7500.2695997217015,2022-11-25T18:21:00Z,1H 0M 0S,6469,4
542.240271096141,7500.175394442759,2022-11-25T19:21:00Z,1H 0M 0S,6469,4
542.6046832988733,7499.98375468391,2022-11-25T20:21:00Z,1H 0M 0S,6469,4
543.0455021676818,7500.226695926546,2022-11-25T21:21:00Z,1H 0M 0S,6469,4
543.2446236752314,7500.196863670226,2022-11-25T22:21:00Z,1H 0M 0S,6469,4
543.5219431751566,7500.286679328151,2022-11-25T23:21:00Z,1H 0M 0S,6469,4
543.9475053282684,7499.885768370115,2022-11-26T00:21:00Z,1H 0M 0S,6469,4
543.9406833485838,7499.8790099111,2022-11-26T01:21:00Z,1H 0M 0S,6469,4
543.8052512776172,7499.71028580007,2022-11-26T02:21:00Z,1H 0M 0S,6469,4
543.4808613287814,7498.607524515852,2022-11-26T03:21:00Z,1H 0M 0S,6469,4
543.5567698932629,7498.4370744185335,2022-11-26T04:21:00Z,1H 0M 0S,6469,4
543.5605036276268,7498.435169193538,2022-11-26T05:21:00Z,1H 0M 0S,6469,4
543.8536226983967,7497.697224883207,2022-11-26T06:21:00Z,1H 0M 0S,6469,4
545.2119794820482,7495.875174956388,2022-11-26T07:21:00Z,1H 0M 0S,6469,4
545.5639791446113,7494.3612808028,2022-11-26T08:21:00Z,1H 0M 0S,6469,4
546.0268457279728,7493.823212407478,2022-11-26T09:21:00Z,1H 0M 0S,6469,4
545.9182187694411,7493.497274053871,2022-11-26T10:21:00Z,1H 0M 0S,6469,4
545.8974194836609,7493.459995295478,2022-11-26T11:21:00Z,1H 0M 0S,6469,4
545.8400931874172,7492.7372596300165,2022-11-26T12:21:00Z,1H 0M 0S,6469,4
545.6870481638523,7491.590375919312,2022-11-26T13:21:00Z,1H 0M 0S,6469,4
545.8842550302952,7491.2333264529425,2022-11-26T14:21:00Z,1H 0M 0S,6469,4
546.1041364957197,7491.2190468538365,2022-11-26T15:21:00Z,1H 0M 0S,6469,4
546.1432309378336,7490.88621420347,2022-11-26T16:21:00Z,1H 0M 0S,6469,4
548.2502529023717,7490.629541164112,2022-11-26T17:21:00Z,1H 0M 0S,6469,4
548.0118448401915,7491.369530711596,2022-11-26T18:21:00Z,1H 0M 0S,6469,4
548.0198951082219,7491.399417029914,2022-11-26T19:21:00Z,1H 0M 0S,6469,4
548.1203482421231,7491.758135569933,2022-11-26T20:21:00Z,1H 0M 0S,6469,4
547.0956404480881,7493.0778660804,2022-11-26T21:21:00Z,1H 0M 0S,6469,4
547.1080022446946,7493.392375074966,2022-11-26T22:21:00Z,1H 0M 0S,6469,4
546.1305910751695,7493.9872508210065,2022-11-26T23:21:00Z,1H 0M 0S,6469,4
545.3256615784626,7494.315182398218,2022-11-27T00:21:00Z,1H 0M 0S,6469,4
545.6806881855988,7494.619429263721,2022-11-27T01:21:00Z,1H 0M 0S,6469,4
544.1413858598377,7494.799476983897,2022-11-27T02:21:00Z,1H 0M 0S,6469,4
544.0924343736424,7494.697915027779,2022-11-27T03:21:00Z,1H 0M 0S,6469,4
544.512109483218,7494.564083757357,2022-11-27T04:21:00Z,1H 0M 0S,6469,4
544.4885398928461,7494.320279012925,2022-11-27T05:21:00Z,1H 0M 0S,6469,4
544.3415354372927,7494.092340929937,2022-11-27T06:21:00Z,1H 0M 0S,6469,4
544.7992699984742,7493.934349678612,2022-11-27T07:21:00Z,1H 0M 0S,6469,4
544.8604160384048,7493.9931288762255,2022-11-27T08:21:00Z,1H 0M 0S,6469,4
544.9758542630115,7493.952801738613,2022-11-27T09:21:00Z,1H 0M 0S,6469,4
544.979959043016,7493.956093628085,2022-11-27T10:21:00Z,1H 0M 0S,6469,4
544.9409891269434,7493.372605407559,2022-11-27T11:21:00Z,1H 0M 0S,6469,4
544.116578921924,7492.567023562835,2022-11-27T12:21:00Z,1H 0M 0S,6469,4
543.3342976826385,7492.7877819383675,2022-11-27T13:21:00Z,1H 0M 0S,6469,4
542.6976839508575,7494.289888817732,2022-11-27T14:21:00Z,1H 0M 0S,6469,4
542.457827965215,7494.218447036487,2022-11-27T15:21:00Z,1H 0M 0S,6469,4
541.2652590487717,7493.712088166439,2022-11-27T16:21:00Z,1H 0M 0S,6469,4
541.6741504263151,7493.831415252246,2022-11-27T17:21:00Z,1H 0M 0S,6469,4
541.9816994930476,7493.570391469011,2022-11-27T18:21:00Z,1H 0M 0S,6469,4
542.9096155825293,7493.635012458148,2022-11-27T19:21:00Z,1H 0M 0S,6469,4
543.4112362370201,7494.304881862922,2022-11-27T20:21:00Z,1H 0M 0S,6469,4
543.4311208876952,7494.326679128504,2022-11-27T21:21:00Z,1H 0M 0S,6469,4
542.996051962503,7494.891817046622,2022-11-27T22:21:00Z,1H 0M 0S,6469,4
542.5563966311146,7495.0396017898975,2022-11-27T23:21:00Z,1H 0M 0S,6469,4
542.4997456854078,7495.106056744723,2022-11-28T00:21:00Z,1H 0M 0S,6469,4
542.4511309320222,7495.263728443966,2022-11-28T01:21:00Z,1H 0M 0S,6469,4
543.6760476689254,7495.953508957786,2022-11-28T02:21:00Z,1H 0M 0S,6469,4
543.6244334965451,7496.1422707120255,2022-11-28T03:21:00Z,1H 0M 0S,6469,4
542.7017196834882,7497.1222065728925,2022-11-28T04:21:00Z,1H 0M 0S,6469,4
542.8132001993065,7497.51096590617,2022-11-28T05:21:00Z,1H 0M 0S,6469,4
543.2377118287579,7500.290018520959,2022-11-28T06:21:00Z,1H 0M 0S,6469,4
543.4422673923331,7501.24331760889,2022-11-28T07:21:00Z,1H 0M 0S,6469,4
543.296567349551,7501.666328769098,2022-11-28T08:21:00Z,1H 0M 0S,6469,4
543.3953954490884,7502.047555397688,2022-11-28T09:21:00Z,1H 0M 0S,6469,4
543.3100035146497,7502.285816227218,2022-11-28T10:21:00Z,1H 0M 0S,6469,4
543.1253378522276,7503.326062921231,2022-11-28T11:21:00Z,1H 0M 0S,6469,4
543.501525211969,7503.572058904582,2022-11-28T12:21:00Z,1H 0M 0S,6469,4
543.6335716492388,7503.648568189335,2022-11-28T13:21:00Z,1H 0M 0S,6469,4
543.6463466880443,7503.706710467531,2022-11-28T14:21:00Z,1H 0M 0S,6469,4
543.6999172889215,7503.655686569396,2022-11-28T15:21:00Z,1H 0M 0S,6469,4
543.8466603300706,7502.954636697027,2022-11-28T16:21:00Z,1H 0M 0S,6469,4
543.6399918657023,7503.456232615554,2022-11-28T17:21:00Z,1H 0M 0S,6469,4
543.4003971729402,7503.326732071388,2022-11-28T18:21:00Z,1H 0M 0S,6469,4
542.4937536165932,7502.185345533017,2022-11-28T19:21:00Z,1H 0M 0S,6469,4
542.2179491773865,7500.767420445297,2022-11-28T20:21:00Z,1H 0M 0S,6469,4
541.5286360217086,7501.121866453112,2022-11-28T21:21:00Z,1H 0M 0S,6469,4
542.7420762961519,7500.691899936584,2022-11-28T22:21:00Z,1H 0M 0S,6469,4
542.7981419145278,7500.550587880562,2022-11-28T23:21:00Z,1H 0M 0S,6469,4
544.1166416372014,7500.531737155487,2022-11-29T00:21:00Z,1H 0M 0S,6469,4
546.4142313813358,7500.100607455843,2022-11-29T01:21:00Z,1H 0M 0S,6469,4
546.4302541699869,7500.08827793977,2022-11-29T02:21:00Z,1H 0M 0S,6469,4
546.5805334577458,7499.962745880354,2022-11-29T03:21:00Z,1H 0M 0S,6469,4
546.8153505593982,7500.0205812737895,2022-11-29T04:21:00Z,1H 0M 0S,6469,4
546.854603129568,7500.481028300384,2022-11-29T05:21:00Z,1H 0M 0S,6469,4
546.8308973263598,7500.709867670607,2022-11-29T06:21:00Z,1H 0M 0S,6469,4
546.759701626392,7500.409667626373,2022-11-29T07:21:00Z,1H 0M 0S,6469,4
546.8419101028376,7500.195711805605,2022-11-29T08:21:00Z,1H 0M 0S,6469,4
546.0955873555004,7499.429885111573,2022-11-29T09:21:00Z,1H 0M 0S,6469,4
545.9716383179965,7499.400115816189,2022-11-29T10:21:00Z,1H 0M 0S,6469,4
545.5780654253493,7499.5713308075165,2022-11-29T11:21:00Z,1H 0M 0S,6469,4
545.3451542202462,7499.558723202263,2022-11-29T12:21:00Z,1H 0M 0S,6469,4
547.0807810875557,7501.56507975341,2022-11-29T13:21:00Z,1H 0M 0S,6469,4
547.2273513811178,7501.636591561184,2022-11-29T14:21:00Z,1H 0M 0S,6469,4
547.4654439167894,7501.949069437536,2022-11-29T15:21:00Z,1H 0M 0S,6469,4
547.8790427629821,7502.177376365191,2022-11-29T16:21:00Z,1H 0M 0S,6469,4
548.0443559892057,7502.106910311909,2022-11-29T17:21:00Z,1H 0M 0S,6469,4
549.0185699134399,7503.943311011572,2022-11-29T18:21:00Z,1H 0M 0S,6469,4
549.0286364914557,7504.145936029994,2022-11-29T19:21:00Z,1H 0M 0S,6469,4
549.0279398102449,7504.148916413565,2022-11-29T20:21:00Z,1H 0M 0S,6469,4
548.329172249771,7504.365887911778,2022-11-29T21:21:00Z,1H 0M 0S,6469,4
548.2352836007575,7504.438577887697,2022-11-29T22:21:00Z,1H 0M 0S,6469,4
547.7776491836671,7504.973904911316,2022-11-29T23:21:00Z,1H 0M 0S,6469,4
548.2423213097355,7505.222128277932,2022-11-30T00:21:00Z,1H 0M 0S,6469,4
548.701398569324,7505.342308373779,2022-11-30T01:21:00Z,1H 0M 0S,6469,4
549.2370137533875,7505.370947490412,2022-11-30T02:21:00Z,1H 0M 0S,6469,4
549.8622474936227,7504.668811553754,2022-11-30T03:21:00Z,1H 0M 0S,6469,4
549.9371347744038,7504.679560762583,2022-11-30T04:21:00Z,1H 0M 0S,6469,4
549.8032893909207,7504.844932396336,2022-11-30T05:21:00Z,1H 0M 0S,6469,4
549.6812210186928,7504.834516457007,2022-11-30T06:21:00Z,1H 0M 0S,6469,4
549.6149656365874,7504.770958236241,2022-11-30T07:21:00Z,1H 0M 0S,6469,4
549.0521647254164,7504.590846124642,2022-11-30T08:21:00Z,1H 0M 0S,6469,4
548.5177182563126,7504.646747834727,2022-11-30T09:21:00Z,1H 0M 0S,6469,4
548.5078849868657,7504.322699228488,2022-11-30T10:21:00Z,1H 0M 0S,6469,4
548.5028700920567,7504.309620480134,2022-11-30T11:21:00Z,1H 0M 0S,6469,4
548.3487899463922,7504.3497450760315,2022-11-30T12:21:00Z,1H 0M 0S,6469,4
548.2676183408407,7504.2465641440385,2022-11-30T13:21:00Z,1H 0M 0S,6469,4
547.5427924821349,7505.273989445405,2022-11-30T14:21:00Z,1H 0M 0S,6469,4
547.5140758436085,7505.271448350607,2022-11-30T15:21:00Z,1H 0M 0S,6469,4
547.5311109141493,7505.488573693989,2022-11-30T16:21:00Z,1H 0M 0S,6469,4
547.5323139954886,7505.527711269643,2022-11-30T17:21:00Z,1H 0M 0S,6469,4
547.8809974117064,7505.985906808833,2022-11-30T18:21:00Z,1H 0M 0S,6469,4
547.9240651208472,7506.137778116732,2022-11-30T19:21:00Z,1H 0M 0S,6469,4
548.794308979962,7506.602305042848,2022-11-30T20:21:00Z,1H 0M 0S,6469,4
548.9276104707552,7507.345385688817,2022-11-30T21:21:00Z,1H 0M 0S,6469,4
548.9275858296018,7507.345579898871,2022-11-30T22:21:00Z,1H 0M 0S,6469,4
548.912680686746,7507.297545023805,2022-11-30T23:21:00Z,1H 0M 0S,6469,4
548.8898167822734,7507.145337773839,2022-12-01T00:21:00Z,1H 0M 0S,6469,4
551.2185672782964,7507.134959984799,2022-12-01T01:21:00Z,1H 0M 0S,6469,4
551.4231881207801,7508.178005213994,2022-12-01T02:21:00Z,1H 0M 0S,6469,4
550.5975508223866,7507.799699989483,2022-12-01T03:21:00Z,1H 0M 0S,6469,4
550.4450238983537,7507.014416130578,2022-12-01T04:21:00Z,1H 0M 0S,6469,4
549.836154978199,7507.556561452212,2022-12-01T05:21:00Z,1H 0M 0S,6469,4
548.0508658145968,7508.4366891329455,2022-12-01T06:21:00Z,1H 0M 0S,6469,4
548.1574422496707,7507.957298453732,2022-12-01T07:21:00Z,1H 0M 0S,6469,4
548.3546351783702,7505.894917717442,2022-12-01T08:21:00Z,1H 0M 0S,6469,4
548.720817161731,7505.660064282466,2022-12-01T09:21:00Z,1H 0M 0S,6469,4
548.7935381724876,7505.601916823088,2022-12-01T10:21:00Z,1H 0M 0S,6469,4
548.6807555990903,7505.76876609115,2022-12-01T11:21:00Z,1H 0M 0S,6469,4
548.7336778667137,7505.782356075773,2022-12-01T12:21:00Z,1H 0M 0S,6469,4
549.0017612082387,7505.765741723799,2022-12-01T13:21:00Z,1H 0M 0S,6469,4
549.273977239153,7505.828618283225,2022-12-01T14:21:00Z,1H 0M 0S,6469,4
551.4019235963425,7505.451297515344,2022-12-01T15:21:00Z,1H 0M 0S,6469,4
551.2840939686179,7505.7637944678845,2022-12-01T16:21:00Z,1H 0M 0S,6469,4
551.2592478854833,7505.753624406645,2022-12-01T17:21:00Z,1H 0M 0S,6469,4
551.2428685050273,7505.748523123803,2022-12-01T18:21:00Z,1H 0M 0S,6469,4
551.6007326677285,7505.31483099472,2022-12-01T19:21:00Z,1H 0M 0S,6469,4
551.8023198656554,7505.0877255390005,2022-12-01T20:21:00Z,1H 0M 0S,6469,4
552.9063833159,7504.244054729418,2022-12-01T21:21:00Z,1H 0M 0S,6469,4
553.284879623826,7504.069981123474,2022-12-01T22:21:00Z,1H 0M 0S,6469,4
553.9347322689244,7503.625636233176,2022-12-01T23:21:00Z,1H 0M 0S,6469,4
555.0580416437583,7502.97735911061,2022-12-02T00:21:00Z,1H 0M 0S,6469,4
556.3812507956314,7503.903842990954,2022-12-02T01:21:00Z,1H 0M 0S,6469,4
557.5334674893845,7503.414403257537,2022-12-02T02:21:00Z,1H 0M 0S,6469,4
558.350800811136,7504.369672976372,2022-12-02T03:21:00Z,1H 0M 0S,6469,4
558.700812327,7504.9419121837655,2022-12-02T04:21:00Z,1H 0M 0S,6469,4
558.7420221819224,7505.013246350119,2022-12-02T05:21:00Z,1H 0M 0S,6469,4
527.0154049924537,7496.939799284272,2022-11-23T21:21:00Z,1H 0M 0S,6469,5
527.0193171306006,7496.932890800752,2022-11-23T22:21:00Z,1H 0M 0S,6469,5
527.0305855493377,7496.903853511775,2022-11-23T23:21:00Z,1H 0M 0S,6469,5
525.4063926833949,7495.367203606099,2022-11-24T00:21:00Z,1H 0M 0S,6469,5
525.8056386601278,7496.307086981224,2022-11-24T01:21:00Z,1H 0M 0S,6469,5
526.8682854999875,7496.578514923637,2022-11-24T02:21:00Z,1H 0M 0S,6469,5
527.5699966751322,7496.410462109221,2022-11-24T03:21:00Z,1H 0M 0S,6469,5
527.3563823028157,7496.537101510287,2022-11-24T04:21:00Z,1H 0M 0S,6469,5
527.8271924388358,7497.326729572751,2022-11-24T05:21:00Z,1H 0M 0S,6469,5
529.2679173941527,7497.690737135658,2022-11-24T06:21:00Z,1H 0M 0S,6469,5
528.7721843800407,7497.733498080191,2022-11-24T07:21:00Z,1H 0M 0S,6469,5
528.1704195840224,7499.687954265168,2022-11-24T08:21:00Z,1H 0M 0S,6469,5
528.1702726829174,7499.688320013041,2022-11-24T09:21:00Z,1H 0M 0S,6469,5
527.9163681731607,7500.453400216101,2022-11-24T10:21:00Z,1H 0M 0S,6469,5
527.613842058618,7500.666157249517,2022-11-24T11:21:00Z,1H 0M 0S,6469,5
527.3308466134084,7502.061502061715,2022-11-24T12:21:00Z,1H 0M 0S,6469,5
526.6376773837064,7502.061764293931,2022-11-24T13:21:00Z,1H 0M 0S,6469,5
526.6070569628221,7501.95613995619,2022-11-24T14:21:00Z,1H 0M 0S,6469,5
526.8104382657934,7501.6385840765115,2022-11-24T15:21:00Z,1H 0M 0S,6469,5
527.5757286833773,7500.625685470795,2022-11-24T16:21:00Z,1H 0M 0S,6469,5
527.4905711522782,7500.398562536318,2022-11-24T17:21:00Z,1H 0M 0S,6469,5
527.4777858267802,7500.337259309271,2022-11-24T18:21:00Z,1H 0M 0S,6469,5
527.8920210977299,7501.327489539807,2022-11-24T19:21:00Z,1H 0M 0S,6469,5
528.4924178689707,7501.430698973569,2022-11-24T20:21:00Z,1H 0M 0S,6469,5
528.6707375545702,7501.3577725393225,2022-11-24T21:21:00Z,1H 0M 0S,6469,5
528.7789377302062,7501.248531532125,2022-11-24T22:21:00Z,1H 0M 0S,6469,5
530.4323878320403,7501.354973130563,2022-11-24T23:21:00Z,1H 0M 0S,6469,5
530.5195157123758,7501.327709726015,2022-11-25T00:21:00Z,1H 0M 0S,6469,5
530.7851575543115,7501.398815146725,2022-11-25T01:21:00Z,1H 0M 0S,6469,5
530.2783841911983,7500.908532002048,2022-11-25T02:21:00Z,1H 0M 0S,6469,5
531.4765723279795,7499.6687190248995,2022-11-25T03:21:00Z,1H 0M 0S,6469,5
533.5261330106922,7500.148533420301,2022-11-25T04:21:00Z,1H 0M 0S,6469,5
533.7926816639826,7500.120145068731,2022-11-25T05:21:00Z,1H 0M 0S,6469,5
534.516244079317,7499.361109030576,2022-11-25T06:21:00Z,1H 0M 0S,6469,5
534.437655526463,7499.1528444597625,2022-11-25T07:21:00Z,1H 0M 0S,6469,5
534.6357367714716,7499.393736969275,2022-11-25T08:21:00Z,1H 0M 0S,6469,5
534.5399514836774,7499.539944681215,2022-11-25T09:21:00Z,1H 0M 0S,6469,5
534.3500355349564,7499.46827958042,2022-11-25T10:21:00Z,1H 0M 0S,6469,5
534.2514339301599,7499.372436409365,2022-11-25T11:21:00Z,1H 0M 0S,6469,5
534.1459114394905,7499.002549693576,2022-11-25T12:21:00Z,1H 0M 0S,6469,5
533.8349633099596,7498.729253857852,2022-11-25T13:21:00Z,1H 0M 0S,6469,5
533.630897351216,7498.313245359039,2022-11-25T14:21:00Z,1H 0M 0S,6469,5
533.7172729544969,7497.353616091116,2022-11-25T15:21:00Z,1H 0M 0S,6469,5
534.2407111925145,7497.4452301479505,2022-11-25T16:21:00Z,1H 0M 0S,6469,5
534.3030331370892,7497.340667626279,2022-11-25T17:21:00Z,1H 0M 0S,6469,5
534.4393986964566,7497.247017345938,2022-11-25T18:21:00Z,1H 0M 0S,6469,5
535.1053234656019,7496.380270223661,2022-11-25T19:21:00Z,1H 0M 0S,6469,5
535.8961518565947,7495.648691430956,2022-11-25T20:21:00Z,1H 0M 0S,6469,5
536.2877363172503,7494.836184795637,2022-11-25T21:21:00Z,1H 0M 0S,6469,5
536.9425117307827,7495.029048001899,2022-11-25T22:21:00Z,1H 0M 0S,6469,5
537.5074603303784,7497.268323517743,2022-11-25T23:21:00Z,1H 0M 0S,6469,5
537.7746858661344,7497.208302818531,2022-11-26T00:21:00Z,1H 0M 0S,6469,5
538.0252354925822,7497.060137608989,2022-11-26T01:21:00Z,1H 0M 0S,6469,5
538.1854659954325,7496.70017009543,2022-11-26T02:21:00Z,1H 0M 0S,6469,5
538.0769080924749,7496.187122042167,2022-11-26T03:21:00Z,1H 0M 0S,6469,5
537.9818981304043,7496.190459544089,2022-11-26T04:21:00Z,1H 0M 0S,6469,5
537.4770532183533,7496.221617488551,2022-11-26T05:21:00Z,1H 0M 0S,6469,5
537.3200726904487,7496.155444535117,2022-11-26T06:21:00Z,1H 0M 0S,6469,5
537.2799452610491,7496.146381895927,2022-11-26T07:21:00Z,1H 0M 0S,6469,5
535.6036292741641,7495.491580858657,2022-11-26T08:21:00Z,1H 0M 0S,6469,5
536.2213844313977,7494.084885160102,2022-11-26T09:21:00Z,1H 0M 0S,6469,5
536.2251472034487,7493.672900689238,2022-11-26T10:21:00Z,1H 0M 0S,6469,5
536.2515929185003,7493.634485866078,2022-11-26T11:21:00Z,1H 0M 0S,6469,5
536.2330332616984,7493.632192861507,2022-11-26T12:21:00Z,1H 0M 0S,6469,5
535.5894897870501,7492.98117108736,2022-11-26T13:21:00Z,1H 0M 0S,6469,5
535.5583618883277,7492.946115379886,2022-11-26T14:21:00Z,1H 0M 0S,6469,5
535.2760205160862,7492.9158765444545,2022-11-26T15:21:00Z,1H 0M 0S,6469,5
535.2268347084438,7492.1622567054565,2022-11-26T16:21:00Z,1H 0M 0S,6469,5
535.9525956413863,7491.860757197257,2022-11-26T17:21:00Z,1H 0M 0S,6469,5
535.8503753440489,7490.746268000755,2022-11-26T18:21:00Z,1H 0M 0S,6469,5
535.167796600664,7490.17727384837,2022-11-26T19:21:00Z,1H 0M 0S,6469,5
535.4083226830562,7490.115340500053,2022-11-26T20:21:00Z,1H 0M 0S,6469,5
535.6740175815976,7489.895052601826,2022-11-26T21:21:00Z,1H 0M 0S,6469,5
537.0854023217988,7489.9190777536505,2022-11-26T22:21:00Z,1H 0M 0S,6469,5
537.1612736506261,7489.794118151915,2022-11-26T23:21:00Z,1H 0M 0S,6469,5
537.7579559886913,7489.795711542012,2022-11-27T00:21:00Z,1H 0M 0S,6469,5
538.0127034695965,7489.75115823409,2022-11-27T01:21:00Z,1H 0M 0S,6469,5
538.0295701524961,7489.6769023646675,2022-11-27T02:21:00Z,1H 0M 0S,6469,5
538.1789596483139,7489.422260582699,2022-11-27T03:21:00Z,1H 0M 0S,6469,5
538.158560092354,7489.203579309961,2022-11-27T04:21:00Z,1H 0M 0S,6469,5
538.15822678151,7489.196403911789,2022-11-27T05:21:00Z,1H 0M 0S,6469,5
538.1669895232243,7488.881379121217,2022-11-27T06:21:00Z,1H 0M 0S,6469,5
538.6393098935821,7488.6093990702675,2022-11-27T07:21:00Z,1H 0M 0S,6469,5
541.2760142375103,7487.53936959769,2022-11-27T08:21:00Z,1H 0M 0S,6469,5
542.5708067132825,7487.57731671029,2022-11-27T09:21:00Z,1H 0M 0S,6469,5
543.0610467263882,7487.391827282623,2022-11-27T10:21:00Z,1H 0M 0S,6469,5
543.0187794375322,7487.501355066578,2022-11-27T11:21:00Z,1H 0M 0S,6469,5
543.4418608221044,7487.975864711893,2022-11-27T12:21:00Z,1H 0M 0S,6469,5
543.402896727775,7488.209981459382,2022-11-27T13:21:00Z,1H 0M 0S,6469,5
543.6021332806167,7488.704227973594,2022-11-27T14:21:00Z,1H 0M 0S,6469,5
543.5592572732693,7488.686376299443,2022-11-27T15:21:00Z,1H 0M 0S,6469,5
543.5599095669637,7488.786471449293,2022-11-27T16:21:00Z,1H 0M 0S,6469,5
543.7703878740629,7489.421335285989,2022-11-27T17:21:00Z,1H 0M 0S,6469,5
543.9823675422917,7489.756896782705,2022-11-27T18:21:00Z,1H 0M 0S,6469,5
544.0134890868035,7489.895640993083,2022-11-27T19:21:00Z,1H 0M 0S,6469,5
544.0294122276287,7489.93785547424,2022-11-27T20:21:00Z,1H 0M 0S,6469,5
544.5084416755412,7491.041736557946,2022-11-27T21:21:00Z,1H 0M 0S,6469,5
544.5255839083746,7491.211856166913,2022-11-27T22:21:00Z,1H 0M 0S,6469,5
544.5232692102045,7491.231170734892,2022-11-27T23:21:00Z,1H 0M 0S,6469,5
544.6980091145925,7491.808441903193,2022-11-28T00:21:00Z,1H 0M 0S,6469,5
544.8753753354117,7492.144786125209,2022-11-28T01:21:00Z,1H 0M 0S,6469,5
544.3927975711473,7492.078349322635,2022-11-28T02:21:00Z,1H 0M 0S,6469,5
543.9042075633324,7491.9784410856055,2022-11-28T03:21:00Z,1H 0M 0S,6469,5
543.3411904101389,7491.5901976131545,2022-11-28T04:21:00Z,1H 0M 0S,6469,5
543.3371476634219,7491.586934550927,2022-11-28T05:21:00Z,1H 0M 0S,6469,5
541.9020314452869,7491.21816505787,2022-11-28T06:21:00Z,1H 0M 0S,6469,5
541.7768170283682,7491.124264659885,2022-11-28T07:21:00Z,1H 0M 0S,6469,5
541.7458124980118,7491.122520366125,2022-11-28T08:21:00Z,1H 0M 0S,6469,5
541.2798889694475,7491.223764713978,2022-11-28T09:21:00Z,1H 0M 0S,6469,5
541.3071816809935,7491.185154152299,2022-11-28T10:21:00Z,1H 0M 0S,6469,5
541.4616915516027,7491.22835663981,2022-11-28T11:21:00Z,1H 0M 0S,6469,5
541.7928979706733,7490.2733777545855,2022-11-28T12:21:00Z,1H 0M 0S,6469,5
542.0939407836269,7490.201212051144,2022-11-28T13:21:00Z,1H 0M 0S,6469,5
542.4503337368601,7488.695501948935,2022-11-28T14:21:00Z,1H 0M 0S,6469,5
542.2448079574367,7489.246064644395,2022-11-28T15:21:00Z,1H 0M 0S,6469,5
541.6861765310316,7489.317621011034,2022-11-28T16:21:00Z,1H 0M 0S,6469,5
540.6836240431049,7489.244035520574,2022-11-28T17:21:00Z,1H 0M 0S,6469,5
540.6820370749981,7489.241428782295,2022-11-28T18:21:00Z,1H 0M 0S,6469,5
540.8561938016743,7488.821847278257,2022-11-28T19:21:00Z,1H 0M 0S,6469,5
542.1662717504544,7489.1193567854625,2022-11-28T20:21:00Z,1H 0M 0S,6469,5
542.6422433035725,7489.322532294613,2022-11-28T21:21:00Z,1H 0M 0S,6469,5
542.8213276572873,7487.501120146876,2022-11-28T22:21:00Z,1H 0M 0S,6469,5
542.7762049711331,7487.7562753321345,2022-11-28T23:21:00Z,1H 0M 0S,6469,5
543.1654647177503,7487.537143209328,2022-11-29T00:21:00Z,1H 0M 0S,6469,5
543.149645433134,7487.240156619622,2022-11-29T01:21:00Z,1H 0M 0S,6469,5
542.3689219658445,7487.770612683839,2022-11-29T02:21:00Z,1H 0M 0S,6469,5
541.0167468393745,7488.769604117461,2022-11-29T03:21:00Z,1H 0M 0S,6469,5
540.9685858013708,7488.767506485037,2022-11-29T04:21:00Z,1H 0M 0S,6469,5
540.1619943979335,7489.41205670413,2022-11-29T05:21:00Z,1H 0M 0S,6469,5
540.4149466027011,7489.849395168146,2022-11-29T06:21:00Z,1H 0M 0S,6469,5
540.7030572293233,7489.809824984544,2022-11-29T07:21:00Z,1H 0M 0S,6469,5
541.3229672020075,7490.576843565204,2022-11-29T08:21:00Z,1H 0M 0S,6469,5
541.2250625391295,7491.783179158583,2022-11-29T09:21:00Z,1H 0M 0S,6469,5
541.2775940134399,7491.844602836024,2022-11-29T10:21:00Z,1H 0M 0S,6469,5
541.772842032126,7491.796646227353,2022-11-29T11:21:00Z,1H 0M 0S,6469,5
541.2281888079759,7491.975261197458,2022-11-29T12:21:00Z,1H 0M 0S,6469,5
541.1434011305877,7491.978101293161,2022-11-29T13:21:00Z,1H 0M 0S,6469,5
541.0401057461222,7492.048945952994,2022-11-29T14:21:00Z,1H 0M 0S,6469,5
540.9410598126362,7491.921141089073,2022-11-29T15:21:00Z,1H 0M 0S,6469,5
540.4826431118845,7492.0830012908555,2022-11-29T16:21:00Z,1H 0M 0S,6469,5
540.2001340694438,7491.603491727596,2022-11-29T17:21:00Z,1H 0M 0S,6469,5
540.4059334414537,7491.372783321913,2022-11-29T18:21:00Z,1H 0M 0S,6469,5
540.4150749804372,7491.2841586320965,2022-11-29T19:21:00Z,1H 0M 0S,6469,5
540.5557112662508,7491.051702497277,2022-11-29T20:21:00Z,1H 0M 0S,6469,5
540.3705830708524,7490.990971607232,2022-11-29T21:21:00Z,1H 0M 0S,6469,5
539.5350910604141,7491.577068376927,2022-11-29T22:21:00Z,1H 0M 0S,6469,5
539.2606083601635,7491.952290070391,2022-11-29T23:21:00Z,1H 0M 0S,6469,5
539.1630098732544,7491.962689613254,2022-11-30T00:21:00Z,1H 0M 0S,6469,5
539.73546725144,7492.232475340084,2022-11-30T01:21:00Z,1H 0M 0S,6469,5
539.788158399339,7492.171769757342,2022-11-30T02:21:00Z,1H 0M 0S,6469,5
538.9634044687473,7492.511011104872,2022-11-30T03:21:00Z,1H 0M 0S,6469,5
539.1818906184707,7492.456712349429,2022-11-30T04:21:00Z,1H 0M 0S,6469,5
539.1867673033256,7492.450741582622,2022-11-30T05:21:00Z,1H 0M 0S,6469,5
539.1866943441286,7492.450664563672,2022-11-30T06:21:00Z,1H 0M 0S,6469,5
538.4893652580753,7492.897751511848,2022-11-30T07:21:00Z,1H 0M 0S,6469,5
538.5141796896,7492.909392927405,2022-11-30T08:21:00Z,1H 0M 0S,6469,5
538.6911894477053,7492.966056010635,2022-11-30T09:21:00Z,1H 0M 0S,6469,5
538.9378551897639,7492.964992350603,2022-11-30T10:21:00Z,1H 0M 0S,6469,5
538.9456030179947,7492.97320836569,2022-11-30T11:21:00Z,1H 0M 0S,6469,5
538.9638970644498,7493.038584345557,2022-11-30T12:21:00Z,1H 0M 0S,6469,5
539.2857951976441,7494.1292460742025,2022-11-30T13:21:00Z,1H 0M 0S,6469,5
539.5018657534285,7494.229615140911,2022-11-30T14:21:00Z,1H 0M 0S,6469,5
540.9018102988324,7493.386210769242,2022-11-30T15:21:00Z,1H 0M 0S,6469,5
540.4492029677416,7493.813788481492,2022-11-30T16:21:00Z,1H 0M 0S,6469,5
539.3024193632535,7494.4857444649715,2022-11-30T17:21:00Z,1H 0M 0S,6469,5
538.4916231670439,7494.734172180847,2022-11-30T18:21:00Z,1H 0M 0S,6469,5
537.5211363517097,7495.3223040592875,2022-11-30T19:21:00Z,1H 0M 0S,6469,5
537.4545717327192,7495.404613213251,2022-11-30T20:21:00Z,1H 0M 0S,6469,5
537.8707084561191,7495.730529803898,2022-11-30T21:21:00Z,1H 0M 0S,6469,5
537.8747249533393,7495.732955460848,2022-11-30T22:21:00Z,1H 0M 0S,6469,5
539.6879715011089,7495.52745244403,2022-11-30T23:21:00Z,1H 0M 0S,6469,5
539.6914184724665,7495.52692243184,2022-12-01T00:21:00Z,1H 0M 0S,6469,5
539.9196352637466,7495.427422302513,2022-12-01T01:21:00Z,1H 0M 0S,6469,5
539.9696619258825,7495.455203960915,2022-12-01T02:21:00Z,1H 0M 0S,6469,5
540.0239107795405,7495.488645642739,2022-12-01T03:21:00Z,1H 0M 0S,6469,5
540.2530241566521,7495.490165486165,2022-12-01T04:21:00Z,1H 0M 0S,6469,5
541.135867819173,7496.034413391574,2022-12-01T05:21:00Z,1H 0M 0S,6469,5
541.7873999546339,7497.047721529181,2022-12-01T06:21:00Z,1H 0M 0S,6469,5
541.60285415817,7497.375949506775,2022-12-01T07:21:00Z,1H 0M 0S,6469,5
541.183433696832,7499.116813319568,2022-12-01T08:21:00Z,1H 0M 0S,6469,5
540.622281707818,7498.769574540192,2022-12-01T09:21:00Z,1H 0M 0S,6469,5
540.6863878517518,7498.494025475433,2022-12-01T10:21:00Z,1H 0M 0S,6469,5
540.676755185454,7498.379793954196,2022-12-01T11:21:00Z,1H 0M 0S,6469,5
540.7605405872478,7498.3238106439585,2022-12-01T12:21:00Z,1H 0M 0S,6469,5
541.3504143821032,7497.951906661319,2022-12-01T13:21:00Z,1H 0M 0S,6469,5
541.6067251730216,7497.813204862073,2022-12-01T14:21:00Z,1H 0M 0S,6469,5
541.6108088177477,7497.821843563924,2022-12-01T15:21:00Z,1H 0M 0S,6469,5
541.5792801718383,7497.818072884883,2022-12-01T16:21:00Z,1H 0M 0S,6469,5
540.8376195018255,7497.855313661057,2022-12-01T17:21:00Z,1H 0M 0S,6469,5
540.4473246127191,7497.687563488874,2022-12-01T18:21:00Z,1H 0M 0S,6469,5
540.2791426213482,7497.755642940541,2022-12-01T19:21:00Z,1H 0M 0S,6469,5
540.2139849122711,7497.836681891624,2022-12-01T20:21:00Z,1H 0M 0S,6469,5
538.002545851946,7497.084496169986,2022-12-01T21:21:00Z,1H 0M 0S,6469,5
537.8737406046222,7497.104463564018,2022-12-01T22:21:00Z,1H 0M 0S,6469,5
536.2433810374105,7496.570613202779,2022-12-01T23:21:00Z,1H 0M 0S,6469,5
536.3442234498951,7495.8708193363755,2022-12-02T00:21:00Z,1H 0M 0S,6469,5
536.3136326025914,7495.847628193457,2022-12-02T01:21:00Z,1H 0M 0S,6469,5
536.3058893692664,7495.838901492081,2022-12-02T02:21:00Z,1H 0M 0S,6469,5
536.641053354588,7496.031981037796,2022-12-02T03:21:00Z,1H 0M 0S,6469,5
536.6435097960918,7496.032234664866,2022-12-02T04:21:00Z,1H 0M 0S,6469,5
536.6563464414045,7496.02434234937,2022-12-02T05:21:00Z,1H 0M 0S,6469,5
527.0154049924537,7496.939799284272,2022-11-23T21:21:00Z,1H 0M 0S,6469,6
527.4011177384974,7496.746254195137,2022-11-23T22:21:00Z,1H 0M 0S,6469,6
527.5651276657316,7496.5846011355725,2022-11-23T23:21:00Z,1H 0M 0S,6469,6
527.5638233864577,7496.571599806781,2022-11-24T00:21:00Z,1H 0M 0S,6469,6
527.532690916126,7496.151150379417,2022-11-24T01:21:00Z,1H 0M 0S,6469,6
527.6471928188002,7496.034661984266,2022-11-24T02:21:00Z,1H 0M 0S,6469,6
527.7223390406199,7496.10510828512,2022-11-24T03:21:00Z,1H 0M 0S,6469,6
527.7265884761915,7496.066225769646,2022-11-24T04:21:00Z,1H 0M 0S,6469,6
527.7368938512435,7495.953418186598,2022-11-24T05:21:00Z,1H 0M 0S,6469,6
527.3686888853089,7495.474837741748,2022-11-24T06:21:00Z,1H 0M 0S,6469,6
526.4766305797112,7496.518643502256,2022-11-24T07:21:00Z,1H 0M 0S,6469,6
526.3880162650822,7496.550133702297,2022-11-24T08:21:00Z,1H 0M 0S,6469,6
525.9609208810996,7496.499065298091,2022-11-24T09:21:00Z,1H 0M 0S,6469,6
525.9110743169228,7496.455411283771,2022-11-24T10:21:00Z,1H 0M 0S,6469,6
524.8775947328381,7496.091996811349,2022-11-24T11:21:00Z,1H 0M 0S,6469,6
524.8996429227681,7494.9403472903505,2022-11-24T12:21:00Z,1H 0M 0S,6469,6
524.6093555006066,7494.558252304032,2022-11-24T13:21:00Z,1H 0M 0S,6469,6
524.6337245246383,7494.710945796213,2022-11-24T14:21:00Z,1H 0M 0S,6469,6
524.3554555026301,7495.524359637355,2022-11-24T15:21:00Z,1H 0M 0S,6469,6
524.1949833927954,7496.215920601435,2022-11-24T16:21:00Z,1H 0M 0S,6469,6
524.1897235449895,7496.21688587465,2022-11-24T17:21:00Z,1H 0M 0S,6469,6
524.1951280111978,7496.294484852098,2022-11-24T18:21:00Z,1H 0M 0S,6469,6
524.3208699775324,7496.602816434189,2022-11-24T19:21:00Z,1H 0M 0S,6469,6
524.5358795997412,7496.6635977129845,2022-11-24T20:21:00Z,1H 0M 0S,6469,6
524.6997119150714,7496.37718280666,2022-11-24T21:21:00Z,1H 0M 0S,6469,6
525.1178641470503,7496.739113576018,2022-11-24T22:21:00Z,1H 0M 0S,6469,6
525.2936456464685,7496.805001288986,2022-11-24T23:21:00Z,1H 0M 0S,6469,6
526.6073614816601,7496.377695881793,2022-11-25T00:21:00Z,1H 0M 0S,6469,6
528.3799433181292,7496.995861529364,2022-11-25T01:21:00Z,1H 0M 0S,6469,6
528.5432327231591,7497.171531989677,2022-11-25T02:21:00Z,1H 0M 0S,6469,6
528.5194563799685,7497.264845954944,2022-11-25T03:21:00Z,1H 0M 0S,6469,6
528.5295288071818,7497.354061325159,2022-11-25T04:21:00Z,1H 0M 0S,6469,6
528.5219979086321,7497.357100425004,2022-11-25T05:21:00Z,1H 0M 0S,6469,6
528.389341311914,7497.637031884733,2022-11-25T06:21:00Z,1H 0M 0S,6469,6
528.3408572575555,7497.576450587192,2022-11-25T07:21:00Z,1H 0M 0S,6469,6
528.9759074721843,7495.856542932448,2022-11-25T08:21:00Z,1H 0M 0S,6469,6
529.1289765998291,7495.641564749669,2022-11-25T09:21:00Z,1H 0M 0S,6469,6
528.2859641041108,7495.3241566678325,2022-11-25T10:21:00Z,1H 0M 0S,6469,6
526.6455137666736,7495.176491953178,2022-11-25T11:21:00Z,1H 0M 0S,6469,6
526.2481229786799,7495.211963774907,2022-11-25T12:21:00Z,1H 0M 0S,6469,6
526.2322828645473,7495.202792022404,2022-11-25T13:21:00Z,1H 0M 0S,6469,6
526.2194686495479,7495.211053076912,2022-11-25T14:21:00Z,1H 0M 0S,6469,6
526.1538296167741,7495.407583198051,2022-11-25T15:21:00Z,1H 0M 0S,6469,6
525.8783956854777,7495.69310859681,2022-11-25T16:21:00Z,1H 0M 0S,6469,6
525.8610501591946,7495.682158724548,2022-11-25T17:21:00Z,1H 0M 0S,6469,6
525.8010295222128,7495.657154706147,2022-11-25T18:21:00Z,1H 0M 0S,6469,6
525.7944511233859,7495.660406992998,2022-11-25T19:21:00Z,1H 0M 0S,6469,6
525.6307903501003,7495.76773665703,2022-11-25T20:21:00Z,1H 0M 0S,6469,6
525.5364609274288,7496.1302351100785,2022-11-25T21:21:00Z,1H 0M 0S,6469,6
525.7239645677522,7496.394892661491,2022-11-25T22:21:00Z,1H 0M 0S,6469,6
527.4218869745938,7497.96754000668,2022-11-25T23:21:00Z,1H 0M 0S,6469,6
527.8230262071634,7497.851866095099,2022-11-26T00:21:00Z,1H 0M 0S,6469,6
527.4814484041059,7497.1103555121035,2022-11-26T01:21:00Z,1H 0M 0S,6469,6
525.9237439236088,7497.7443026491,2022-11-26T02:21:00Z,1H 0M 0S,6469,6
524.6040968802479,7497.30773620726,2022-11-26T03:21:00Z,1H 0M 0S,6469,6
523.7388864588875,7496.709481483672,2022-11-26T04:21:00Z,1H 0M 0S,6469,6
523.38925721385306,7496.5588531747535,2022-11-26T05:21:00Z,1H 0M 0S,6469,6
523.2702915756299,7495.935083680207,2022-11-26T06:21:00Z,1H 0M 0S,6469,6
523.1573085546025,7495.470005965698,2022-11-26T07:21:00Z,1H 0M 0S,6469,6
522.9324864306965,7495.477100004645,2022-11-26T08:21:00Z,1H 0M 0S,6469,6
522.8730310907771,7495.522670883351,2022-11-26T09:21:00Z,1H 0M 0S,6469,6
522.1474664194492,7495.607992000608,2022-11-26T10:21:00Z,1H 0M 0S,6469,6
521.1435689210872,7497.694112034562,2022-11-26T11:21:00Z,1H 0M 0S,6469,6
521.1896840510691,7497.913021990047,2022-11-26T12:21:00Z,1H 0M 0S,6469,6
521.2917978150733,7498.258700743787,2022-11-26T13:21:00Z,1H 0M 0S,6469,6
521.3605965092414,7498.365906078611,2022-11-26T14:21:00Z,1H 0M 0S,6469,6
521.401418366546,7498.3844226508845,2022-11-26T15:21:00Z,1H 0M 0S,6469,6
521.3971916591091,7498.388841285494,2022-11-26T16:21:00Z,1H 0M 0S,6469,6
519.5368091497623,7498.8002496259905,2022-11-26T17:21:00Z,1H 0M 0S,6469,6
519.0713483717789,7498.777437682027,2022-11-26T18:21:00Z,1H 0M 0S,6469,6
518.8042372457579,7498.596037488919,2022-11-26T19:21:00Z,1H 0M 0S,6469,6
517.9887442722118,7498.368741025478,2022-11-26T20:21:00Z,1H 0M 0S,6469,6
517.7460505598721,7498.666318106137,2022-11-26T21:21:00Z,1H 0M 0S,6469,6
517.5206456160735,7498.46909164155,2022-11-26T22:21:00Z,1H 0M 0S,6469,6
517.6575507278843,7497.959041664001,2022-11-26T23:21:00Z,1H 0M 0S,6469,6
517.7549458516121,7497.881946985631,2022-11-27T00:21:00Z,1H 0M 0S,6469,6
518.0574095312273,7497.834605570067,2022-11-27T01:21:00Z,1H 0M 0S,6469,6
518.0494804179625,7497.887315726451,2022-11-27T02:21:00Z,1H 0M 0S,6469,6
518.1312830064555,7497.944697992422,2022-11-27T03:21:00Z,1H 0M 0S,6469,6
518.1015162862517,7498.380633907852,2022-11-27T04:21:00Z,1H 0M 0S,6469,6
520.0354771818105,7498.379567008901,2022-11-27T05:21:00Z,1H 0M 0S,6469,6
520.1449214348588,7498.764310579921,2022-11-27T06:21:00Z,1H 0M 0S,6469,6
520.3069511442238,7498.861914309661,2022-11-27T07:21:00Z,1H 0M 0S,6469,6
520.438678759157,7498.891325642856,2022-11-27T08:21:00Z,1H 0M 0S,6469,6
520.4428525609643,7498.927643824456,2022-11-27T09:21:00Z,1H 0M 0S,6469,6
520.5202676238918,7499.265942048036,2022-11-27T10:21:00Z,1H 0M 0S,6469,6
520.5362392476242,7499.280298361054,2022-11-27T11:21:00Z,1H 0M 0S,6469,6
520.5387663369137,7499.28273663689,2022-11-27T12:21:00Z,1H 0M 0S,6469,6
521.1846671438426,7499.478610664844,2022-11-27T13:21:00Z,1H 0M 0S,6469,6
521.9264299568761,7499.2608119859315,2022-11-27T14:21:00Z,1H 0M 0S,6469,6
522.0182385725504,7499.202365918079,2022-11-27T15:21:00Z,1H 0M 0S,6469,6
522.8762928807156,7499.3225859499125,2022-11-27T16:21:00Z,1H 0M 0S,6469,6
524.2945567601955,7497.703483220117,2022-11-27T17:21:00Z,1H 0M 0S,6469,6
524.0060680446566,7496.43054567248,2022-11-27T18:21:00Z,1H 0M 0S,6469,6
523.7140326793049,7495.732885647312,2022-11-27T19:21:00Z,1H 0M 0S,6469,6
523.1193507184826,7495.617208719757,2022-11-27T20:21:00Z,1H 0M 0S,6469,6
523.0597103428279,7495.790070554535,2022-11-27T21:21:00Z,1H 0M 0S,6469,6
523.2927940771107,7496.5559163554735,2022-11-27T22:21:00Z,1H 0M 0S,6469,6
523.8978378094434,7496.902517881177,2022-11-27T23:21:00Z,1H 0M 0S,6469,6
523.9999050102439,7496.960136563661,2022-11-28T00:21:00Z,1H 0M 0S,6469,6
524.0407089178499,7496.942559362839,2022-11-28T01:21:00Z,1H 0M 0S,6469,6
524.2970004812416,7496.753725635606,2022-11-28T02:21:00Z,1H 0M 0S,6469,6
524.839278817891,7495.958772569966,2022-11-28T03:21:00Z,1H 0M 0S,6469,6
525.1827844237473,7496.0804705805285,2022-11-28T04:21:00Z,1H 0M 0S,6469,6
525.130967679284,7496.043333197132,2022-11-28T05:21:00Z,1H 0M 0S,6469,6
525.0870207514142,7496.034254223199,2022-11-28T06:21:00Z,1H 0M 0S,6469,6
524.7760491031565,7496.426041190208,2022-11-28T07:21:00Z,1H 0M 0S,6469,6
524.6112909285692,7496.685135733708,2022-11-28T08:21:00Z,1H 0M 0S,6469,6
524.6139836474196,7496.705540853118,2022-11-28T09:21:00Z,1H 0M 0S,6469,6
524.2153241843567,7496.9794506165645,2022-11-28T10:21:00Z,1H 0M 0S,6469,6
522.569457866088,7497.997799496038,2022-11-28T11:21:00Z,1H 0M 0S,6469,6
523.9724476293283,7497.544371333777,2022-11-28T12:21:00Z,1H 0M 0S,6469,6
524.2106958044965,7497.261713051866,2022-11-28T13:21:00Z,1H 0M 0S,6469,6
523.964114332939,7496.202499506521,2022-11-28T14:21:00Z,1H 0M 0S,6469,6
524.1469235869606,7496.006449307781,2022-11-28T15:21:00Z,1H 0M 0S,6469,6
524.0953479348333,7496.639603934531,2022-11-28T16:21:00Z,1H 0M 0S,6469,6
523.7298034793747,7497.0024944090965,2022-11-28T17:21:00Z,1H 0M 0S,6469,6
522.6181052796412,7499.192241586511,2022-11-28T18:21:00Z,1H 0M 0S,6469,6
521.0829399732385,7501.847105808682,2022-11-28T19:21:00Z,1H 0M 0S,6469,6
520.554649945228,7501.936846314712,2022-11-28T20:21:00Z,1H 0M 0S,6469,6
520.5820786342877,7502.021307251703,2022-11-28T21:21:00Z,1H 0M 0S,6469,6
520.3633145328911,7502.446612377133,2022-11-28T22:21:00Z,1H 0M 0S,6469,6
520.3627910833516,7503.143227724677,2022-11-28T23:21:00Z,1H 0M 0S,6469,6
520.0656990673556,7503.77537652878,2022-11-29T00:21:00Z,1H 0M 0S,6469,6
519.9679085403588,7504.064136496782,2022-11-29T01:21:00Z,1H 0M 0S,6469,6
519.966651470853,7504.076742549409,2022-11-29T02:21:00Z,1H 0M 0S,6469,6
519.6817267662144,7504.7934659912535,2022-11-29T03:21:00Z,1H 0M 0S,6469,6
519.6839353013943,7504.798757547962,2022-11-29T04:21:00Z,1H 0M 0S,6469,6
520.0961158656734,7505.152202996922,2022-11-29T05:21:00Z,1H 0M 0S,6469,6
521.9086922174048,7505.367541185922,2022-11-29T06:21:00Z,1H 0M 0S,6469,6
522.0673829184169,7505.557400871958,2022-11-29T07:21:00Z,1H 0M 0S,6469,6
522.2057467746095,7505.6743318219405,2022-11-29T08:21:00Z,1H 0M 0S,6469,6
523.0732401863738,7507.127057440648,2022-11-29T09:21:00Z,1H 0M 0S,6469,6
523.627389465679,7507.400573853399,2022-11-29T10:21:00Z,1H 0M 0S,6469,6
523.6461673216529,7507.393107439232,2022-11-29T11:21:00Z,1H 0M 0S,6469,6
523.7740296873675,7506.973807775657,2022-11-29T12:21:00Z,1H 0M 0S,6469,6
523.6740331451549,7506.881586953368,2022-11-29T13:21:00Z,1H 0M 0S,6469,6
521.7514497089257,7506.528128158027,2022-11-29T14:21:00Z,1H 0M 0S,6469,6
521.6117824173049,7507.095694570133,2022-11-29T15:21:00Z,1H 0M 0S,6469,6
520.7429376176652,7506.178353467747,2022-11-29T16:21:00Z,1H 0M 0S,6469,6
519.2702267800457,7507.245775138728,2022-11-29T17:21:00Z,1H 0M 0S,6469,6
519.132652819611,7507.494581285451,2022-11-29T18:21:00Z,1H 0M 0S,6469,6
518.5481232400764,7507.423634457879,2022-11-29T19:21:00Z,1H 0M 0S,6469,6
518.4575442666983,7507.999014114602,2022-11-29T20:21:00Z,1H 0M 0S,6469,6
518.5339632188687,7508.572096157426,2022-11-29T21:21:00Z,1H 0M 0S,6469,6
517.0731718330596,7508.405884761268,2022-11-29T22:21:00Z,1H 0M 0S,6469,6
515.1667798437416,7507.2899474986225,2022-11-29T23:21:00Z,1H 0M 0S,6469,6
514.8054521679263,7507.398643060889,2022-11-30T00:21:00Z,1H 0M 0S,6469,6
513.7991323288658,7508.238119893008,2022-11-30T01:21:00Z,1H 0M 0S,6469,6
513.6668252592793,7508.43704143122,2022-11-30T02:21:00Z,1H 0M 0S,6469,6
513.00560967785,7509.10399363463,2022-11-30T03:21:00Z,1H 0M 0S,6469,6
512.9147191993465,7509.244624384227,2022-11-30T04:21:00Z,1H 0M 0S,6469,6
512.9148872092167,7509.24522447372,2022-11-30T05:21:00Z,1H 0M 0S,6469,6
513.5884811836963,7510.339232741834,2022-11-30T06:21:00Z,1H 0M 0S,6469,6
513.2812429791185,7510.744880602784,2022-11-30T07:21:00Z,1H 0M 0S,6469,6
513.2764376211488,7510.7307329632795,2022-11-30T08:21:00Z,1H 0M 0S,6469,6
513.2693688743472,7510.707448292495,2022-11-30T09:21:00Z,1H 0M 0S,6469,6
513.3734025134395,7510.398400490377,2022-11-30T10:21:00Z,1H 0M 0S,6469,6
512.9626319918525,7508.208409539691,2022-11-30T11:21:00Z,1H 0M 0S,6469,6
512.943515083348,7508.350083987457,2022-11-30T12:21:00Z,1H 0M 0S,6469,6
513.4540601059381,7508.692817043792,2022-11-30T13:21:00Z,1H 0M 0S,6469,6
513.4139422597672,7508.723672484203,2022-11-30T14:21:00Z,1H 0M 0S,6469,6
513.3457334997836,7509.649314901202,2022-11-30T15:21:00Z,1H 0M 0S,6469,6
512.6519986703029,7511.413331092984,2022-11-30T16:21:00Z,1H 0M 0S,6469,6
512.7819207695446,7511.369135977603,2022-11-30T17:21:00Z,1H 0M 0S,6469,6
513.6240504661641,7512.4688471329955,2022-11-30T18:21:00Z,1H 0M 0S,6469,6
514.1010682235316,7512.589530936859,2022-11-30T19:21:00Z,1H 0M 0S,6469,6
514.2097115232383,7512.750514371908,2022-11-30T20:21:00Z,1H 0M 0S,6469,6
514.2556702024342,7512.780230465922,2022-11-30T21:21:00Z,1H 0M 0S,6469,6
514.1702838673757,7512.9138584615575,2022-11-30T22:21:00Z,1H 0M 0S,6469,6
514.0530113547388,7513.036487154209,2022-11-30T23:21:00Z,1H 0M 0S,6469,6
513.2653685923474,7513.493084949691,2022-12-01T00:21:00Z,1H 0M 0S,6469,6
510.55822043194365,7514.4245221302745,2022-12-01T01:21:00Z,1H 0M 0S,6469,6
510.15469054919066,7514.974171637243,2022-12-01T02:21:00Z,1H 0M 0S,6469,6
510.09933211156414,7514.971425285487,2022-12-01T03:21:00Z,1H 0M 0S,6469,6
509.8640174533168,7514.4129597948495,2022-12-01T04:21:00Z,1H 0M 0S,6469,6
509.7310861785469,7514.498694691359,2022-12-01T05:21:00Z,1H 0M 0S,6469,6
509.44531185052205,7514.326842619663,2022-12-01T06:21:00Z,1H 0M 0S,6469,6
509.28048257956044,7514.291386549672,2022-12-01T07:21:00Z,1H 0M 0S,6469,6
508.9032920899902,7514.010889584166,2022-12-01T08:21:00Z,1H 0M 0S,6469,6
508.7651490359371,7514.2974800621805,2022-12-01T09:21:00Z,1H 0M 0S,6469,6
508.9012250635834,7514.6395868202,2022-12-01T10:21:00Z,1H 0M 0S,6469,6
508.39417854892855,7516.001070738621,2022-12-01T11:21:00Z,1H 0M 0S,6469,6
509.12007148915495,7516.4477880693885,2022-12-01T12:21:00Z,1H 0M 0S,6469,6
509.33694665459774,7516.481918969138,2022-12-01T13:21:00Z,1H 0M 0S,6469,6
509.2187640462338,7516.021760231885,2022-12-01T14:21:00Z,1H 0M 0S,6469,6
509.2458621434195,7515.935805838634,2022-12-01T15:21:00Z,1H 0M 0S,6469,6
509.4290187863193,7515.425915862293,2022-12-01T16:21:00Z,1H 0M 0S,6469,6
509.47310325686294,7515.354777737592,2022-12-01T17:21:00Z,1H 0M 0S,6469,6
509.1951582787901,7515.310382952317,2022-12-01T18:21:00Z,1H 0M 0S,6469,6
509.17987081244877,7515.34808126735,2022-12-01T19:21:00Z,1H 0M 0S,6469,6
509.00207022366055,7515.36239751446,2022-12-01T20:21:00Z,1H 0M 0S,6469,6
508.5609962902526,7515.255725398577,2022-12-01T21:21:00Z,1H 0M 0S,6469,6
508.5449101656443,7515.274277427395,2022-12-01T22:21:00Z,1H 0M 0S,6469,6
508.56536352452156,7515.613657950916,2022-12-01T23:21:00Z,1H 0M 0S,6469,6
507.9846858776509,7516.050330640676,2022-12-02T00:21:00Z,1H 0M 0S,6469,6
507.42364374458543,7516.994485166908,2022-12-02T01:21:00Z,1H 0M 0S,6469,6
508.58233113587033,7518.948895569131,2022-12-02T02:21:00Z,1H 0M 0S,6469,6
508.6024002318875,7518.981585291422,2022-12-02T03:21:00Z,1H 0M 0S,6469,6
508.6863969846699,7519.25534337397,2022-12-02T04:21:00Z,1H 0M 0S,6469,6
508.6145463762973,7519.305471355327,2022-12-02T05:21:00Z,1H 0M 0S,6469,6
527.0154049924537,7496.939799284272,2022-11-23T21:21:00Z,1H 0M 0S,6469,7
527.1243640492042,7497.075698642739,2022-11-23T22:21:00Z,1H 0M 0S,6469,7
527.2731810142958,7497.227365641406,2022-11-23T23:21:00Z,1H 0M 0S,6469,7
527.3753528199527,7496.830549213758,2022-11-24T00:21:00Z,1H 0M 0S,6469,7
527.3828300151438,7496.8232175591775,2022-11-24T01:21:00Z,1H 0M 0S,6469,7
527.327774348697,7496.691041321636,2022-11-24T02:21:00Z,1H 0M 0S,6469,7
528.083547887335,7495.168881722739,2022-11-24T03:21:00Z,1H 0M 0S,6469,7
528.021224439537,7495.688187832924,2022-11-24T04:21:00Z,1H 0M 0S,6469,7
528.0025393031984,7495.412421007734,2022-11-24T05:21:00Z,1H 0M 0S,6469,7
526.6159906128026,7494.121463950299,2022-11-24T06:21:00Z,1H 0M 0S,6469,7
526.3972015484339,7493.739062693233,2022-11-24T07:21:00Z,1H 0M 0S,6469,7
526.6424666326428,7493.411791285935,2022-11-24T08:21:00Z,1H 0M 0S,6469,7
526.6578239700777,7493.409353493467,2022-11-24T09:21:00Z,1H 0M 0S,6469,7
525.9277272994883,7493.514984484551,2022-11-24T10:21:00Z,1H 0M 0S,6469,7
525.8938940446963,7494.217419440604,2022-11-24T11:21:00Z,1H 0M 0S,6469,7
525.2647364856023,7495.331438367624,2022-11-24T12:21:00Z,1H 0M 0S,6469,7
524.347592099325,7494.485593450818,2022-11-24T13:21:00Z,1H 0M 0S,6469,7
524.3755680191176,7494.431892307413,2022-11-24T14:21:00Z,1H 0M 0S,6469,7
523.4237680091566,7492.737537120719,2022-11-24T15:21:00Z,1H 0M 0S,6469,7
523.4668737312867,7492.5682262741675,2022-11-24T16:21:00Z,1H 0M 0S,6469,7
523.6532588099019,7492.95130949002,2022-11-24T17:21:00Z,1H 0M 0S,6469,7
523.1176328772913,7494.165125995903,2022-11-24T18:21:00Z,1H 0M 0S,6469,7
523.1055922479717,7494.188810044561,2022-11-24T19:21:00Z,1H 0M 0S,6469,7
523.8973348046082,7496.108545785452,2022-11-24T20:21:00Z,1H 0M 0S,6469,7
523.4645639387879,7498.012891959193,2022-11-24T21:21:00Z,1H 0M 0S,6469,7
523.4638809738152,7498.01580420485,2022-11-24T22:21:00Z,1H 0M 0S,6469,7
524.0074497721905,7498.780149874848,2022-11-24T23:21:00Z,1H 0M 0S,6469,7
524.0126898870606,7498.782484512021,2022-11-25T00:21:00Z,1H 0M 0S,6469,7
523.9152202483838,7498.804778749951,2022-11-25T01:21:00Z,1H 0M 0S,6469,7
523.8180039521504,7498.757731972843,2022-11-25T02:21:00Z,1H 0M 0S,6469,7
523.7492893751091,7498.686595602751,2022-11-25T03:21:00Z,1H 0M 0S,6469,7
523.8033950104015,7498.677080341796,2022-11-25T04:21:00Z,1H 0M 0S,6469,7
523.9831796958947,7498.397278134671,2022-11-25T05:21:00Z,1H 0M 0S,6469,7
524.5989606471587,7498.0560491161295,2022-11-25T06:21:00Z,1H 0M 0S,6469,7
524.7156789435658,7498.050164533757,2022-11-25T07:21:00Z,1H 0M 0S,6469,7
524.9617252492632,7497.577131666483,2022-11-25T08:21:00Z,1H 0M 0S,6469,7
525.0426342337025,7497.4333221551615,2022-11-25T09:21:00Z,1H 0M 0S,6469,7
525.2885811118474,7497.350807300719,2022-11-25T10:21:00Z,1H 0M 0S,6469,7
525.1673702591747,7499.44544325872,2022-11-25T11:21:00Z,1H 0M 0S,6469,7
525.1827520873794,7499.46259410414,2022-11-25T12:21:00Z,1H 0M 0S,6469,7
526.0032027829947,7499.134674488826,2022-11-25T13:21:00Z,1H 0M 0S,6469,7
526.0613716182918,7499.115381697568,2022-11-25T14:21:00Z,1H 0M 0S,6469,7
526.669307025485,7499.562390418153,2022-11-25T15:21:00Z,1H 0M 0S,6469,7
528.6662437399937,7498.6696620574485,2022-11-25T16:21:00Z,1H 0M 0S,6469,7
529.133631803224,7498.745924492593,2022-11-25T17:21:00Z,1H 0M 0S,6469,7
529.2245225697935,7498.8135339943665,2022-11-25T18:21:00Z,1H 0M 0S,6469,7
529.3277691933332,7499.229182556843,2022-11-25T19:21:00Z,1H 0M 0S,6469,7
529.8064447946618,7498.999519109483,2022-11-25T20:21:00Z,1H 0M 0S,6469,7
529.8214853633584,7499.087926369997,2022-11-25T21:21:00Z,1H 0M 0S,6469,7
529.8808794996348,7499.164260858506,2022-11-25T22:21:00Z,1H 0M 0S,6469,7
529.860242968571,7499.22241278042,2022-11-25T23:21:00Z,1H 0M 0S,6469,7
529.7710808569823,7499.257375693024,2022-11-26T00:21:00Z,1H 0M 0S,6469,7
529.7637547277011,7499.260569514069,2022-11-26T01:21:00Z,1H 0M 0S,6469,7
529.8446310767118,7499.565408919983,2022-11-26T02:21:00Z,1H 0M 0S,6469,7
529.6283949406513,7499.993378055984,2022-11-26T03:21:00Z,1H 0M 0S,6469,7
529.5593351197192,7500.242864012287,2022-11-26T04:21:00Z,1H 0M 0S,6469,7
529.4907258078719,7500.4880360688485,2022-11-26T05:21:00Z,1H 0M 0S,6469,7
529.477962798876,7500.532364364497,2022-11-26T06:21:00Z,1H 0M 0S,6469,7
529.6596211195016,7500.824296022105,2022-11-26T07:21:00Z,1H 0M 0S,6469,7
529.6507433559774,7500.898849166545,2022-11-26T08:21:00Z,1H 0M 0S,6469,7
529.1210154540244,7501.406878046004,2022-11-26T09:21:00Z,1H 0M 0S,6469,7
528.8748092117925,7500.532307855598,2022-11-26T10:21:00Z,1H 0M 0S,6469,7
528.8829731354009,7499.977887051741,2022-11-26T11:21:00Z,1H 0M 0S,6469,7
528.9818561567558,7498.7116123311225,2022-11-26T12:21:00Z,1H 0M 0S,6469,7
528.9814721049199,7498.710872763069,2022-11-26T13:21:00Z,1H 0M 0S,6469,7
528.5284320477766,7498.554840741161,2022-11-26T14:21:00Z,1H 0M 0S,6469,7
527.6587867013952,7498.758146561888,2022-11-26T15:21:00Z,1H 0M 0S,6469,7
527.6168054049324,7499.196179905846,2022-11-26T16:21:00Z,1H 0M 0S,6469,7
527.1303969040308,7499.1756268738955,2022-11-26T17:21:00Z,1H 0M 0S,6469,7
526.632247141073,7499.559445317418,2022-11-26T18:21:00Z,1H 0M 0S,6469,7
526.6484630657424,7499.6401132636765,2022-11-26T19:21:00Z,1H 0M 0S,6469,7
527.2166285851275,7499.478585635291,2022-11-26T20:21:00Z,1H 0M 0S,6469,7
528.5888423619162,7500.010795899983,2022-11-26T21:21:00Z,1H 0M 0S,6469,7
527.0386133016723,7500.441834027112,2022-11-26T22:21:00Z,1H 0M 0S,6469,7
526.8541866958547,7500.688361586581,2022-11-26T23:21:00Z,1H 0M 0S,6469,7
525.7554058966472,7501.000771987236,2022-11-27T00:21:00Z,1H 0M 0S,6469,7
525.7484118501029,7501.012282901399,2022-11-27T01:21:00Z,1H 0M 0S,6469,7
525.9260374733002,7501.217494501064,2022-11-27T02:21:00Z,1H 0M 0S,6469,7
526.1000667941939,7501.611171628055,2022-11-27T03:21:00Z,1H 0M 0S,6469,7
526.1145711634754,7501.58501637881,2022-11-27T04:21:00Z,1H 0M 0S,6469,7
524.3672217142974,7500.957023538463,2022-11-27T05:21:00Z,1H 0M 0S,6469,7
524.3420983513957,7500.78890242394,2022-11-27T06:21:00Z,1H 0M 0S,6469,7
525.8718559369537,7500.105644488981,2022-11-27T07:21:00Z,1H 0M 0S,6469,7
525.9017859048428,7500.102932971988,2022-11-27T08:21:00Z,1H 0M 0S,6469,7
525.9371929020724,7500.168118349292,2022-11-27T09:21:00Z,1H 0M 0S,6469,7
526.0560009193157,7500.136394529775,2022-11-27T10:21:00Z,1H 0M 0S,6469,7
528.2850168848736,7498.630281579161,2022-11-27T11:21:00Z,1H 0M 0S,6469,7
528.3603141846277,7498.460741769511,2022-11-27T12:21:00Z,1H 0M 0S,6469,7
529.4744795680991,7497.915183408863,2022-11-27T13:21:00Z,1H 0M 0S,6469,7
529.8337149785482,7497.420340926331,2022-11-27T14:21:00Z,1H 0M 0S,6469,7
529.9863070907985,7497.322599827736,2022-11-27T15:21:00Z,1H 0M 0S,6469,7
530.5676561199795,7497.4975655088865,2022-11-27T16:21:00Z,1H 0M 0S,6469,7
530.9474210792583,7497.758646233134,2022-11-27T17:21:00Z,1H 0M 0S,6469,7
530.9771415654318,7497.919308826636,2022-11-27T18:21:00Z,1H 0M 0S,6469,7
531.635217646334,7497.5243440264685,2022-11-27T19:21:00Z,1H 0M 0S,6469,7
531.8077848631459,7497.732755300469,2022-11-27T20:21:00Z,1H 0M 0S,6469,7
532.4133855091419,7496.916410486695,2022-11-27T21:21:00Z,1H 0M 0S,6469,7
532.0931524183248,7497.026578246805,2022-11-27T22:21:00Z,1H 0M 0S,6469,7
531.9431562022222,7496.870811887523,2022-11-27T23:21:00Z,1H 0M 0S,6469,7
532.7446992034185,7494.974519067487,2022-11-28T00:21:00Z,1H 0M 0S,6469,7
532.0452485921326,7494.905086818172,2022-11-28T01:21:00Z,1H 0M 0S,6469,7
531.3041618782128,7495.226706619293,2022-11-28T02:21:00Z,1H 0M 0S,6469,7
531.2111927373558,7495.483695241128,2022-11-28T03:21:00Z,1H 0M 0S,6469,7
530.506324419325,7496.168844462741,2022-11-28T04:21:00Z,1H 0M 0S,6469,7
530.2346000730143,7496.529108039605,2022-11-28T05:21:00Z,1H 0M 0S,6469,7
530.2096155586074,7496.545274611775,2022-11-28T06:21:00Z,1H 0M 0S,6469,7
529.8870908339754,7496.525247655108,2022-11-28T07:21:00Z,1H 0M 0S,6469,7
528.821588656305,7496.216812480173,2022-11-28T08:21:00Z,1H 0M 0S,6469,7
528.7029741055923,7496.219947959331,2022-11-28T09:21:00Z,1H 0M 0S,6469,7
528.6952548832163,7494.72340750694,2022-11-28T10:21:00Z,1H 0M 0S,6469,7
528.8005483356994,7494.7427228437,2022-11-28T11:21:00Z,1H 0M 0S,6469,7
529.6434114099345,7494.742249825103,2022-11-28T12:21:00Z,1H 0M 0S,6469,7
531.2757678044496,7495.542230792285,2022-11-28T13:21:00Z,1H 0M 0S,6469,7
531.2914756936865,7495.6957223107765,2022-11-28T14:21:00Z,1H 0M 0S,6469,7
531.2363144160656,7496.0385865825565,2022-11-28T15:21:00Z,1H 0M 0S,6469,7
531.2362945528345,7496.166368566603,2022-11-28T16:21:00Z,1H 0M 0S,6469,7
531.2217769138025,7496.373402705589,2022-11-28T17:21:00Z,1H 0M 0S,6469,7
531.1131020544151,7496.794135811751,2022-11-28T18:21:00Z,1H 0M 0S,6469,7
531.1135238180742,7496.800200647186,2022-11-28T19:21:00Z,1H 0M 0S,6469,7
530.9967653835967,7497.118646065049,2022-11-28T20:21:00Z,1H 0M 0S,6469,7
531.5868290189221,7499.951069868014,2022-11-28T21:21:00Z,1H 0M 0S,6469,7
531.6982906634978,7500.338737539613,2022-11-28T22:21:00Z,1H 0M 0S,6469,7
532.0742521475005,7500.6604263290565,2022-11-28T23:21:00Z,1H 0M 0S,6469,7
532.280405434096,7500.466721074473,2022-11-29T00:21:00Z,1H 0M 0S,6469,7
532.7831649982595,7500.2715675143245,2022-11-29T01:21:00Z,1H 0M 0S,6469,7
532.8880446451512,7500.55095963584,2022-11-29T02:21:00Z,1H 0M 0S,6469,7
533.5125830907203,7502.478249006237,2022-11-29T03:21:00Z,1H 0M 0S,6469,7
533.5044924539832,7502.555828440565,2022-11-29T04:21:00Z,1H 0M 0S,6469,7
533.1761379208124,7503.388392764643,2022-11-29T05:21:00Z,1H 0M 0S,6469,7
533.1541384557478,7503.374501151776,2022-11-29T06:21:00Z,1H 0M 0S,6469,7
531.5449250414604,7504.099706486362,2022-11-29T07:21:00Z,1H 0M 0S,6469,7
531.3059214874181,7504.41909099443,2022-11-29T08:21:00Z,1H 0M 0S,6469,7
531.1882080156494,7504.532975763594,2022-11-29T09:21:00Z,1H 0M 0S,6469,7
531.5249434091043,7505.749324676743,2022-11-29T10:21:00Z,1H 0M 0S,6469,7
531.7080286665176,7505.717357444405,2022-11-29T11:21:00Z,1H 0M 0S,6469,7
531.8509778977129,7505.663132961226,2022-11-29T12:21:00Z,1H 0M 0S,6469,7
532.5156277857639,7504.731871631028,2022-11-29T13:21:00Z,1H 0M 0S,6469,7
531.9600306341575,7504.401812541954,2022-11-29T14:21:00Z,1H 0M 0S,6469,7
531.9911954814404,7504.002293695917,2022-11-29T15:21:00Z,1H 0M 0S,6469,7
532.2243051320046,7503.830088232654,2022-11-29T16:21:00Z,1H 0M 0S,6469,7
533.2952612341205,7503.594505580733,2022-11-29T17:21:00Z,1H 0M 0S,6469,7
533.4103211542963,7503.78276192823,2022-11-29T18:21:00Z,1H 0M 0S,6469,7
533.4193450517582,7503.791507066864,2022-11-29T19:21:00Z,1H 0M 0S,6469,7
533.5947783546816,7504.167190331246,2022-11-29T20:21:00Z,1H 0M 0S,6469,7
533.8769086418175,7504.283243775051,2022-11-29T21:21:00Z,1H 0M 0S,6469,7
534.6990669835578,7504.062566260019,2022-11-29T22:21:00Z,1H 0M 0S,6469,7
532.5557543621849,7504.692694116397,2022-11-29T23:21:00Z,1H 0M 0S,6469,7
532.5054331049175,7504.759238101663,2022-11-30T00:21:00Z,1H 0M 0S,6469,7
531.7508739971768,7505.096376740746,2022-11-30T01:21:00Z,1H 0M 0S,6469,7
531.5631343027048,7505.219794804311,2022-11-30T02:21:00Z,1H 0M 0S,6469,7
531.378260275494,7505.284927631777,2022-11-30T03:21:00Z,1H 0M 0S,6469,7
531.4084672676502,7505.3702011888045,2022-11-30T04:21:00Z,1H 0M 0S,6469,7
531.4213559718937,7505.387686253522,2022-11-30T05:21:00Z,1H 0M 0S,6469,7
531.7307153274905,7505.663641080571,2022-11-30T06:21:00Z,1H 0M 0S,6469,7
531.6243161494796,7505.671926484188,2022-11-30T07:21:00Z,1H 0M 0S,6469,7
531.6897057386872,7505.149877367107,2022-11-30T08:21:00Z,1H 0M 0S,6469,7
533.0977626349755,7504.967165126604,2022-11-30T09:21:00Z,1H 0M 0S,6469,7
533.3601338983242,7504.771287416915,2022-11-30T10:21:00Z,1H 0M 0S,6469,7
534.8497779586927,7504.922079756183,2022-11-30T11:21:00Z,1H 0M 0S,6469,7
535.1506275115333,7504.897021632212,2022-11-30T12:21:00Z,1H 0M 0S,6469,7
535.0947658394813,7504.920741332708,2022-11-30T13:21:00Z,1H 0M 0S,6469,7
534.8991552934152,7505.133477190388,2022-11-30T14:21:00Z,1H 0M 0S,6469,7
534.4708321122135,7505.295353122873,2022-11-30T15:21:00Z,1H 0M 0S,6469,7
534.1564672642525,7504.202838377117,2022-11-30T16:21:00Z,1H 0M 0S,6469,7
533.8322411141244,7503.949292120101,2022-11-30T17:21:00Z,1H 0M 0S,6469,7
533.174046388626,7503.954716657665,2022-11-30T18:21:00Z,1H 0M 0S,6469,7
533.0076200456801,7504.090051919381,2022-11-30T19:21:00Z,1H 0M 0S,6469,7
532.5010093321654,7504.424818346564,2022-11-30T20:21:00Z,1H 0M 0S,6469,7
531.8012272217059,7504.269294935238,2022-11-30T21:21:00Z,1H 0M 0S,6469,7
531.0913046750826,7504.5765246152805,2022-11-30T22:21:00Z,1H 0M 0S,6469,7
530.957320738244,7504.752641525342,2022-11-30T23:21:00Z,1H 0M 0S,6469,7
530.7361840852401,7504.901345207456,2022-12-01T00:21:00Z,1H 0M 0S,6469,7
530.5075351120234,7505.013280164923,2022-12-01T01:21:00Z,1H 0M 0S,6469,7
530.4928716138284,7505.003982564028,2022-12-01T02:21:00Z,1H 0M 0S,6469,7
530.2454933046986,7504.9031443009,2022-12-01T03:21:00Z,1H 0M 0S,6469,7
529.8793202702038,7504.514318998595,2022-12-01T04:21:00Z,1H 0M 0S,6469,7
529.8437737282853,7504.425788905551,2022-12-01T05:21:00Z,1H 0M 0S,6469,7
529.3774302309093,7504.347900025637,2022-12-01T06:21:00Z,1H 0M 0S,6469,7
528.6401157376644,7504.433068458001,2022-12-01T07:21:00Z,1H 0M 0S,6469,7
528.303128684859,7504.255578121837,2022-12-01T08:21:00Z,1H 0M 0S,6469,7
528.0182222235285,7503.429299292629,2022-12-01T09:21:00Z,1H 0M 0S,6469,7
528.1970121339173,7502.5619528328825,2022-12-01T10:21:00Z,1H 0M 0S,6469,7
528.3959562388828,7502.406296915234,2022-12-01T11:21:00Z,1H 0M 0S,6469,7
528.3455986134848,7501.650082430071,2022-12-01T12:21:00Z,1H 0M 0S,6469,7
528.2556694198881,7501.568127066299,2022-12-01T13:21:00Z,1H 0M 0S,6469,7
527.7142882832968,7501.683517225335,2022-12-01T14:21:00Z,1H 0M 0S,6469,7
527.6887646187348,7501.696162509523,2022-12-01T15:21:00Z,1H 0M 0S,6469,7
527.6210229691809,7501.591201234311,2022-12-01T16:21:00Z,1H 0M 0S,6469,7
527.5075490548112,7501.205221288653,2022-12-01T17:21:00Z,1H 0M 0S,6469,7
527.3889213097473,7500.990287256255,2022-12-01T18:21:00Z,1H 0M 0S,6469,7
527.48357494968,7500.658905539038,2022-12-01T19:21:00Z,1H 0M 0S,6469,7
527.1971825670921,7500.502559529178,2022-12-01T20:21:00Z,1H 0M 0S,6469,7
526.9003615262658,7500.235879341492,2022-12-01T21:21:00Z,1H 0M 0S,6469,7
526.8978777821625,7500.22622957013,2022-12-01T22:21:00Z,1H 0M 0S,6469,7
527.8180137907059,7499.483424170016,2022-12-01T23:21:00Z,1H 0M 0S,6469,7
528.1703556327734,7499.414790110676,2022-12-02T00:21:00Z,1H 0M 0S,6469,7
528.6505331810145,7499.086425713412,2022-12-02T01:21:00Z,1H 0M 0S,6469,7
528.656903750629,7499.05024775564,2022-12-02T02:21:00Z,1H 0M 0S,6469,7
529.2148161416486,7499.095141499292,2022-12-02T03:21:00Z,1H 0M 0S,6469,7
529.5544354359025,7499.448640824302,2022-12-02T04:21:00Z,1H 0M 0S,6469,7
529.6666246898328,7499.641046097681,2022-12-02T05:21:00Z,1H 0M 0S,6469,7
527.0154049924537,7496.939799284272,2022-11-23T21:21:00Z,1H 0M 0S,6469,8
527.5878155385598,7497.589208003015,2022-11-23T22:21:00Z,1H 0M 0S,6469,8
527.8457629910083,7497.614902431166,2022-11-23T23:21:00Z,1H 0M 0S,6469,8
528.1354127499865,7496.5668382600315,2022-11-24T00:21:00Z,1H 0M 0S,6469,8
528.4024507510188,7495.091638708772,2022-11-24T01:21:00Z,1H 0M 0S,6469,8
528.4024553293767,7495.090990299124,2022-11-24T02:21:00Z,1H 0M 0S,6469,8
528.6834968619074,7494.847977631771,2022-11-24T03:21:00Z,1H 0M 0S,6469,8
529.1480090330557,7494.859995545593,2022-11-24T04:21:00Z,1H 0M 0S,6469,8
529.785460857883,7495.098903843917,2022-11-24T05:21:00Z,1H 0M 0S,6469,8
529.8296012696977,7495.011708127286,2022-11-24T06:21:00Z,1H 0M 0S,6469,8
529.5106120720434,7494.669613764834,2022-11-24T07:21:00Z,1H 0M 0S,6469,8
529.3915943245878,7494.26059492478,2022-11-24T08:21:00Z,1H 0M 0S,6469,8
529.6587101640902,7493.788785670761,2022-11-24T09:21:00Z,1H 0M 0S,6469,8
530.5410736432927,7493.556873006407,2022-11-24T10:21:00Z,1H 0M 0S,6469,8
530.585612589449,7493.587592929304,2022-11-24T11:21:00Z,1H 0M 0S,6469,8
530.6039601392096,7493.583725955182,2022-11-24T12:21:00Z,1H 0M 0S,6469,8
530.5270860215538,7493.697123881164,2022-11-24T13:21:00Z,1H 0M 0S,6469,8
530.623156097847,7493.960991909515,2022-11-24T14:21:00Z,1H 0M 0S,6469,8
530.1937939691275,7494.561867342131,2022-11-24T15:21:00Z,1H 0M 0S,6469,8
529.3227875873544,7494.582433442869,2022-11-24T16:21:00Z,1H 0M 0S,6469,8
529.1490267180784,7494.6810605269875,2022-11-24T17:21:00Z,1H 0M 0S,6469,8
528.7997377350819,7494.911575929689,2022-11-24T18:21:00Z,1H 0M 0S,6469,8
528.8389015507031,7494.712482997162,2022-11-24T19:21:00Z,1H 0M 0S,6469,8
529.0104008117087,7494.549229277272,2022-11-24T20:21:00Z,1H 0M 0S,6469,8
529.0757648149488,7494.347654776494,2022-11-24T21:21:00Z,1H 0M 0S,6469,8
529.4034389457136,7494.257195687334,2022-11-24T22:21:00Z,1H 0M 0S,6469,8
529.3326418165038,7494.371505347987,2022-11-24T23:21:00Z,1H 0M 0S,6469,8
529.6994435485875,7494.871632304767,2022-11-25T00:21:00Z,1H 0M 0S,6469,8
529.9365964503697,7494.845120260049,2022-11-25T01:21:00Z,1H 0M 0S,6469,8
531.6983499860869,7495.843521729584,2022-11-25T02:21:00Z,1H 0M 0S,6469,8
531.5519890953617,7495.893092616998,2022-11-25T03:21:00Z,1H 0M 0S,6469,8
531.254774114597,7496.065688344131,2022-11-25T04:21:00Z,1H 0M 0S,6469,8
531.1500065939603,7496.545947500311,2022-11-25T05:21:00Z,1H 0M 0S,6469,8
531.1704347712447,7496.592722561716,2022-11-25T06:21:00Z,1H 0M 0S,6469,8
531.0803844241898,7497.4547275446,2022-11-25T07:21:00Z,1H 0M 0S,6469,8
531.0149782748739,7497.8880716055155,2022-11-25T08:21:00Z,1H 0M 0S,6469,8
530.8568711779989,7498.0147680846085,2022-11-25T09:21:00Z,1H 0M 0S,6469,8
531.6787933451265,7498.063036807879,2022-11-25T10:21:00Z,1H 0M 0S,6469,8
531.7659522492262,7498.139086896241,2022-11-25T11:21:00Z,1H 0M 0S,6469,8
531.8467862019698,7498.191381184548,2022-11-25T12:21:00Z,1H 0M 0S,6469,8
532.041357641756,7498.1824965123005,2022-11-25T13:21:00Z,1H 0M 0S,6469,8
532.1120721409543,7498.37889451684,2022-11-25T14:21:00Z,1H 0M 0S,6469,8
532.3032642692306,7498.455906016328,2022-11-25T15:21:00Z,1H 0M 0S,6469,8
532.4054074030796,7498.499331269657,2022-11-25T16:21:00Z,1H 0M 0S,6469,8
533.0739309655213,7498.794487880908,2022-11-25T17:21:00Z,1H 0M 0S,6469,8
533.2300277569472,7498.865830320009,2022-11-25T18:21:00Z,1H 0M 0S,6469,8
534.4873991579569,7498.952800724474,2022-11-25T19:21:00Z,1H 0M 0S,6469,8
534.5866116444287,7498.888918067534,2022-11-25T20:21:00Z,1H 0M 0S,6469,8
534.7619067618672,7498.835532216415,2022-11-25T21:21:00Z,1H 0M 0S,6469,8
534.6858848964682,7498.644938797138,2022-11-25T22:21:00Z,1H 0M 0S,6469,8
534.711673562016,7498.413425149757,2022-11-25T23:21:00Z,1H 0M 0S,6469,8
534.1792296069235,7497.886183452389,2022-11-26T00:21:00Z,1H 0M 0S,6469,8
533.5425771856317,7496.947640976035,2022-11-26T01:21:00Z,1H 0M 0S,6469,8
533.4227728251086,7496.224767531544,2022-11-26T02:21:00Z,1H 0M 0S,6469,8
533.2416138894231,7495.47063098846,2022-11-26T03:21:00Z,1H 0M 0S,6469,8
533.2409869331784,7495.398069265213,2022-11-26T04:21:00Z,1H 0M 0S,6469,8
533.3369850487244,7494.246645041077,2022-11-26T05:21:00Z,1H 0M 0S,6469,8
533.2086490288187,7493.878666934741,2022-11-26T06:21:00Z,1H 0M 0S,6469,8
533.0091774220417,7493.617681122337,2022-11-26T07:21:00Z,1H 0M 0S,6469,8
532.8591922519823,7493.407188541435,2022-11-26T08:21:00Z,1H 0M 0S,6469,8
533.7666609153779,7493.692726851485,2022-11-26T09:21:00Z,1H 0M 0S,6469,8
533.9967653936224,7493.609324319717,2022-11-26T10:21:00Z,1H 0M 0S,6469,8
534.1443395766914,7493.76370572885,2022-11-26T11:21:00Z,1H 0M 0S,6469,8
534.2464158520138,7494.028521701671,2022-11-26T12:21:00Z,1H 0M 0S,6469,8
532.9255550920162,7497.1639730601455,2022-11-26T13:21:00Z,1H 0M 0S,6469,8
533.3311753317025,7497.908652353964,2022-11-26T14:21:00Z,1H 0M 0S,6469,8
534.0568714370951,7498.124223122405,2022-11-26T15:21:00Z,1H 0M 0S,6469,8
534.3219194960262,7498.30913396148,2022-11-26T16:21:00Z,1H 0M 0S,6469,8
534.328522241143,7498.332282790036,2022-11-26T17:21:00Z,1H 0M 0S,6469,8
534.6821914876534,7498.597680489384,2022-11-26T18:21:00Z,1H 0M 0S,6469,8
534.7058279231104,7498.6675417329825,2022-11-26T19:21:00Z,1H 0M 0S,6469,8
534.8140814654055,7499.372113906765,2022-11-26T20:21:00Z,1H 0M 0S,6469,8
532.6853081581031,7499.694922321083,2022-11-26T21:21:00Z,1H 0M 0S,6469,8
532.2981864936417,7500.1718039461,2022-11-26T22:21:00Z,1H 0M 0S,6469,8
532.031194061039,7501.791086305665,2022-11-26T23:21:00Z,1H 0M 0S,6469,8
532.4392994578892,7504.688207783798,2022-11-27T00:21:00Z,1H 0M 0S,6469,8
532.5350885354839,7504.797389335915,2022-11-27T01:21:00Z,1H 0M 0S,6469,8
532.4000819918192,7505.449402513247,2022-11-27T02:21:00Z,1H 0M 0S,6469,8
532.4320215171742,7505.721729148032,2022-11-27T03:21:00Z,1H 0M 0S,6469,8
532.4178601904762,7505.882903758374,2022-11-27T04:21:00Z,1H 0M 0S,6469,8
532.2271998594147,7506.099852196014,2022-11-27T05:21:00Z,1H 0M 0S,6469,8
531.2767117503748,7506.609679534045,2022-11-27T06:21:00Z,1H 0M 0S,6469,8
531.3318136666699,7507.136798253237,2022-11-27T07:21:00Z,1H 0M 0S,6469,8
531.3432592856375,7507.251340178373,2022-11-27T08:21:00Z,1H 0M 0S,6469,8
531.5164953523075,7507.6259825263705,2022-11-27T09:21:00Z,1H 0M 0S,6469,8
531.7932148434949,7507.525711768935,2022-11-27T10:21:00Z,1H 0M 0S,6469,8
532.144278224907,7507.456940418276,2022-11-27T11:21:00Z,1H 0M 0S,6469,8
532.155318181126,7507.406616623031,2022-11-27T12:21:00Z,1H 0M 0S,6469,8
532.21886529977,7507.384027692454,2022-11-27T13:21:00Z,1H 0M 0S,6469,8
532.9076607309131,7505.453094547904,2022-11-27T14:21:00Z,1H 0M 0S,6469,8
532.8416991770655,7505.366547060145,2022-11-27T15:21:00Z,1H 0M 0S,6469,8
532.4983411692945,7505.118372516945,2022-11-27T16:21:00Z,1H 0M 0S,6469,8
532.498390939143,7505.117172223984,2022-11-27T17:21:00Z,1H 0M 0S,6469,8
532.4503395453888,7504.929916942031,2022-11-27T18:21:00Z,1H 0M 0S,6469,8
532.319708246392,7504.597607982377,2022-11-27T19:21:00Z,1H 0M 0S,6469,8
531.4220536958858,7503.864801528615,2022-11-27T20:21:00Z,1H 0M 0S,6469,8
530.8751961949383,7503.849405173316,2022-11-27T21:21:00Z,1H 0M 0S,6469,8
530.8728323309446,7503.8518595043915,2022-11-27T22:21:00Z,1H 0M 0S,6469,8
530.4610186269729,7505.053791747184,2022-11-27T23:21:00Z,1H 0M 0S,6469,8
530.4486041525296,7505.228220904967,2022-11-28T00:21:00Z,1H 0M 0S,6469,8
530.2075694495726,7505.616551550714,2022-11-28T01:21:00Z,1H 0M 0S,6469,8
530.2041731636144,7505.625426568351,2022-11-28T02:21:00Z,1H 0M 0S,6469,8
528.889442313389,7505.920451532462,2022-11-28T03:21:00Z,1H 0M 0S,6469,8
528.8343135640457,7506.071188839192,2022-11-28T04:21:00Z,1H 0M 0S,6469,8
528.9522125086787,7506.504505509196,2022-11-28T05:21:00Z,1H 0M 0S,6469,8
529.0920055515413,7507.790780358577,2022-11-28T06:21:00Z,1H 0M 0S,6469,8
529.1685785560265,7508.034460712287,2022-11-28T07:21:00Z,1H 0M 0S,6469,8
529.1987855343573,7508.067736327757,2022-11-28T08:21:00Z,1H 0M 0S,6469,8
529.4007901521132,7508.568521696429,2022-11-28T09:21:00Z,1H 0M 0S,6469,8
529.7060549255999,7508.503075094924,2022-11-28T10:21:00Z,1H 0M 0S,6469,8
531.068322060629,7509.559010409062,2022-11-28T11:21:00Z,1H 0M 0S,6469,8
531.1141630480104,7509.641478904848,2022-11-28T12:21:00Z,1H 0M 0S,6469,8
531.1989510582205,7510.788372886014,2022-11-28T13:21:00Z,1H 0M 0S,6469,8
531.26619973382,7510.75984062368,2022-11-28T14:21:00Z,1H 0M 0S,6469,8
531.3193347384976,7510.746020627455,2022-11-28T15:21:00Z,1H 0M 0S,6469,8
531.3498914490804,7510.778018201905,2022-11-28T16:21:00Z,1H 0M 0S,6469,8
530.1420684747036,7510.426950895215,2022-11-28T17:21:00Z,1H 0M 0S,6469,8
529.9535609422306,7510.425204132798,2022-11-28T18:21:00Z,1H 0M 0S,6469,8
529.9003698187662,7510.196324001547,2022-11-28T19:21:00Z,1H 0M 0S,6469,8
528.8014080657115,7509.301693219119,2022-11-28T20:21:00Z,1H 0M 0S,6469,8
528.7713008462927,7509.3072700840885,2022-11-28T21:21:00Z,1H 0M 0S,6469,8
528.2846238502176,7509.108661099023,2022-11-28T22:21:00Z,1H 0M 0S,6469,8
527.6271407924698,7507.584915501932,2022-11-28T23:21:00Z,1H 0M 0S,6469,8
527.7711694268346,7507.157890352099,2022-11-29T00:21:00Z,1H 0M 0S,6469,8
527.6848778672143,7506.915963962918,2022-11-29T01:21:00Z,1H 0M 0S,6469,8
527.8898901613505,7506.729324112616,2022-11-29T02:21:00Z,1H 0M 0S,6469,8
528.7239472589806,7506.061833953676,2022-11-29T03:21:00Z,1H 0M 0S,6469,8
529.2214583762592,7505.973025924225,2022-11-29T04:21:00Z,1H 0M 0S,6469,8
529.4218125973888,7505.81109756063,2022-11-29T05:21:00Z,1H 0M 0S,6469,8
529.4852674421682,7505.769824950297,2022-11-29T06:21:00Z,1H 0M 0S,6469,8
529.5230710143506,7505.768369194347,2022-11-29T07:21:00Z,1H 0M 0S,6469,8
529.6385955457831,7504.808223746061,2022-11-29T08:21:00Z,1H 0M 0S,6469,8
529.6093213814909,7504.541170958476,2022-11-29T09:21:00Z,1H 0M 0S,6469,8
529.0420346127015,7505.028832536667,2022-11-29T10:21:00Z,1H 0M 0S,6469,8
528.9452134070132,7505.063824193915,2022-11-29T11:21:00Z,1H 0M 0S,6469,8
527.7246562533692,7505.625143358031,2022-11-29T12:21:00Z,1H 0M 0S,6469,8
527.5320475765778,7505.4396251752705,2022-11-29T13:21:00Z,1H 0M 0S,6469,8
527.7562930594437,7505.34938917403,2022-11-29T14:21:00Z,1H 0M 0S,6469,8
528.123616200352,7504.207060662863,2022-11-29T15:21:00Z,1H 0M 0S,6469,8
528.2346775705491,7504.004291292181,2022-11-29T16:21:00Z,1H 0M 0S,6469,8
528.1786304823096,7503.913684916241,2022-11-29T17:21:00Z,1H 0M 0S,6469,8
527.6688459906974,7504.053640400859,2022-11-29T18:21:00Z,1H 0M 0S,6469,8
527.6550506711216,7504.134520348942,2022-11-29T19:21:00Z,1H 0M 0S,6469,8
527.0153840363467,7504.793395413597,2022-11-29T20:21:00Z,1H 0M 0S,6469,8
526.9178040743876,7504.787480185019,2022-11-29T21:21:00Z,1H 0M 0S,6469,8
526.6400647265891,7504.454448262054,2022-11-29T22:21:00Z,1H 0M 0S,6469,8
526.5106095727646,7504.322852972862,2022-11-29T23:21:00Z,1H 0M 0S,6469,8
526.3185183133387,7504.013149970362,2022-11-30T00:21:00Z,1H 0M 0S,6469,8
526.5084913722884,7503.796768318388,2022-11-30T01:21:00Z,1H 0M 0S,6469,8
526.0879839694686,7503.6056137479945,2022-11-30T02:21:00Z,1H 0M 0S,6469,8
525.3389504312083,7503.9631969392185,2022-11-30T03:21:00Z,1H 0M 0S,6469,8
525.309665014813,7503.969208205449,2022-11-30T04:21:00Z,1H 0M 0S,6469,8
525.1106809460626,7504.196308847331,2022-11-30T05:21:00Z,1H 0M 0S,6469,8
525.0489791366767,7504.18327669591,2022-11-30T06:21:00Z,1H 0M 0S,6469,8
525.0583265560045,7504.169942814949,2022-11-30T07:21:00Z,1H 0M 0S,6469,8
524.9716464848977,7504.63659644263,2022-11-30T08:21:00Z,1H 0M 0S,6469,8
524.9720184407198,7504.637387782399,2022-11-30T09:21:00Z,1H 0M 0S,6469,8
526.5017419076834,7505.602615234602,2022-11-30T10:21:00Z,1H 0M 0S,6469,8
526.9509002416689,7506.7038541431,2022-11-30T11:21:00Z,1H 0M 0S,6469,8
526.7794349477823,7507.290394915384,2022-11-30T12:21:00Z,1H 0M 0S,6469,8
526.7796627726632,7507.329360170639,2022-11-30T13:21:00Z,1H 0M 0S,6469,8
526.6553783848439,7507.639525847153,2022-11-30T14:21:00Z,1H 0M 0S,6469,8
526.6378864679416,7507.659337650304,2022-11-30T15:21:00Z,1H 0M 0S,6469,8
526.6267079832231,7507.644706050147,2022-11-30T16:21:00Z,1H 0M 0S,6469,8
526.1782295074053,7506.7821901499665,2022-11-30T17:21:00Z,1H 0M 0S,6469,8
525.7973171146672,7506.541539612623,2022-11-30T18:21:00Z,1H 0M 0S,6469,8
525.7720435865631,7506.373363780172,2022-11-30T19:21:00Z,1H 0M 0S,6469,8
525.3752505292664,7506.459952997231,2022-11-30T20:21:00Z,1H 0M 0S,6469,8
525.371012938411,7506.456719471089,2022-11-30T21:21:00Z,1H 0M 0S,6469,8
524.8053274733913,7505.675944484017,2022-11-30T22:21:00Z,1H 0M 0S,6469,8
525.8822291883085,7503.645192088053,2022-11-30T23:21:00Z,1H 0M 0S,6469,8
525.823327559466,7503.467598863066,2022-12-01T00:21:00Z,1H 0M 0S,6469,8
525.8708485131649,7503.355161082251,2022-12-01T01:21:00Z,1H 0M 0S,6469,8
525.7843135825376,7502.6306252757895,2022-12-01T02:21:00Z,1H 0M 0S,6469,8
525.7072591206938,7502.246749564744,2022-12-01T03:21:00Z,1H 0M 0S,6469,8
525.3103856293452,7501.56385941698,2022-12-01T04:21:00Z,1H 0M 0S,6469,8
523.8790269714023,7500.934246491086,2022-12-01T05:21:00Z,1H 0M 0S,6469,8
523.69737918708,7500.985912899375,2022-12-01T06:21:00Z,1H 0M 0S,6469,8
523.6925875321193,7500.9842033184805,2022-12-01T07:21:00Z,1H 0M 0S,6469,8
523.4676676727777,7501.004632145145,2022-12-01T08:21:00Z,1H 0M 0S,6469,8
523.4128329879712,7502.151342013681,2022-12-01T09:21:00Z,1H 0M 0S,6469,8
522.5899477806215,7502.983228989298,2022-12-01T10:21:00Z,1H 0M 0S,6469,8
522.4974722493869,7503.350530618835,2022-12-01T11:21:00Z,1H 0M 0S,6469,8
522.48038235954,7503.3643037947095,2022-12-01T12:21:00Z,1H 0M 0S,6469,8
522.4403855101053,7503.454278222263,2022-12-01T13:21:00Z,1H 0M 0S,6469,8
522.6051860975705,7504.455100342938,2022-12-01T14:21:00Z,1H 0M 0S,6469,8
522.4817519573559,7504.872972341326,2022-12-01T15:21:00Z,1H 0M 0S,6469,8
520.876382831112,7505.019449330183,2022-12-01T16:21:00Z,1H 0M 0S,6469,8
520.8410033522129,7505.0097913155705,2022-12-01T17:21:00Z,1H 0M 0S,6469,8
520.8515698325104,7504.982398735745,2022-12-01T18:21:00Z,1H 0M 0S,6469,8
520.807501274384,7504.841816685943,2022-12-01T19:21:00Z,1H 0M 0S,6469,8
520.4682110008887,7503.809167609992,2022-12-01T20:21:00Z,1H 0M 0S,6469,8
520.323963466938,7503.777966090611,2022-12-01T21:21:00Z,1H 0M 0S,6469,8
518.2863978038007,7504.60420752883,2022-12-01T22:21:00Z,1H 0M 0S,6469,8
517.4805252999787,7504.255779765869,2022-12-01T23:21:00Z,1H 0M 0S,6469,8
517.4709260166421,7504.243585038014,2022-12-02T00:21:00Z,1H 0M 0S,6469,8
517.4106316484483,7504.178121376148,2022-12-02T01:21:00Z,1H 0M 0S,6469,8
516.8469615282482,7503.362476311761,2022-12-02T02:21:00Z,1H 0M 0S,6469,8
515.4045645980433,7503.2592573789325,2022-12-02T03:21:00Z,1H 0M 0S,6469,8
515.2267838588232,7503.537351485226,2022-12-02T04:21:00Z,1H 0M 0S,6469,8
513.8592867992347,7503.100909388051,2022-12-02T05:21:00Z,1H 0M 0S,6469,8
527.0154049924537,7496.939799284272,2022-11-23T21:21:00Z,1H 0M 0S,6469,9
527.0741747382433,7497.11999925994,2022-11-23T22:21:00Z,1H 0M 0S,6469,9
527.421914596193,7497.467532165272,2022-11-23T23:21:00Z,1H 0M 0S,6469,9
527.8844147015674,7497.529305616001,2022-11-24T00:21:00Z,1H 0M 0S,6469,9
527.9213740861882,7497.451249714461,2022-11-24T01:21:00Z,1H 0M 0S,6469,9
528.0907389290975,7497.104673541077,2022-11-24T02:21:00Z,1H 0M 0S,6469,9
528.2309059350297,7497.112595531099,2022-11-24T03:21:00Z,1H 0M 0S,6469,9
528.6350734674013,7497.311842957902,2022-11-24T04:21:00Z,1H 0M 0S,6469,9
527.0207507197222,7499.416219591504,2022-11-24T05:21:00Z,1H 0M 0S,6469,9
526.7770249948942,7499.816949272741,2022-11-24T06:21:00Z,1H 0M 0S,6469,9
526.7678953596967,7499.971150768066,2022-11-24T07:21:00Z,1H 0M 0S,6469,9
526.7001147268267,7500.618647023845,2022-11-24T08:21:00Z,1H 0M 0S,6469,9
526.4988275698802,7500.687600645445,2022-11-24T09:21:00Z,1H 0M 0S,6469,9
526.3793388906159,7500.7426178087835,2022-11-24T10:21:00Z,1H 0M 0S,6469,9
526.2190105705263,7500.663616822774,2022-11-24T11:21:00Z,1H 0M 0S,6469,9
525.3924277791838,7502.037826392046,2022-11-24T12:21:00Z,1H 0M 0S,6469,9
525.065780957571,7502.332610225543,2022-11-24T13:21:00Z,1H 0M 0S,6469,9
524.7560890217229,7502.629592007405,2022-11-24T14:21:00Z,1H 0M 0S,6469,9
524.9264906834635,7502.793833291107,2022-11-24T15:21:00Z,1H 0M 0S,6469,9
525.0360274657751,7502.831472278207,2022-11-24T16:21:00Z,1H 0M 0S,6469,9
525.2623556737071,7503.203266505171,2022-11-24T17:21:00Z,1H 0M 0S,6469,9
525.3110942443502,7503.265707162511,2022-11-24T18:21:00Z,1H 0M 0S,6469,9
525.7017026445759,7503.913415631394,2022-11-24T19:21:00Z,1H 0M 0S,6469,9
527.0992971237725,7505.227930743109,2022-11-24T20:21:00Z,1H 0M 0S,6469,9
527.272546907442,7505.430171852952,2022-11-24T21:21:00Z,1H 0M 0S,6469,9
527.3563363321844,7505.4656324929965,2022-11-24T22:21:00Z,1H 0M 0S,6469,9
527.4361774829689,7505.512787648976,2022-11-24T23:21:00Z,1H 0M 0S,6469,9
526.9366084737909,7506.27649009409,2022-11-25T00:21:00Z,1H 0M 0S,6469,9
526.9756429857927,7506.299355809877,2022-11-25T01:21:00Z,1H 0M 0S,6469,9
527.153976471306,7506.118486177513,2022-11-25T02:21:00Z,1H 0M 0S,6469,9
527.2122488872243,7506.195786388984,2022-11-25T03:21:00Z,1H 0M 0S,6469,9
527.1473065658481,7506.626074259929,2022-11-25T04:21:00Z,1H 0M 0S,6469,9
527.137180881775,7506.637180074349,2022-11-25T05:21:00Z,1H 0M 0S,6469,9
526.9853556144743,7507.139164155963,2022-11-25T06:21:00Z,1H 0M 0S,6469,9
527.1245287586114,7507.481121061194,2022-11-25T07:21:00Z,1H 0M 0S,6469,9
527.8517221981833,7508.8301136482405,2022-11-25T08:21:00Z,1H 0M 0S,6469,9
527.4677792284723,7509.311236992094,2022-11-25T09:21:00Z,1H 0M 0S,6469,9
527.4675462442559,7509.311333250683,2022-11-25T10:21:00Z,1H 0M 0S,6469,9
527.3913745079053,7509.747505335697,2022-11-25T11:21:00Z,1H 0M 0S,6469,9
527.4709419798569,7509.809217464741,2022-11-25T12:21:00Z,1H 0M 0S,6469,9
527.6703530619455,7509.816172721539,2022-11-25T13:21:00Z,1H 0M 0S,6469,9
527.7237940234705,7509.821130825017,2022-11-25T14:21:00Z,1H 0M 0S,6469,9
525.1863039721502,7510.435539427713,2022-11-25T15:21:00Z,1H 0M 0S,6469,9
524.8680600963938,7510.421006089118,2022-11-25T16:21:00Z,1H 0M 0S,6469,9
525.1733089699592,7510.782023489639,2022-11-25T17:21:00Z,1H 0M 0S,6469,9
525.4074712002742,7510.908797452502,2022-11-25T18:21:00Z,1H 0M 0S,6469,9
525.4103088511143,7510.910856884176,2022-11-25T19:21:00Z,1H 0M 0S,6469,9
525.4157187986634,7511.245123307421,2022-11-25T20:21:00Z,1H 0M 0S,6469,9
525.4268854266746,7511.364429367733,2022-11-25T21:21:00Z,1H 0M 0S,6469,9
525.6950413973743,7512.127868675932,2022-11-25T22:21:00Z,1H 0M 0S,6469,9
525.6794471802262,7512.214458678194,2022-11-25T23:21:00Z,1H 0M 0S,6469,9
525.4670104948659,7512.517827147614,2022-11-26T00:21:00Z,1H 0M 0S,6469,9
525.2636385290723,7513.23728340165,2022-11-26T01:21:00Z,1H 0M 0S,6469,9
524.9395233290495,7513.299544146575,2022-11-26T02:21:00Z,1H 0M 0S,6469,9
524.5059976768167,7513.365236718178,2022-11-26T03:21:00Z,1H 0M 0S,6469,9
524.1453550101337,7513.246467489943,2022-11-26T04:21:00Z,1H 0M 0S,6469,9
522.4214874217272,7513.190269451749,2022-11-26T05:21:00Z,1H 0M 0S,6469,9
521.6983442422106,7513.143872212122,2022-11-26T06:21:00Z,1H 0M 0S,6469,9
523.3855302518041,7511.50873606864,2022-11-26T07:21:00Z,1H 0M 0S,6469,9
523.7047896583027,7511.268884460891,2022-11-26T08:21:00Z,1H 0M 0S,6469,9
523.9191249615195,7511.215566746672,2022-11-26T09:21:00Z,1H 0M 0S,6469,9
524.1496393025893,7511.333982015829,2022-11-26T10:21:00Z,1H 0M 0S,6469,9
524.2792437204106,7511.60721761888,2022-11-26T11:21:00Z,1H 0M 0S,6469,9
524.2017120528551,7511.410684846339,2022-11-26T12:21:00Z,1H 0M 0S,6469,9
523.7643986572486,7511.402345156637,2022-11-26T13:21:00Z,1H 0M 0S,6469,9
523.6105792371189,7511.233805433095,2022-11-26T14:21:00Z,1H 0M 0S,6469,9
523.5879588946916,7511.138171559157,2022-11-26T15:21:00Z,1H 0M 0S,6469,9
523.5908587371596,7510.9651743684635,2022-11-26T16:21:00Z,1H 0M 0S,6469,9
522.9243960575277,7509.498946106847,2022-11-26T17:21:00Z,1H 0M 0S,6469,9
522.9178290829524,7509.4904135297775,2022-11-26T18:21:00Z,1H 0M 0S,6469,9
524.0607919507604,7507.753488128973,2022-11-26T19:21:00Z,1H 0M 0S,6469,9
524.0764303293719,7507.755193543443,2022-11-26T20:21:00Z,1H 0M 0S,6469,9
524.3575098841868,7508.757424178191,2022-11-26T21:21:00Z,1H 0M 0S,6469,9
523.820589938697,7508.880788122963,2022-11-26T22:21:00Z,1H 0M 0S,6469,9
523.0767789239812,7509.147101575614,2022-11-26T23:21:00Z,1H 0M 0S,6469,9
522.881887529115,7509.0933762189225,2022-11-27T00:21:00Z,1H 0M 0S,6469,9
522.6825735976731,7508.840328808441,2022-11-27T01:21:00Z,1H 0M 0S,6469,9
522.5958175089982,7507.889845832857,2022-11-27T02:21:00Z,1H 0M 0S,6469,9
522.1932110860582,7507.572839544728,2022-11-27T03:21:00Z,1H 0M 0S,6469,9
522.1187288931005,7507.506614574905,2022-11-27T04:21:00Z,1H 0M 0S,6469,9
522.5049162610095,7507.277911138834,2022-11-27T05:21:00Z,1H 0M 0S,6469,9
522.6770432855375,7507.396504284964,2022-11-27T06:21:00Z,1H 0M 0S,6469,9
522.7589325289891,7507.623279820195,2022-11-27T07:21:00Z,1H 0M 0S,6469,9
522.6884680360039,7507.649555513445,2022-11-27T08:21:00Z,1H 0M 0S,6469,9
522.700541006621,7507.866202293944,2022-11-27T09:21:00Z,1H 0M 0S,6469,9
521.9536397334249,7508.507836935354,2022-11-27T10:21:00Z,1H 0M 0S,6469,9
520.7122692986355,7508.827444984123,2022-11-27T11:21:00Z,1H 0M 0S,6469,9
520.8606858319267,7508.925547024122,2022-11-27T12:21:00Z,1H 0M 0S,6469,9
520.874137247728,7508.969107955278,2022-11-27T13:21:00Z,1H 0M 0S,6469,9
520.8494147185656,7509.250499483392,2022-11-27T14:21:00Z,1H 0M 0S,6469,9
520.765068675881,7509.228919278647,2022-11-27T15:21:00Z,1H 0M 0S,6469,9
520.6440949373284,7509.211547723037,2022-11-27T16:21:00Z,1H 0M 0S,6469,9
520.0182822459049,7509.355698824765,2022-11-27T17:21:00Z,1H 0M 0S,6469,9
519.7420795139323,7509.734106201379,2022-11-27T18:21:00Z,1H 0M 0S,6469,9
519.004066523731,7509.8781063831675,2022-11-27T19:21:00Z,1H 0M 0S,6469,9
519.0027611636378,7509.877683959567,2022-11-27T20:21:00Z,1H 0M 0S,6469,9
517.8166999420818,7508.805483474549,2022-11-27T21:21:00Z,1H 0M 0S,6469,9
517.6715591316273,7508.965022556718,2022-11-27T22:21:00Z,1H 0M 0S,6469,9
517.5233972324604,7509.208541738604,2022-11-27T23:21:00Z,1H 0M 0S,6469,9
517.4568428632257,7509.108930895985,2022-11-28T00:21:00Z,1H 0M 0S,6469,9
516.5509417375033,7508.652972114852,2022-11-28T01:21:00Z,1H 0M 0S,6469,9
516.6007458151217,7508.75078112008,2022-11-28T02:21:00Z,1H 0M 0S,6469,9
516.512481015168,7508.944857562633,2022-11-28T03:21:00Z,1H 0M 0S,6469,9
516.4456539647629,7509.254084891949,2022-11-28T04:21:00Z,1H 0M 0S,6469,9
516.4138895818114,7509.805430406645,2022-11-28T05:21:00Z,1H 0M 0S,6469,9
516.5469839313049,7510.107641240979,2022-11-28T06:21:00Z,1H 0M 0S,6469,9
517.4344273559549,7511.618005145065,2022-11-28T07:21:00Z,1H 0M 0S,6469,9
517.8975541124236,7511.811388111521,2022-11-28T08:21:00Z,1H 0M 0S,6469,9
518.9070646552448,7512.46000369056,2022-11-28T09:21:00Z,1H 0M 0S,6469,9
518.9621086819659,7512.493998499873,2022-11-28T10:21:00Z,1H 0M 0S,6469,9
519.3274900825497,7512.897352035087,2022-11-28T11:21:00Z,1H 0M 0S,6469,9
519.0130018755732,7513.227912946841,2022-11-28T12:21:00Z,1H 0M 0S,6469,9
518.9925415345888,7513.229673677697,2022-11-28T13:21:00Z,1H 0M 0S,6469,9
518.5866500665463,7512.897662897481,2022-11-28T14:21:00Z,1H 0M 0S,6469,9
518.875590213242,7511.302942514159,2022-11-28T15:21:00Z,1H 0M 0S,6469,9
519.0472560473213,7511.089247119293,2022-11-28T16:21:00Z,1H 0M 0S,6469,9
519.1003987214696,7511.058760523224,2022-11-28T17:21:00Z,1H 0M 0S,6469,9
519.4029868085134,7510.812275951988,2022-11-28T18:21:00Z,1H 0M 0S,6469,9
519.4288284029994,7510.679410554079,2022-11-28T19:21:00Z,1H 0M 0S,6469,9
519.5109317020874,7510.73056747034,2022-11-28T20:21:00Z,1H 0M 0S,6469,9
519.7476774022749,7511.176813831973,2022-11-28T21:21:00Z,1H 0M 0S,6469,9
519.6832271679889,7511.242188116847,2022-11-28T22:21:00Z,1H 0M 0S,6469,9
519.1861820206984,7511.275594729086,2022-11-28T23:21:00Z,1H 0M 0S,6469,9
518.7788054422415,7511.328045195024,2022-11-29T00:21:00Z,1H 0M 0S,6469,9
518.1786034109967,7510.998447306569,2022-11-29T01:21:00Z,1H 0M 0S,6469,9
517.8442638670562,7511.18460445875,2022-11-29T02:21:00Z,1H 0M 0S,6469,9
517.5365525761166,7511.7634530844225,2022-11-29T03:21:00Z,1H 0M 0S,6469,9
517.384964710071,7511.755508890355,2022-11-29T04:21:00Z,1H 0M 0S,6469,9
517.4202590422425,7512.461359218448,2022-11-29T05:21:00Z,1H 0M 0S,6469,9
517.8211063745739,7512.898355911109,2022-11-29T06:21:00Z,1H 0M 0S,6469,9
516.8591827582214,7513.967836485976,2022-11-29T07:21:00Z,1H 0M 0S,6469,9
516.9716228092365,7514.090990757138,2022-11-29T08:21:00Z,1H 0M 0S,6469,9
517.7778632533725,7514.768715355822,2022-11-29T09:21:00Z,1H 0M 0S,6469,9
516.8560400850416,7514.438245930977,2022-11-29T10:21:00Z,1H 0M 0S,6469,9
516.6053596551465,7514.5413929606975,2022-11-29T11:21:00Z,1H 0M 0S,6469,9
515.6760406663046,7515.497547640454,2022-11-29T12:21:00Z,1H 0M 0S,6469,9
515.5490029474195,7516.127283201671,2022-11-29T13:21:00Z,1H 0M 0S,6469,9
515.4935069754047,7516.3094323178275,2022-11-29T14:21:00Z,1H 0M 0S,6469,9
515.4012655364194,7516.521317465401,2022-11-29T15:21:00Z,1H 0M 0S,6469,9
515.1228775288009,7515.272053447384,2022-11-29T16:21:00Z,1H 0M 0S,6469,9
514.137903335274,7513.542363146962,2022-11-29T17:21:00Z,1H 0M 0S,6469,9
514.1589484330362,7513.214167844299,2022-11-29T18:21:00Z,1H 0M 0S,6469,9
514.4830315186857,7512.610933727785,2022-11-29T19:21:00Z,1H 0M 0S,6469,9
514.4095859195197,7512.461304393523,2022-11-29T20:21:00Z,1H 0M 0S,6469,9
514.5394452142589,7512.588097241653,2022-11-29T21:21:00Z,1H 0M 0S,6469,9
514.604599966373,7512.733820806421,2022-11-29T22:21:00Z,1H 0M 0S,6469,9
514.743962278048,7512.850456827363,2022-11-29T23:21:00Z,1H 0M 0S,6469,9
515.0931834225121,7512.672830242388,2022-11-30T00:21:00Z,1H 0M 0S,6469,9
515.8534701572567,7510.904033502634,2022-11-30T01:21:00Z,1H 0M 0S,6469,9
517.3155952747807,7510.3655263058845,2022-11-30T02:21:00Z,1H 0M 0S,6469,9
517.7462336395581,7510.511115273584,2022-11-30T03:21:00Z,1H 0M 0S,6469,9
517.9147110408175,7510.492715448754,2022-11-30T04:21:00Z,1H 0M 0S,6469,9
518.1880473961678,7509.932513199553,2022-11-30T05:21:00Z,1H 0M 0S,6469,9
517.8949207575932,7509.634932074945,2022-11-30T06:21:00Z,1H 0M 0S,6469,9
517.6261657148775,7509.380840425763,2022-11-30T07:21:00Z,1H 0M 0S,6469,9
517.4560266821707,7509.224629979792,2022-11-30T08:21:00Z,1H 0M 0S,6469,9
517.4492619233389,7509.13310504448,2022-11-30T09:21:00Z,1H 0M 0S,6469,9
517.1237598156075,7508.392995093714,2022-11-30T10:21:00Z,1H 0M 0S,6469,9
517.1232377050075,7507.965191506167,2022-11-30T11:21:00Z,1H 0M 0S,6469,9
517.1413254921181,7507.795993665338,2022-11-30T12:21:00Z,1H 0M 0S,6469,9
517.3656855282791,7507.563845767089,2022-11-30T13:21:00Z,1H 0M 0S,6469,9
517.2172443546737,7507.204902482729,2022-11-30T14:21:00Z,1H 0M 0S,6469,9
519.006065238754,7505.944139898453,2022-11-30T15:21:00Z,1H 0M 0S,6469,9
519.2874911957886,7505.851440950827,2022-11-30T16:21:00Z,1H 0M 0S,6469,9
519.4112513985418,7504.936106734993,2022-11-30T17:21:00Z,1H 0M 0S,6469,9
519.4535890912795,7504.812709879031,2022-11-30T18:21:00Z,1H 0M 0S,6469,9
519.5173731431285,7504.469592355128,2022-11-30T19:21:00Z,1H 0M 0S,6469,9
519.6491149067703,7504.41515144737,2022-11-30T20:21:00Z,1H 0M 0S,6469,9
519.5478477151946,7504.471061204153,2022-11-30T21:21:00Z,1H 0M 0S,6469,9
518.9203029756222,7504.956685298232,2022-11-30T22:21:00Z,1H 0M 0S,6469,9
518.6658196519712,7505.235147340139,2022-11-30T23:21:00Z,1H 0M 0S,6469,9
518.3277484449669,7505.280540553103,2022-12-01T00:21:00Z,1H 0M 0S,6469,9
517.08874152328,7505.141460609312,2022-12-01T01:21:00Z,1H 0M 0S,6469,9
516.9829958762857,7505.040605354472,2022-12-01T02:21:00Z,1H 0M 0S,6469,9
516.6606297872212,7504.833034855215,2022-12-01T03:21:00Z,1H 0M 0S,6469,9
516.516645211089,7504.807986279534,2022-12-01T04:21:00Z,1H 0M 0S,6469,9
516.6441786554993,7504.587461645036,2022-12-01T05:21:00Z,1H 0M 0S,6469,9
516.8118214389584,7504.536320206961,2022-12-01T06:21:00Z,1H 0M 0S,6469,9
517.1954604966269,7504.40534529,2022-12-01T07:21:00Z,1H 0M 0S,6469,9
517.3679184324016,7503.917089682847,2022-12-01T08:21:00Z,1H 0M 0S,6469,9
517.3769302319103,7503.887599356592,2022-12-01T09:21:00Z,1H 0M 0S,6469,9
517.4560834878075,7503.643924010267,2022-12-01T10:21:00Z,1H 0M 0S,6469,9
517.3368049991653,7503.3212094119435,2022-12-01T11:21:00Z,1H 0M 0S,6469,9
517.3270059649476,7503.172376112195,2022-12-01T12:21:00Z,1H 0M 0S,6469,9
517.2098805366369,7503.189291518543,2022-12-01T13:21:00Z,1H 0M 0S,6469,9
517.1344408241085,7503.192821720652,2022-12-01T14:21:00Z,1H 0M 0S,6469,9
516.9203046013681,7503.233537570038,2022-12-01T15:21:00Z,1H 0M 0S,6469,9
516.5913526182934,7503.36906854188,2022-12-01T16:21:00Z,1H 0M 0S,6469,9
516.6373141386264,7503.515526119709,2022-12-01T17:21:00Z,1H 0M 0S,6469,9
516.6481658745533,7503.530737311041,2022-12-01T18:21:00Z,1H 0M 0S,6469,9
516.9458867504042,7503.485968652469,2022-12-01T19:21:00Z,1H 0M 0S,6469,9
517.0844216641952,7503.620541148649,2022-12-01T20:21:00Z,1H 0M 0S,6469,9
517.330050041261,7503.777766538966,2022-12-01T21:21:00Z,1H 0M 0S,6469,9
517.3634510759351,7503.922005941488,2022-12-01T22:21:00Z,1H 0M 0S,6469,9
517.8944904503371,7505.3155399647685,2022-12-01T23:21:00Z,1H 0M 0S,6469,9
517.977176860353,7505.482144389151,2022-12-02T00:21:00Z,1H 0M 0S,6469,9
518.36252091634594,7505.688963915197,2022-12-02T01:21:00Z,1H 0M 0S,6469,9
518.5442307416595,7505.799710633457,2022-12-02T02:21:00Z,1H 0M 0S,6469,9
518.8413587937981,7505.592543843895,2022-12-02T03:21:00Z,1H 0M 0S,6469,9
518.5894616091418,7506.374901129561,2022-12-02T04:21:00Z,1H 0M 0S,6469,9
518.5447290987025,7506.485566215267,2022-12-02T05:21:00Z,1H 0M 0S,6469,9
527.0154049924537,7496.939799284272,2022-11-23T21:21:00Z,1H 0M 0S,6469,10
527.1422356963303,7497.954908205133,2022-11-23T22:21:00Z,1H 0M 0S,6469,10
526.9379211392616,7498.112248909961,2022-11-23T23:21:00Z,1H 0M 0S,6469,10
526.6570537749361,7498.052347388645,2022-11-24T00:21:00Z,1H 0M 0S,6469,10
526.6245376884451,7497.984919130801,2022-11-24T01:21:00Z,1H 0M 0S,6469,10
526.6089562491586,7496.850835654988,2022-11-24T02:21:00Z,1H 0M 0S,6469,10
526.7436111455004,7496.647799286877,2022-11-24T03:21:00Z,1H 0M 0S,6469,10
526.5060995275381,7496.390868297078,2022-11-24T04:21:00Z,1H 0M 0S,6469,10
526.6206858668236,7495.956134451032,2022-11-24T05:21:00Z,1H 0M 0S,6469,10
526.3518458800819,7493.720900334884,2022-11-24T06:21:00Z,1H 0M 0S,6469,10
526.5224753423892,7493.44454828176,2022-11-24T07:21:00Z,1H 0M 0S,6469,10
526.734526763717,7493.251035388286,2022-11-24T08:21:00Z,1H 0M 0S,6469,10
527.1843572001858,7493.186619728427,2022-11-24T09:21:00Z,1H 0M 0S,6469,10
527.0926528335775,7492.993664230195,2022-11-24T10:21:00Z,1H 0M 0S,6469,10
527.780793811937,7492.896423851272,2022-11-24T11:21:00Z,1H 0M 0S,6469,10
526.9164613691764,7492.943264265719,2022-11-24T12:21:00Z,1H 0M 0S,6469,10
526.8795081695613,7492.935278599555,2022-11-24T13:21:00Z,1H 0M 0S,6469,10
526.5412894605516,7492.856848342957,2022-11-24T14:21:00Z,1H 0M 0S,6469,10
526.5217104643679,7492.706090479822,2022-11-24T15:21:00Z,1H 0M 0S,6469,10
526.8608047967998,7492.309279068591,2022-11-24T16:21:00Z,1H 0M 0S,6469,10
526.9846921181124,7492.333202058346,2022-11-24T17:21:00Z,1H 0M 0S,6469,10
527.1585839516902,7492.4160381806805,2022-11-24T18:21:00Z,1H 0M 0S,6469,10
528.147647860307,7496.143876730249,2022-11-24T19:21:00Z,1H 0M 0S,6469,10
528.0786597669767,7496.170076354051,2022-11-24T20:21:00Z,1H 0M 0S,6469,10
527.5562122343638,7496.157009962593,2022-11-24T21:21:00Z,1H 0M 0S,6469,10
527.8012154700901,7495.1350364459895,2022-11-24T22:21:00Z,1H 0M 0S,6469,10
528.9909154426344,7494.396117801714,2022-11-24T23:21:00Z,1H 0M 0S,6469,10
528.6715488519719,7494.085168481476,2022-11-25T00:21:00Z,1H 0M 0S,6469,10
528.5609761424374,7494.005665291752,2022-11-25T01:21:00Z,1H 0M 0S,6469,10
529.1349344390233,7493.139973123911,2022-11-25T02:21:00Z,1H 0M 0S,6469,10
529.8155070319584,7493.657316923462,2022-11-25T03:21:00Z,1H 0M 0S,6469,10
531.8117413146673,7494.275431204928,2022-11-25T04:21:00Z,1H 0M 0S,6469,10
531.812179804197,7494.275182191041,2022-11-25T05:21:00Z,1H 0M 0S,6469,10
532.5650381923912,7492.499837586835,2022-11-25T06:21:00Z,1H 0M 0S,6469,10
532.572593824779,7492.4941018128075,2022-11-25T07:21:00Z,1H 0M 0S,6469,10
532.5886148205968,7492.449336290184,2022-11-25T08:21:00Z,1H 0M 0S,6469,10
532.4046669388364,7491.719799830605,2022-11-25T09:21:00Z,1H 0M 0S,6469,10
532.475270744432,7491.650014689586,2022-11-25T10:21:00Z,1H 0M 0S,6469,10
532.8295143205515,7491.033973714166,2022-11-25T11:21:00Z,1H 0M 0S,6469,10
534.3556771607565,7490.587925571513,2022-11-25T12:21:00Z,1H 0M 0S,6469,10
534.7199841505353,7490.618247941781,2022-11-25T13:21:00Z,1H 0M 0S,6469,10
534.2940260631592,7490.968434848686,2022-11-25T14:21:00Z,1H 0M 0S,6469,10
532.8890158284106,7490.794633422624,2022-11-25T15:21:00Z,1H 0M 0S,6469,10
530.98622851226,7493.335926629635,2022-11-25T16:21:00Z,1H 0M 0S,6469,10
530.8405044725073,7493.257876654096,2022-11-25T17:21:00Z,1H 0M 0S,6469,10
530.5172136287613,7491.974279198638,2022-11-25T18:21:00Z,1H 0M 0S,6469,10
530.6377057850733,7491.925403306731,2022-11-25T19:21:00Z,1H 0M 0S,6469,10
530.9200077792964,7492.239233311798,2022-11-25T20:21:00Z,1H 0M 0S,6469,10
531.1632508621184,7492.468494110969,2022-11-25T21:21:00Z,1H 0M 0S,6469,10
531.1543842385395,7492.488462802918,2022-11-25T22:21:00Z,1H 0M 0S,6469,10
530.9573678651554,7492.272714242029,2022-11-25T23:21:00Z,1H 0M 0S,6469,10
530.6442338725853,7491.914520823217,2022-11-26T00:21:00Z,1H 0M 0S,6469,10
530.8076747485561,7491.773154599023,2022-11-26T01:21:00Z,1H 0M 0S,6469,10
531.2950626581492,7491.925367050112,2022-11-26T02:21:00Z,1H 0M 0S,6469,10
531.3214904128731,7491.926086100515,2022-11-26T03:21:00Z,1H 0M 0S,6469,10
531.3307637127047,7491.922995336492,2022-11-26T04:21:00Z,1H 0M 0S,6469,10
532.1637528264928,7490.863235088158,2022-11-26T05:21:00Z,1H 0M 0S,6469,10
532.3581995718571,7490.908039638961,2022-11-26T06:21:00Z,1H 0M 0S,6469,10
532.6640380739437,7491.16057763258,2022-11-26T07:21:00Z,1H 0M 0S,6469,10
532.7311166513759,7491.340167568064,2022-11-26T08:21:00Z,1H 0M 0S,6469,10
532.2313294509117,7492.2910141740385,2022-11-26T09:21:00Z,1H 0M 0S,6469,10
532.1723100713441,7492.697123395981,2022-11-26T10:21:00Z,1H 0M 0S,6469,10
532.2629437984947,7492.63129015159,2022-11-26T11:21:00Z,1H 0M 0S,6469,10
532.3194766206722,7492.757850292112,2022-11-26T12:21:00Z,1H 0M 0S,6469,10
533.0367859507345,7492.8017769965545,2022-11-26T13:21:00Z,1H 0M 0S,6469,10
533.6086118230294,7492.8612127999,2022-11-26T14:21:00Z,1H 0M 0S,6469,10
535.8282075216831,7491.881912460294,2022-11-26T15:21:00Z,1H 0M 0S,6469,10
535.8963470273251,7491.807970023177,2022-11-26T16:21:00Z,1H 0M 0S,6469,10
536.1986954262138,7491.532769952752,2022-11-26T17:21:00Z,1H 0M 0S,6469,10
536.2677616565975,7491.3911388670795,2022-11-26T18:21:00Z,1H 0M 0S,6469,10
536.764870226069,7491.332843508972,2022-11-26T19:21:00Z,1H 0M 0S,6469,10
536.9355927703965,7491.365879022983,2022-11-26T20:21:00Z,1H 0M 0S,6469,10
537.2165664820029,7490.953827057039,2022-11-26T21:21:00Z,1H 0M 0S,6469,10
537.2392554623588,7490.303957220262,2022-11-26T22:21:00Z,1H 0M 0S,6469,10
537.3779322246158,7489.63568975693,2022-11-26T23:21:00Z,1H 0M 0S,6469,10
537.0361374076055,7488.830743790679,2022-11-27T00:21:00Z,1H 0M 0S,6469,10
536.4170754411981,7488.270515208774,2022-11-27T01:21:00Z,1H 0M 0S,6469,10
536.4437069525706,7486.602861080132,2022-11-27T02:21:00Z,1H 0M 0S,6469,10
536.3763629215741,7486.417949653083,2022-11-27T03:21:00Z,1H 0M 0S,6469,10
536.2038495223637,7486.299849462817,2022-11-27T04:21:00Z,1H 0M 0S,6469,10
535.1115805638441,7486.421775036229,2022-11-27T05:21:00Z,1H 0M 0S,6469,10
534.4161322392748,7487.3389569453,2022-11-27T06:21:00Z,1H 0M 0S,6469,10
534.3388975837763,7487.443991700911,2022-11-27T07:21:00Z,1H 0M 0S,6469,10
534.054593824089,7487.462031985212,2022-11-27T08:21:00Z,1H 0M 0S,6469,10
533.8978296517629,7487.402063596752,2022-11-27T09:21:00Z,1H 0M 0S,6469,10
533.7633875678783,7487.378996379437,2022-11-27T10:21:00Z,1H 0M 0S,6469,10
533.2074710675927,7487.406570759958,2022-11-27T11:21:00Z,1H 0M 0S,6469,10
533.4146916532623,7488.580362465128,2022-11-27T12:21:00Z,1H 0M 0S,6469,10
533.5705040217501,7488.703761042698,2022-11-27T13:21:00Z,1H 0M 0S,6469,10
534.1043003363209,7488.421327567975,2022-11-27T14:21:00Z,1H 0M 0S,6469,10
534.149045637994,7488.340211637845,2022-11-27T15:21:00Z,1H 0M 0S,6469,10
534.158543880735,7488.568388609242,2022-11-27T16:21:00Z,1H 0M 0S,6469,10
534.5056686536977,7488.203624568029,2022-11-27T17:21:00Z,1H 0M 0S,6469,10
534.1420118865987,7487.886879102871,2022-11-27T18:21:00Z,1H 0M 0S,6469,10
534.7335262957438,7488.043293914057,2022-11-27T19:21:00Z,1H 0M 0S,6469,10
534.7836911521227,7488.011690083171,2022-11-27T20:21:00Z,1H 0M 0S,6469,10
534.8237843513035,7487.972710903521,2022-11-27T21:21:00Z,1H 0M 0S,6469,10
535.9304278165478,7487.051683127719,2022-11-27T22:21:00Z,1H 0M 0S,6469,10
535.639056076234,7485.713460601403,2022-11-27T23:21:00Z,1H 0M 0S,6469,10
535.6285526328046,7485.448106106138,2022-11-28T00:21:00Z,1H 0M 0S,6469,10
536.0430123457764,7484.585457172662,2022-11-28T01:21:00Z,1H 0M 0S,6469,10
536.2953795250569,7484.515544244909,2022-11-28T02:21:00Z,1H 0M 0S,6469,10
536.4839328022468,7484.484538720697,2022-11-28T03:21:00Z,1H 0M 0S,6469,10
536.5994519762066,7484.275012767912,2022-11-28T04:21:00Z,1H 0M 0S,6469,10
536.6384755562558,7483.885887985041,2022-11-28T05:21:00Z,1H 0M 0S,6469,10
536.8203320569188,7483.840025747032,2022-11-28T06:21:00Z,1H 0M 0S,6469,10
536.8204763371192,7483.839910646945,2022-11-28T07:21:00Z,1H 0M 0S,6469,10
537.5981884150044,7482.252840556043,2022-11-28T08:21:00Z,1H 0M 0S,6469,10
537.9975419536382,7482.240134443586,2022-11-28T09:21:00Z,1H 0M 0S,6469,10
538.3052887055229,7481.896931730273,2022-11-28T10:21:00Z,1H 0M 0S,6469,10
538.1431592043584,7481.207626178934,2022-11-28T11:21:00Z,1H 0M 0S,6469,10
537.8588388486324,7480.938808433877,2022-11-28T12:21:00Z,1H 0M 0S,6469,10
537.8113418914425,7480.90439076966,2022-11-28T13:21:00Z,1H 0M 0S,6469,10
537.7586799095375,7480.883114598109,2022-11-28T14:21:00Z,1H 0M 0S,6469,10
537.6785797741552,7480.653126034593,2022-11-28T15:21:00Z,1H 0M 0S,6469,10
537.8148077136849,7480.534541015915,2022-11-28T16:21:00Z,1H 0M 0S,6469,10
538.551069014407,7479.900407824951,2022-11-28T17:21:00Z,1H 0M 0S,6469,10
539.2487429079251,7479.78449142282,2022-11-28T18:21:00Z,1H 0M 0S,6469,10
538.9928367553694,7479.752054808516,2022-11-28T19:21:00Z,1H 0M 0S,6469,10
537.4217270829989,7480.625497827932,2022-11-28T20:21:00Z,1H 0M 0S,6469,10
537.2940472943383,7480.713381029789,2022-11-28T21:21:00Z,1H 0M 0S,6469,10
537.476671886886,7481.249069337674,2022-11-28T22:21:00Z,1H 0M 0S,6469,10
537.7881364227361,7481.678469945595,2022-11-28T23:21:00Z,1H 0M 0S,6469,10
538.5853772631783,7481.107078150269,2022-11-29T00:21:00Z,1H 0M 0S,6469,10
538.5868929062822,7481.1066840338335,2022-11-29T01:21:00Z,1H 0M 0S,6469,10
539.1223121489901,7481.078019240587,2022-11-29T02:21:00Z,1H 0M 0S,6469,10
538.6670910625794,7480.8441933069,2022-11-29T03:21:00Z,1H 0M 0S,6469,10
538.3978193135988,7480.956763238395,2022-11-29T04:21:00Z,1H 0M 0S,6469,10
537.7516407857735,7481.266891905649,2022-11-29T05:21:00Z,1H 0M 0S,6469,10
537.3877660743412,7481.46900555433,2022-11-29T06:21:00Z,1H 0M 0S,6469,10
537.6838722245299,7481.674493090986,2022-11-29T07:21:00Z,1H 0M 0S,6469,10
537.2470447499626,7481.576417374516,2022-11-29T08:21:00Z,1H 0M 0S,6469,10
537.083753951732,7481.611640908198,2022-11-29T09:21:00Z,1H 0M 0S,6469,10
535.7808959096894,7482.834081428763,2022-11-29T10:21:00Z,1H 0M 0S,6469,10
535.8156255671647,7482.879866501145,2022-11-29T11:21:00Z,1H 0M 0S,6469,10
535.7168295707447,7483.367968430013,2022-11-29T12:21:00Z,1H 0M 0S,6469,10
536.0211724588062,7482.876160918787,2022-11-29T13:21:00Z,1H 0M 0S,6469,10
537.2729733193279,7482.006341885484,2022-11-29T14:21:00Z,1H 0M 0S,6469,10
537.5720080919548,7481.690538639752,2022-11-29T15:21:00Z,1H 0M 0S,6469,10
538.2957846041184,7481.651693538473,2022-11-29T16:21:00Z,1H 0M 0S,6469,10
541.3041462322016,7482.688228792737,2022-11-29T17:21:00Z,1H 0M 0S,6469,10
541.3533438007757,7482.686396607035,2022-11-29T18:21:00Z,1H 0M 0S,6469,10
541.5628824899427,7482.871392428738,2022-11-29T19:21:00Z,1H 0M 0S,6469,10
541.91932403582,7483.250001505036,2022-11-29T20:21:00Z,1H 0M 0S,6469,10
542.2087258975049,7482.980747281357,2022-11-29T21:21:00Z,1H 0M 0S,6469,10
542.1739797607034,7483.082289342613,2022-11-29T22:21:00Z,1H 0M 0S,6469,10
542.4859551865479,7483.675407089839,2022-11-29T23:21:00Z,1H 0M 0S,6469,10
542.8222510064976,7483.730397490595,2022-11-30T00:21:00Z,1H 0M 0S,6469,10
542.8941434864482,7483.7032030715955,2022-11-30T01:21:00Z,1H 0M 0S,6469,10
543.7446181457404,7482.360933779554,2022-11-30T02:21:00Z,1H 0M 0S,6469,10
544.2808753747466,7482.314649307041,2022-11-30T03:21:00Z,1H 0M 0S,6469,10
544.2927654977294,7482.302765177885,2022-11-30T04:21:00Z,1H 0M 0S,6469,10
543.8419235109742,7482.106379030601,2022-11-30T05:21:00Z,1H 0M 0S,6469,10
542.9938200223723,7481.942396114001,2022-11-30T06:21:00Z,1H 0M 0S,6469,10
543.0283684406734,7481.881945305859,2022-11-30T07:21:00Z,1H 0M 0S,6469,10
542.6253505563959,7481.919335905255,2022-11-30T08:21:00Z,1H 0M 0S,6469,10
542.5382943387829,7482.384783651279,2022-11-30T09:21:00Z,1H 0M 0S,6469,10
542.5406889642466,7482.399686040194,2022-11-30T10:21:00Z,1H 0M 0S,6469,10
541.1265332745327,7484.184155574773,2022-11-30T11:21:00Z,1H 0M 0S,6469,10
543.0639493938312,7484.991782236452,2022-11-30T12:21:00Z,1H 0M 0S,6469,10
542.1459869577388,7485.857140032703,2022-11-30T13:21:00Z,1H 0M 0S,6469,10
540.2368858672203,7485.845086872848,2022-11-30T14:21:00Z,1H 0M 0S,6469,10
540.2063479067028,7485.845983691564,2022-11-30T15:21:00Z,1H 0M 0S,6469,10
540.5583424669211,7486.6923584376455,2022-11-30T16:21:00Z,1H 0M 0S,6469,10
541.0667990546177,7487.916834675702,2022-11-30T17:21:00Z,1H 0M 0S,6469,10
541.5643237677241,7487.915756985356,2022-11-30T18:21:00Z,1H 0M 0S,6469,10
540.9993620468958,7488.545373502548,2022-11-30T19:21:00Z,1H 0M 0S,6469,10
541.1890481234376,7489.077987046406,2022-11-30T20:21:00Z,1H 0M 0S,6469,10
541.2484847563122,7488.837802985953,2022-11-30T21:21:00Z,1H 0M 0S,6469,10
541.4387972420033,7489.230118357959,2022-11-30T22:21:00Z,1H 0M 0S,6469,10
541.2249380515543,7489.860898876237,2022-11-30T23:21:00Z,1H 0M 0S,6469,10
540.3667298274817,7490.416955819024,2022-12-01T00:21:00Z,1H 0M 0S,6469,10
540.1603071151393,7491.0068263005915,2022-12-01T01:21:00Z,1H 0M 0S,6469,10
539.89283132238,7491.374907941699,2022-12-01T02:21:00Z,1H 0M 0S,6469,10
539.5360690959927,7491.249932324659,2022-12-01T03:21:00Z,1H 0M 0S,6469,10
538.8890054417938,7491.2437045388915,2022-12-01T04:21:00Z,1H 0M 0S,6469,10
537.8971450476239,7491.435561897978,2022-12-01T05:21:00Z,1H 0M 0S,6469,10
537.1800794888787,7491.446307470086,2022-12-01T06:21:00Z,1H 0M 0S,6469,10
537.0437459950043,7491.182813987671,2022-12-01T07:21:00Z,1H 0M 0S,6469,10
536.7672811661267,7490.980677733896,2022-12-01T08:21:00Z,1H 0M 0S,6469,10
536.664328375434,7490.082145484972,2022-12-01T09:21:00Z,1H 0M 0S,6469,10
536.2614722352963,7489.9201433672815,2022-12-01T10:21:00Z,1H 0M 0S,6469,10
535.9000678012627,7489.752718333941,2022-12-01T11:21:00Z,1H 0M 0S,6469,10
535.8038744616936,7489.734573191076,2022-12-01T12:21:00Z,1H 0M 0S,6469,10
535.0748017077482,7489.957288645085,2022-12-01T13:21:00Z,1H 0M 0S,6469,10
535.1378438580963,7490.191664472976,2022-12-01T14:21:00Z,1H 0M 0S,6469,10
534.6363658532931,7490.250461675188,2022-12-01T15:21:00Z,1H 0M 0S,6469,10
532.2881303616076,7489.205182955984,2022-12-01T16:21:00Z,1H 0M 0S,6469,10
532.20552740625,7488.402413073836,2022-12-01T17:21:00Z,1H 0M 0S,6469,10
532.2659872098458,7488.271958658044,2022-12-01T18:21:00Z,1H 0M 0S,6469,10
532.5106326063329,7488.478996178017,2022-12-01T19:21:00Z,1H 0M 0S,6469,10
532.8246255816388,7488.580773780104,2022-12-01T20:21:00Z,1H 0M 0S,6469,10
532.9199191333511,7488.278675189193,2022-12-01T21:21:00Z,1H 0M 0S,6469,10
532.9191438868131,7488.2697366010225,2022-12-01T22:21:00Z,1H 0M 0S,6469,10
532.5518106774114,7487.64384814129,2022-12-01T23:21:00Z,1H 0M 0S,6469,10
532.0863435756943,7486.647081652767,2022-12-02T00:21:00Z,1H 0M 0S,6469,10
531.8331330321076,7486.620880509436,2022-12-02T01:21:00Z,1H 0M 0S,6469,10
531.8056704869174,7486.60578564377,2022-12-02T02:21:00Z,1H 0M 0S,6469,10
531.800616741035,7486.600521898988,2022-12-02T03:21:00Z,1H 0M 0S,6469,10
532.3571194582149,7485.119429335785,2022-12-02T04:21:00Z,1H 0M 0S,6469,10
532.1216640057713,7484.639899477049,2022-12-02T05:21:00Z,1H 0M 0S,6469,10
484.10268046364774,7417.443102455261,2022-11-23T21:12:00Z,1H 0M 0S,6471,1
484.3516166754697,7417.475047004082,2022-11-23T22:12:00Z,1H 0M 0S,6471,1
484.1842150525169,7417.183339068973,2022-11-23T23:12:00Z,1H 0M 0S,6471,1
484.2016285132524,7417.119685697613,2022-11-24T00:12:00Z,1H 0M 0S,6471,1
484.2292613279295,7417.036609145847,2022-11-24T01:12:00Z,1H 0M 0S,6471,1
484.3568245565764,7416.980783501901,2022-11-24T02:12:00Z,1H 0M 0S,6471,1
485.0206088627671,7416.29576441776,2022-11-24T03:12:00Z,1H 0M 0S,6471,1
486.0900278180081,7415.588196996915,2022-11-24T04:12:00Z,1H 0M 0S,6471,1
487.3544783336789,7415.3148289008195,2022-11-24T05:12:00Z,1H 0M 0S,6471,1
487.7073430983117,7415.047991011259,2022-11-24T06:12:00Z,1H 0M 0S,6471,1
487.82429734013795,7415.015351449332,2022-11-24T07:12:00Z,1H 0M 0S,6471,1
488.11949304632793,7414.975701480849,2022-11-24T08:12:00Z,1H 0M 0S,6471,1
489.09218717812075,7415.666054925153,2022-11-24T09:12:00Z,1H 0M 0S,6471,1
489.1403766228608,7415.664029657098,2022-11-24T10:12:00Z,1H 0M 0S,6471,1
489.3715503946297,7415.560741648278,2022-11-24T11:12:00Z,1H 0M 0S,6471,1
489.41066604687165,7415.520627799851,2022-11-24T12:12:00Z,1H 0M 0S,6471,1
489.8458310838478,7415.8090935314385,2022-11-24T13:12:00Z,1H 0M 0S,6471,1
489.9424676401946,7415.757085725113,2022-11-24T14:12:00Z,1H 0M 0S,6471,1
490.1296314549834,7415.431347199738,2022-11-24T15:12:00Z,1H 0M 0S,6471,1
490.3301473648335,7415.130242910136,2022-11-24T16:12:00Z,1H 0M 0S,6471,1
490.6523989423053,7415.336011869797,2022-11-24T17:12:00Z,1H 0M 0S,6471,1
491.5189968949787,7414.726771826307,2022-11-24T18:12:00Z,1H 0M 0S,6471,1
491.9142625069551,7414.40505062397,2022-11-24T19:12:00Z,1H 0M 0S,6471,1
491.8709972390739,7414.333220091008,2022-11-24T20:12:00Z,1H 0M 0S,6471,1
491.8934907563095,7414.3116320730105,2022-11-24T21:12:00Z,1H 0M 0S,6471,1
492.3046108200403,7413.924375566362,2022-11-24T22:12:00Z,1H 0M 0S,6471,1
492.35427512704894,7413.889997008501,2022-11-24T23:12:00Z,1H 0M 0S,6471,1
492.46865613420334,7413.983687041994,2022-11-25T00:12:00Z,1H 0M 0S,6471,1
492.89457999844836,7414.272747494995,2022-11-25T01:12:00Z,1H 0M 0S,6471,1
492.6382961628359,7413.70303423877,2022-11-25T02:12:00Z,1H 0M 0S,6471,1
493.00842483974765,7413.57810471746,2022-11-25T03:12:00Z,1H 0M 0S,6471,1
493.0318963859777,7413.5345683603855,2022-11-25T04:12:00Z,1H 0M 0S,6471,1
493.0266251879299,7413.4698495040675,2022-11-25T05:12:00Z,1H 0M 0S,6471,1
493.10857139130724,7413.375170631499,2022-11-25T06:12:00Z,1H 0M 0S,6471,1
493.22717143403537,7412.359455552334,2022-11-25T07:12:00Z,1H 0M 0S,6471,1
493.2295210479918,7412.30464626545,2022-11-25T08:12:00Z,1H 0M 0S,6471,1
493.37208078643425,7410.839641145614,2022-11-25T09:12:00Z,1H 0M 0S,6471,1
493.3641283821128,7410.6874313930075,2022-11-25T10:12:00Z,1H 0M 0S,6471,1
493.13564541506383,7410.630812365457,2022-11-25T11:12:00Z,1H 0M 0S,6471,1
493.4371444847761,7410.45639410356,2022-11-25T12:12:00Z,1H 0M 0S,6471,1
493.7963284906875,7410.236843786682,2022-11-25T13:12:00Z,1H 0M 0S,6471,1
493.99496077821675,7410.311105640043,2022-11-25T14:12:00Z,1H 0M 0S,6471,1
493.6795263040039,7411.227741642956,2022-11-25T15:12:00Z,1H 0M 0S,6471,1
494.6641049787952,7411.284858576514,2022-11-25T16:12:00Z,1H 0M 0S,6471,1
495.42011886748116,7411.246850087184,2022-11-25T17:12:00Z,1H 0M 0S,6471,1
495.4921822949513,7411.285215767611,2022-11-25T18:12:00Z,1H 0M 0S,6471,1
495.61255717791784,7411.389976534215,2022-11-25T19:12:00Z,1H 0M 0S,6471,1
496.12052124193735,7411.227845763063,2022-11-25T20:12:00Z,1H 0M 0S,6471,1
497.36283299909843,7412.629228931592,2022-11-25T21:12:00Z,1H 0M 0S,6471,1
497.5759087694064,7412.7175056591705,2022-11-25T22:12:00Z,1H 0M 0S,6471,1
497.7280301859649,7412.757013876806,2022-11-25T23:12:00Z,1H 0M 0S,6471,1
497.7372268723345,7412.8851659744405,2022-11-26T00:12:00Z,1H 0M 0S,6471,1
497.85119681648507,7413.020779059213,2022-11-26T01:12:00Z,1H 0M 0S,6471,1
499.79921228827624,7414.906497118393,2022-11-26T02:12:00Z,1H 0M 0S,6471,1
499.96590063821793,7415.028983431194,2022-11-26T03:12:00Z,1H 0M 0S,6471,1
499.96637187661236,7415.041735857452,2022-11-26T04:12:00Z,1H 0M 0S,6471,1
499.8750954852664,7415.503012553899,2022-11-26T05:12:00Z,1H 0M 0S,6471,1
500.23462813576674,7416.128132089964,2022-11-26T06:12:00Z,1H 0M 0S,6471,1
500.1341853450584,7416.35052991532,2022-11-26T07:12:00Z,1H 0M 0S,6471,1
500.1131949186965,7416.404100152976,2022-11-26T08:12:00Z,1H 0M 0S,6471,1
500.129264868938,7416.406017436838,2022-11-26T09:12:00Z,1H 0M 0S,6471,1
500.6390629424049,7416.712164927548,2022-11-26T10:12:00Z,1H 0M 0S,6471,1
500.5720013321043,7417.316341158341,2022-11-26T11:12:00Z,1H 0M 0S,6471,1
500.67758536503754,7417.580294905768,2022-11-26T12:12:00Z,1H 0M 0S,6471,1
500.63807902184146,7417.9843538217165,2022-11-26T13:12:00Z,1H 0M 0S,6471,1
500.44593385260464,7418.125091023494,2022-11-26T14:12:00Z,1H 0M 0S,6471,1
500.19275216078444,7419.71760268018,2022-11-26T15:12:00Z,1H 0M 0S,6471,1
500.0660077923683,7420.409190986369,2022-11-26T16:12:00Z,1H 0M 0S,6471,1
500.02715468674177,7421.498394994762,2022-11-26T17:12:00Z,1H 0M 0S,6471,1
499.94747204743766,7421.469131842404,2022-11-26T18:12:00Z,1H 0M 0S,6471,1
497.6449078301902,7421.721751057795,2022-11-26T19:12:00Z,1H 0M 0S,6471,1
497.5421797996726,7421.7234312577075,2022-11-26T20:12:00Z,1H 0M 0S,6471,1
496.411944739567,7421.24593560332,2022-11-26T21:12:00Z,1H 0M 0S,6471,1
495.65335700287795,7420.7053456294825,2022-11-26T22:12:00Z,1H 0M 0S,6471,1
495.5745075474239,7420.6674738382,2022-11-26T23:12:00Z,1H 0M 0S,6471,1
495.4529147582614,7420.702436958916,2022-11-27T00:12:00Z,1H 0M 0S,6471,1
495.0076069586133,7420.743329946608,2022-11-27T01:12:00Z,1H 0M 0S,6471,1
492.14410528002213,7419.856164913132,2022-11-27T02:12:00Z,1H 0M 0S,6471,1
492.072265953539,7419.821530802392,2022-11-27T03:12:00Z,1H 0M 0S,6471,1
492.05857817555676,7419.830014054474,2022-11-27T04:12:00Z,1H 0M 0S,6471,1
491.696934976873,7420.845718565172,2022-11-27T05:12:00Z,1H 0M 0S,6471,1
491.4389678319224,7421.057395929519,2022-11-27T06:12:00Z,1H 0M 0S,6471,1
491.4262566939423,7420.9308566691125,2022-11-27T07:12:00Z,1H 0M 0S,6471,1
491.348765489091,7420.81010416994,2022-11-27T08:12:00Z,1H 0M 0S,6471,1
491.3597765530344,7420.68805490416,2022-11-27T09:12:00Z,1H 0M 0S,6471,1
491.5909211079045,7419.746538348271,2022-11-27T10:12:00Z,1H 0M 0S,6471,1
491.4233711189659,7419.856282556,2022-11-27T11:12:00Z,1H 0M 0S,6471,1
490.11171155513347,7421.211069097047,2022-11-27T12:12:00Z,1H 0M 0S,6471,1
490.3005456245408,7420.89341247936,2022-11-27T13:12:00Z,1H 0M 0S,6471,1
490.3620623415482,7419.311750233326,2022-11-27T14:12:00Z,1H 0M 0S,6471,1
490.0304972978788,7419.139383285722,2022-11-27T15:12:00Z,1H 0M 0S,6471,1
490.00938332969554,7419.102509975532,2022-11-27T16:12:00Z,1H 0M 0S,6471,1
489.2039121018384,7419.002170362542,2022-11-27T17:12:00Z,1H 0M 0S,6471,1
489.19524289378484,7419.001764775153,2022-11-27T18:12:00Z,1H 0M 0S,6471,1
488.10419683946077,7418.644272436648,2022-11-27T19:12:00Z,1H 0M 0S,6471,1
487.4015050647934,7417.9371098208985,2022-11-27T20:12:00Z,1H 0M 0S,6471,1
486.97967334349494,7418.145797524519,2022-11-27T21:12:00Z,1H 0M 0S,6471,1
486.96499987346607,7418.166638689834,2022-11-27T22:12:00Z,1H 0M 0S,6471,1
487.3538305099096,7418.207417195786,2022-11-27T23:12:00Z,1H 0M 0S,6471,1
487.9395404751934,7418.290702523844,2022-11-28T00:12:00Z,1H 0M 0S,6471,1
487.9844617728235,7418.306649466723,2022-11-28T01:12:00Z,1H 0M 0S,6471,1
488.0917872796679,7418.401529592222,2022-11-28T02:12:00Z,1H 0M 0S,6471,1
488.48625245823746,7418.778973060417,2022-11-28T03:12:00Z,1H 0M 0S,6471,1
488.82376632004,7418.95414853008,2022-11-28T04:12:00Z,1H 0M 0S,6471,1
488.81861612162857,7418.956477286945,2022-11-28T05:12:00Z,1H 0M 0S,6471,1
488.21383419508055,7420.07409196421,2022-11-28T06:12:00Z,1H 0M 0S,6471,1
487.8973060433956,7420.112274429194,2022-11-28T07:12:00Z,1H 0M 0S,6471,1
487.86818556798,7419.852769622869,2022-11-28T08:12:00Z,1H 0M 0S,6471,1
486.84774538690334,7420.18930157361,2022-11-28T09:12:00Z,1H 0M 0S,6471,1
486.39583859977853,7421.410696401758,2022-11-28T10:12:00Z,1H 0M 0S,6471,1
485.43832650789176,7421.438337510595,2022-11-28T11:12:00Z,1H 0M 0S,6471,1
485.27858083892335,7421.341330171818,2022-11-28T12:12:00Z,1H 0M 0S,6471,1
485.18746667753464,7421.220578507951,2022-11-28T13:12:00Z,1H 0M 0S,6471,1
484.0351694430809,7421.0409624499025,2022-11-28T14:12:00Z,1H 0M 0S,6471,1
483.8467114809864,7421.493467615639,2022-11-28T15:12:00Z,1H 0M 0S,6471,1
483.825771746835,7421.523799832577,2022-11-28T16:12:00Z,1H 0M 0S,6471,1
483.82256820503125,7421.484309613589,2022-11-28T17:12:00Z,1H 0M 0S,6471,1
482.6660893848653,7421.169583668226,2022-11-28T18:12:00Z,1H 0M 0S,6471,1
482.0709137460799,7420.38893304244,2022-11-28T19:12:00Z,1H 0M 0S,6471,1
481.79238716983497,7420.261022312718,2022-11-28T20:12:00Z,1H 0M 0S,6471,1
481.7583407591107,7420.259987277588,2022-11-28T21:12:00Z,1H 0M 0S,6471,1
481.5121410292367,7420.847765783496,2022-11-28T22:12:00Z,1H 0M 0S,6471,1
481.4862690543008,7420.835616699573,2022-11-28T23:12:00Z,1H 0M 0S,6471,1
481.39626691944926,7420.85315367066,2022-11-29T00:12:00Z,1H 0M 0S,6471,1
480.920549299709,7419.345636783728,2022-11-29T01:12:00Z,1H 0M 0S,6471,1
480.61251786454613,7418.422577986306,2022-11-29T02:12:00Z,1H 0M 0S,6471,1
480.66156806939006,7418.298970902518,2022-11-29T03:12:00Z,1H 0M 0S,6471,1
480.3979764359208,7418.11450784108,2022-11-29T04:12:00Z,1H 0M 0S,6471,1
479.59843959026273,7417.937496856217,2022-11-29T05:12:00Z,1H 0M 0S,6471,1
479.5833572052635,7417.93678121025,2022-11-29T06:12:00Z,1H 0M 0S,6471,1
479.3969236351294,7417.9125645755485,2022-11-29T07:12:00Z,1H 0M 0S,6471,1
479.3506817743945,7417.888988801744,2022-11-29T08:12:00Z,1H 0M 0S,6471,1
478.984687775287,7417.355095535794,2022-11-29T09:12:00Z,1H 0M 0S,6471,1
479.1389197831713,7417.454915144031,2022-11-29T10:12:00Z,1H 0M 0S,6471,1
479.4014979950537,7417.43664778432,2022-11-29T11:12:00Z,1H 0M 0S,6471,1
479.75238816124806,7416.932435641179,2022-11-29T12:12:00Z,1H 0M 0S,6471,1
480.18101660141474,7417.126417526421,2022-11-29T13:12:00Z,1H 0M 0S,6471,1
481.02020660912456,7417.828590397784,2022-11-29T14:12:00Z,1H 0M 0S,6471,1
481.0658695673656,7417.812693683883,2022-11-29T15:12:00Z,1H 0M 0S,6471,1
481.50415920475234,7418.093609665821,2022-11-29T16:12:00Z,1H 0M 0S,6471,1
481.5116219643662,7418.104608670973,2022-11-29T17:12:00Z,1H 0M 0S,6471,1
481.6296268201213,7417.021641766793,2022-11-29T18:12:00Z,1H 0M 0S,6471,1
481.0022250526082,7416.450872437179,2022-11-29T19:12:00Z,1H 0M 0S,6471,1
480.91284732267184,7416.335792104673,2022-11-29T20:12:00Z,1H 0M 0S,6471,1
480.5076194844312,7416.2656370059885,2022-11-29T21:12:00Z,1H 0M 0S,6471,1
480.4680549130313,7416.241438781435,2022-11-29T22:12:00Z,1H 0M 0S,6471,1
479.306522883001,7416.1864071816135,2022-11-29T23:12:00Z,1H 0M 0S,6471,1
478.5909810661866,7416.248423620031,2022-11-30T00:12:00Z,1H 0M 0S,6471,1
478.5469112980889,7416.241350632489,2022-11-30T01:12:00Z,1H 0M 0S,6471,1
478.5217196387902,7416.258426199411,2022-11-30T02:12:00Z,1H 0M 0S,6471,1
477.8349954566532,7415.526809236551,2022-11-30T03:12:00Z,1H 0M 0S,6471,1
476.3994566907364,7415.716492621919,2022-11-30T04:12:00Z,1H 0M 0S,6471,1
476.08454556996094,7415.806569670517,2022-11-30T05:12:00Z,1H 0M 0S,6471,1
475.6384252215083,7416.059754287883,2022-11-30T06:12:00Z,1H 0M 0S,6471,1
475.62160293294176,7416.065025946505,2022-11-30T07:12:00Z,1H 0M 0S,6471,1
474.96283568282973,7416.624426704099,2022-11-30T08:12:00Z,1H 0M 0S,6471,1
475.05715214808816,7416.776972870051,2022-11-30T09:12:00Z,1H 0M 0S,6471,1
475.43294425223763,7416.688510179144,2022-11-30T10:12:00Z,1H 0M 0S,6471,1
475.55241266547404,7416.696380183109,2022-11-30T11:12:00Z,1H 0M 0S,6471,1
474.72469866175805,7417.712378657997,2022-11-30T12:12:00Z,1H 0M 0S,6471,1
474.85954387629977,7418.379488567207,2022-11-30T13:12:00Z,1H 0M 0S,6471,1
474.82940917882905,7419.078321501581,2022-11-30T14:12:00Z,1H 0M 0S,6471,1
474.2031011336328,7420.474049617994,2022-11-30T15:12:00Z,1H 0M 0S,6471,1
474.23489398315644,7420.500610731955,2022-11-30T16:12:00Z,1H 0M 0S,6471,1
474.45013337823394,7422.495201604549,2022-11-30T17:12:00Z,1H 0M 0S,6471,1
475.97803842133493,7422.821329800726,2022-11-30T18:12:00Z,1H 0M 0S,6471,1
476.27708203550736,7423.016674519202,2022-11-30T19:12:00Z,1H 0M 0S,6471,1
476.971295581752,7423.121446910367,2022-11-30T20:12:00Z,1H 0M 0S,6471,1
477.37230968129796,7423.2723723013005,2022-11-30T21:12:00Z,1H 0M 0S,6471,1
477.264762644774,7424.211398903422,2022-11-30T22:12:00Z,1H 0M 0S,6471,1
476.8771332227863,7424.179847956969,2022-11-30T23:12:00Z,1H 0M 0S,6471,1
476.1807374144957,7424.355964557264,2022-12-01T00:12:00Z,1H 0M 0S,6471,1
476.3294350740004,7424.261622277265,2022-12-01T01:12:00Z,1H 0M 0S,6471,1
476.4253551037614,7422.758440545349,2022-12-01T02:12:00Z,1H 0M 0S,6471,1
476.79380332473096,7422.711323762928,2022-12-01T03:12:00Z,1H 0M 0S,6471,1
477.42506559487475,7423.058860527679,2022-12-01T04:12:00Z,1H 0M 0S,6471,1
477.2487896400164,7423.391394961516,2022-12-01T05:12:00Z,1H 0M 0S,6471,1
477.24914505772983,7423.457937712695,2022-12-01T06:12:00Z,1H 0M 0S,6471,1
476.9753515238564,7423.064319010964,2022-12-01T07:12:00Z,1H 0M 0S,6471,1
477.94817499674616,7422.842781973883,2022-12-01T08:12:00Z,1H 0M 0S,6471,1
478.1092606789208,7423.021279090491,2022-12-01T09:12:00Z,1H 0M 0S,6471,1
478.1090546572458,7423.02192440944,2022-12-01T10:12:00Z,1H 0M 0S,6471,1
478.1216041279782,7423.243812186425,2022-12-01T11:12:00Z,1H 0M 0S,6471,1
478.1263542330192,7423.247618637365,2022-12-01T12:12:00Z,1H 0M 0S,6471,1
478.2150921878107,7423.366997039756,2022-12-01T13:12:00Z,1H 0M 0S,6471,1
478.7794658643613,7424.781385431414,2022-12-01T14:12:00Z,1H 0M 0S,6471,1
479.2528032649833,7424.856320912192,2022-12-01T15:12:00Z,1H 0M 0S,6471,1
479.3023257766777,7424.866005063183,2022-12-01T16:12:00Z,1H 0M 0S,6471,1
479.4700336676722,7424.979327091889,2022-12-01T17:12:00Z,1H 0M 0S,6471,1
480.0007217808508,7425.405044377639,2022-12-01T18:12:00Z,1H 0M 0S,6471,1
480.03586911119805,7425.4621816057315,2022-12-01T19:12:00Z,1H 0M 0S,6471,1
480.2007128949347,7425.956157119645,2022-12-01T20:12:00Z,1H 0M 0S,6471,1
480.2652181280875,7425.997956704209,2022-12-01T21:12:00Z,1H 0M 0S,6471,1
480.31340581164216,7426.010757981033,2022-12-01T22:12:00Z,1H 0M 0S,6471,1
480.5707578986483,7426.90775963728,2022-12-01T23:12:00Z,1H 0M 0S,6471,1
480.5302659540996,7426.675935485112,2022-12-02T00:12:00Z,1H 0M 0S,6471,1
480.5243111002086,7426.49315238574,2022-12-02T01:12:00Z,1H 0M 0S,6471,1
480.81138221263535,7426.12608429505,2022-12-02T02:12:00Z,1H 0M 0S,6471,1
480.7919735196244,7426.123119790132,2022-12-02T03:12:00Z,1H 0M 0S,6471,1
480.5000013406463,7425.739784471117,2022-12-02T04:12:00Z,1H 0M 0S,6471,1
480.70279206730385,7425.827165697949,2022-12-02T05:12:00Z,1H 0M 0S,6471,1
484.10268046364774,7417.443102455261,2022-11-23T21:12:00Z,1H 0M 0S,6471,2
483.97435733729253,7417.422632718053,2022-11-23T22:12:00Z,1H 0M 0S,6471,2
483.9549977232112,7417.448926525755,2022-11-23T23:12:00Z,1H 0M 0S,6471,2
483.7645311776223,7417.5026923324785,2022-11-24T00:12:00Z,1H 0M 0S,6471,2
484.29754255484534,7415.590288876908,2022-11-24T01:12:00Z,1H 0M 0S,6471,2
484.3264116691943,7415.358516637987,2022-11-24T02:12:00Z,1H 0M 0S,6471,2
484.4440884747705,7415.219935769653,2022-11-24T03:12:00Z,1H 0M 0S,6471,2
484.7575899292368,7415.302570539367,2022-11-24T04:12:00Z,1H 0M 0S,6471,2
485.52903958998,7415.698279288218,2022-11-24T05:12:00Z,1H 0M 0S,6471,2
486.219844038888,7416.135982527039,2022-11-24T06:12:00Z,1H 0M 0S,6471,2
486.34678344239296,7416.604490646035,2022-11-24T07:12:00Z,1H 0M 0S,6471,2
486.3656139563594,7416.6154828131075,2022-11-24T08:12:00Z,1H 0M 0S,6471,2
486.4956849172444,7416.756966201117,2022-11-24T09:12:00Z,1H 0M 0S,6471,2
486.3417541506105,7417.897390447793,2022-11-24T10:12:00Z,1H 0M 0S,6471,2
486.58777284154445,7417.346799999298,2022-11-24T11:12:00Z,1H 0M 0S,6471,2
486.6131511139892,7417.268588778,2022-11-24T12:12:00Z,1H 0M 0S,6471,2
487.183991556195,7417.20894287803,2022-11-24T13:12:00Z,1H 0M 0S,6471,2
487.31590562691457,7417.071908821401,2022-11-24T14:12:00Z,1H 0M 0S,6471,2
487.3878509544881,7416.996750842712,2022-11-24T15:12:00Z,1H 0M 0S,6471,2
488.17275840622614,7416.3445392802,2022-11-24T16:12:00Z,1H 0M 0S,6471,2
488.1368037264791,7416.079899622583,2022-11-24T17:12:00Z,1H 0M 0S,6471,2
488.2029779434017,7415.974153277041,2022-11-24T18:12:00Z,1H 0M 0S,6471,2
488.35859313715866,7415.770282062103,2022-11-24T19:12:00Z,1H 0M 0S,6471,2
488.3590645468812,7415.770059601402,2022-11-24T20:12:00Z,1H 0M 0S,6471,2
489.9152730225111,7413.992240286083,2022-11-24T21:12:00Z,1H 0M 0S,6471,2
490.00286332603645,7413.720653640333,2022-11-24T22:12:00Z,1H 0M 0S,6471,2
490.06124049421896,7413.706215123373,2022-11-24T23:12:00Z,1H 0M 0S,6471,2
490.0647710686314,7413.70748428539,2022-11-25T00:12:00Z,1H 0M 0S,6471,2
490.06631412691735,7413.702979538135,2022-11-25T01:12:00Z,1H 0M 0S,6471,2
490.5408646410144,7413.099298856569,2022-11-25T02:12:00Z,1H 0M 0S,6471,2
490.99711665733463,7412.732830378781,2022-11-25T03:12:00Z,1H 0M 0S,6471,2
491.34493788306804,7412.353092418784,2022-11-25T04:12:00Z,1H 0M 0S,6471,2
491.3957439391571,7412.123404196186,2022-11-25T05:12:00Z,1H 0M 0S,6471,2
491.3657461633598,7412.100602364748,2022-11-25T06:12:00Z,1H 0M 0S,6471,2
491.16386938736474,7411.902732033353,2022-11-25T07:12:00Z,1H 0M 0S,6471,2
490.8434696110454,7411.597766674116,2022-11-25T08:12:00Z,1H 0M 0S,6471,2
490.6621422278001,7411.642524453104,2022-11-25T09:12:00Z,1H 0M 0S,6471,2
489.9446446811214,7412.006004222393,2022-11-25T10:12:00Z,1H 0M 0S,6471,2
489.88645760501146,7412.380154470748,2022-11-25T11:12:00Z,1H 0M 0S,6471,2
489.8540197526663,7412.5979060152895,2022-11-25T12:12:00Z,1H 0M 0S,6471,2
490.61020765696105,7413.042940219737,2022-11-25T13:12:00Z,1H 0M 0S,6471,2
491.6272016659522,7412.545663984272,2022-11-25T14:12:00Z,1H 0M 0S,6471,2
491.7588236107474,7412.564390643466,2022-11-25T15:12:00Z,1H 0M 0S,6471,2
491.81071131419316,7412.588146640599,2022-11-25T16:12:00Z,1H 0M 0S,6471,2
491.8034357311793,7414.162258412402,2022-11-25T17:12:00Z,1H 0M 0S,6471,2
491.77425598172283,7414.164803253344,2022-11-25T18:12:00Z,1H 0M 0S,6471,2
491.63432401548226,7414.349564434109,2022-11-25T19:12:00Z,1H 0M 0S,6471,2
491.25842849054567,7415.743440010074,2022-11-25T20:12:00Z,1H 0M 0S,6471,2
491.31167556489174,7415.828718513777,2022-11-25T21:12:00Z,1H 0M 0S,6471,2
491.856883064838,7415.635584248572,2022-11-25T22:12:00Z,1H 0M 0S,6471,2
492.10714023384793,7415.40720586886,2022-11-25T23:12:00Z,1H 0M 0S,6471,2
492.3851720263433,7414.746797124267,2022-11-26T00:12:00Z,1H 0M 0S,6471,2
492.52185742843454,7414.698971321019,2022-11-26T01:12:00Z,1H 0M 0S,6471,2
492.52286779401084,7415.117711008996,2022-11-26T02:12:00Z,1H 0M 0S,6471,2
493.0170320262959,7414.895454433293,2022-11-26T03:12:00Z,1H 0M 0S,6471,2
493.18020531799533,7414.858897758231,2022-11-26T04:12:00Z,1H 0M 0S,6471,2
493.2420038052182,7414.974753077357,2022-11-26T05:12:00Z,1H 0M 0S,6471,2
493.03117306260344,7416.244279558336,2022-11-26T06:12:00Z,1H 0M 0S,6471,2
492.94080416110717,7416.247459778274,2022-11-26T07:12:00Z,1H 0M 0S,6471,2
491.78244442682285,7417.196136377753,2022-11-26T08:12:00Z,1H 0M 0S,6471,2
491.55643521037575,7417.063477236916,2022-11-26T09:12:00Z,1H 0M 0S,6471,2
490.7340938884435,7416.631122362003,2022-11-26T10:12:00Z,1H 0M 0S,6471,2
490.5725307095241,7416.494875662893,2022-11-26T11:12:00Z,1H 0M 0S,6471,2
490.27253585476086,7416.2569045082055,2022-11-26T12:12:00Z,1H 0M 0S,6471,2
490.5930730530561,7415.910245020975,2022-11-26T13:12:00Z,1H 0M 0S,6471,2
490.8075612824865,7415.800787875612,2022-11-26T14:12:00Z,1H 0M 0S,6471,2
490.8394916635823,7415.85228212322,2022-11-26T15:12:00Z,1H 0M 0S,6471,2
491.48381878667044,7415.932309557049,2022-11-26T16:12:00Z,1H 0M 0S,6471,2
491.48902918730585,7415.930085753233,2022-11-26T17:12:00Z,1H 0M 0S,6471,2
492.6189146479632,7415.382344685486,2022-11-26T18:12:00Z,1H 0M 0S,6471,2
493.27998907299497,7415.031278315187,2022-11-26T19:12:00Z,1H 0M 0S,6471,2
493.4403313174149,7414.986999389305,2022-11-26T20:12:00Z,1H 0M 0S,6471,2
494.1987585066459,7413.756258435151,2022-11-26T21:12:00Z,1H 0M 0S,6471,2
493.63597826766653,7413.558776857231,2022-11-26T22:12:00Z,1H 0M 0S,6471,2
493.57036686528886,7413.5867742228475,2022-11-26T23:12:00Z,1H 0M 0S,6471,2
493.6220314525518,7413.397895899092,2022-11-27T00:12:00Z,1H 0M 0S,6471,2
493.874475238128,7413.162013021074,2022-11-27T01:12:00Z,1H 0M 0S,6471,2
493.91175164711944,7413.136291473155,2022-11-27T02:12:00Z,1H 0M 0S,6471,2
494.0388972389973,7414.023511197057,2022-11-27T03:12:00Z,1H 0M 0S,6471,2
494.2435832395108,7414.272812726654,2022-11-27T04:12:00Z,1H 0M 0S,6471,2
494.3919172186593,7414.570169601681,2022-11-27T05:12:00Z,1H 0M 0S,6471,2
494.42931459361415,7414.574226819403,2022-11-27T06:12:00Z,1H 0M 0S,6471,2
495.0158588153666,7414.105799433779,2022-11-27T07:12:00Z,1H 0M 0S,6471,2
495.32225898805217,7413.692891676715,2022-11-27T08:12:00Z,1H 0M 0S,6471,2
495.1607404637364,7413.4994848085935,2022-11-27T09:12:00Z,1H 0M 0S,6471,2
495.4172300348701,7412.333917948685,2022-11-27T10:12:00Z,1H 0M 0S,6471,2
495.37279407802157,7412.030940899016,2022-11-27T11:12:00Z,1H 0M 0S,6471,2
495.2733603457837,7411.941171127334,2022-11-27T12:12:00Z,1H 0M 0S,6471,2
495.2122191471772,7411.799837244266,2022-11-27T13:12:00Z,1H 0M 0S,6471,2
495.0869632561348,7411.750520309143,2022-11-27T14:12:00Z,1H 0M 0S,6471,2
495.0507724407304,7411.766282204869,2022-11-27T15:12:00Z,1H 0M 0S,6471,2
494.79420885109084,7411.921146483303,2022-11-27T16:12:00Z,1H 0M 0S,6471,2
494.78364351949114,7411.928252574633,2022-11-27T17:12:00Z,1H 0M 0S,6471,2
494.78364929440056,7411.9282779179675,2022-11-27T18:12:00Z,1H 0M 0S,6471,2
494.9062650697941,7412.158273918096,2022-11-27T19:12:00Z,1H 0M 0S,6471,2
495.1439367933776,7412.258558977671,2022-11-27T20:12:00Z,1H 0M 0S,6471,2
495.8672757920894,7412.240993273842,2022-11-27T21:12:00Z,1H 0M 0S,6471,2
496.07474462555894,7412.298018355093,2022-11-27T22:12:00Z,1H 0M 0S,6471,2
496.07361401125354,7412.32862933369,2022-11-27T23:12:00Z,1H 0M 0S,6471,2
496.10175459717135,7412.3924306058825,2022-11-28T00:12:00Z,1H 0M 0S,6471,2
496.445775310118,7412.725310753651,2022-11-28T01:12:00Z,1H 0M 0S,6471,2
496.4476481221606,7412.762544392307,2022-11-28T02:12:00Z,1H 0M 0S,6471,2
496.1162099959458,7413.084770944488,2022-11-28T03:12:00Z,1H 0M 0S,6471,2
496.70345436659545,7415.289327740892,2022-11-28T04:12:00Z,1H 0M 0S,6471,2
496.76770303750993,7415.499790401519,2022-11-28T05:12:00Z,1H 0M 0S,6471,2
496.7741983293128,7416.230194408295,2022-11-28T06:12:00Z,1H 0M 0S,6471,2
496.80831775165603,7416.306893055875,2022-11-28T07:12:00Z,1H 0M 0S,6471,2
497.1369457323129,7416.483732334223,2022-11-28T08:12:00Z,1H 0M 0S,6471,2
497.3911683671363,7416.718348028125,2022-11-28T09:12:00Z,1H 0M 0S,6471,2
497.37971675676187,7416.791945765496,2022-11-28T10:12:00Z,1H 0M 0S,6471,2
496.8080330283304,7417.919388563104,2022-11-28T11:12:00Z,1H 0M 0S,6471,2
496.83180846976154,7417.937516936734,2022-11-28T12:12:00Z,1H 0M 0S,6471,2
496.86298037753545,7417.921143921437,2022-11-28T13:12:00Z,1H 0M 0S,6471,2
496.75839433871863,7417.705679971739,2022-11-28T14:12:00Z,1H 0M 0S,6471,2
496.7479672797392,7417.566215507522,2022-11-28T15:12:00Z,1H 0M 0S,6471,2
496.1562933425227,7416.88352509846,2022-11-28T16:12:00Z,1H 0M 0S,6471,2
496.1333337641974,7416.8867910692525,2022-11-28T17:12:00Z,1H 0M 0S,6471,2
494.0089643277663,7416.59068525269,2022-11-28T18:12:00Z,1H 0M 0S,6471,2
493.80649360799947,7416.186318621092,2022-11-28T19:12:00Z,1H 0M 0S,6471,2
493.71103190768497,7415.772395637854,2022-11-28T20:12:00Z,1H 0M 0S,6471,2
492.8377443434538,7415.793021105822,2022-11-28T21:12:00Z,1H 0M 0S,6471,2
490.95041492335514,7416.016252979477,2022-11-28T22:12:00Z,1H 0M 0S,6471,2
490.9468252034776,7416.015346642895,2022-11-28T23:12:00Z,1H 0M 0S,6471,2
490.4116583967463,7416.82511563634,2022-11-29T00:12:00Z,1H 0M 0S,6471,2
489.2048152916682,7416.53261254105,2022-11-29T01:12:00Z,1H 0M 0S,6471,2
489.0085531874679,7416.3498013390945,2022-11-29T02:12:00Z,1H 0M 0S,6471,2
488.99437235064005,7416.364008206041,2022-11-29T03:12:00Z,1H 0M 0S,6471,2
488.3294686429933,7415.989703381696,2022-11-29T04:12:00Z,1H 0M 0S,6471,2
488.29260241560496,7415.9477478775425,2022-11-29T05:12:00Z,1H 0M 0S,6471,2
487.9065937692409,7415.913603499337,2022-11-29T06:12:00Z,1H 0M 0S,6471,2
487.8600344151766,7415.875005257945,2022-11-29T07:12:00Z,1H 0M 0S,6471,2
487.8599408774802,7415.874908469859,2022-11-29T08:12:00Z,1H 0M 0S,6471,2
487.4113226934354,7416.72548554295,2022-11-29T09:12:00Z,1H 0M 0S,6471,2
486.6968137276235,7416.947235842735,2022-11-29T10:12:00Z,1H 0M 0S,6471,2
486.44217011867124,7417.18254485367,2022-11-29T11:12:00Z,1H 0M 0S,6471,2
485.9943650016962,7417.295688254383,2022-11-29T12:12:00Z,1H 0M 0S,6471,2
485.9286678744644,7417.3793694217875,2022-11-29T13:12:00Z,1H 0M 0S,6471,2
485.7634665767811,7417.718053319433,2022-11-29T14:12:00Z,1H 0M 0S,6471,2
485.7586834116484,7417.808986596153,2022-11-29T15:12:00Z,1H 0M 0S,6471,2
485.8882308296601,7417.995506122737,2022-11-29T16:12:00Z,1H 0M 0S,6471,2
486.44914060675836,7418.189476503273,2022-11-29T17:12:00Z,1H 0M 0S,6471,2
486.89532751867836,7418.213784214146,2022-11-29T18:12:00Z,1H 0M 0S,6471,2
487.0662687928364,7418.127843128308,2022-11-29T19:12:00Z,1H 0M 0S,6471,2
487.1653052877546,7418.094228688566,2022-11-29T20:12:00Z,1H 0M 0S,6471,2
488.21740807983025,7418.405212669859,2022-11-29T21:12:00Z,1H 0M 0S,6471,2
488.29548176602333,7418.4803094620875,2022-11-29T22:12:00Z,1H 0M 0S,6471,2
489.85310205784674,7418.270711358232,2022-11-29T23:12:00Z,1H 0M 0S,6471,2
490.6896771915255,7418.365546746919,2022-11-30T00:12:00Z,1H 0M 0S,6471,2
490.9917556425962,7418.375871318857,2022-11-30T01:12:00Z,1H 0M 0S,6471,2
491.1256076089882,7418.416806978976,2022-11-30T02:12:00Z,1H 0M 0S,6471,2
491.5143329018484,7418.41677469483,2022-11-30T03:12:00Z,1H 0M 0S,6471,2
491.71804777267874,7418.283907189217,2022-11-30T04:12:00Z,1H 0M 0S,6471,2
491.82746631522485,7418.125316346323,2022-11-30T05:12:00Z,1H 0M 0S,6471,2
491.85930126328105,7418.160257985937,2022-11-30T06:12:00Z,1H 0M 0S,6471,2
491.82026560130885,7419.036383580191,2022-11-30T07:12:00Z,1H 0M 0S,6471,2
491.94303330974503,7419.087077583887,2022-11-30T08:12:00Z,1H 0M 0S,6471,2
491.11274165963897,7419.528933167719,2022-11-30T09:12:00Z,1H 0M 0S,6471,2
490.8587155214541,7419.615468552364,2022-11-30T10:12:00Z,1H 0M 0S,6471,2
490.52654062550556,7419.7993946214465,2022-11-30T11:12:00Z,1H 0M 0S,6471,2
489.70695857852326,7419.6678830954515,2022-11-30T12:12:00Z,1H 0M 0S,6471,2
489.58223581690123,7419.635170830836,2022-11-30T13:12:00Z,1H 0M 0S,6471,2
489.52444404773433,7419.596339424981,2022-11-30T14:12:00Z,1H 0M 0S,6471,2
489.13398301674187,7419.391016285053,2022-11-30T15:12:00Z,1H 0M 0S,6471,2
488.7561503776348,7419.498327794534,2022-11-30T16:12:00Z,1H 0M 0S,6471,2
488.54933600990836,7419.127196407372,2022-11-30T17:12:00Z,1H 0M 0S,6471,2
488.4984940203324,7419.123946088283,2022-11-30T18:12:00Z,1H 0M 0S,6471,2
487.6147571680326,7419.3431369027085,2022-11-30T19:12:00Z,1H 0M 0S,6471,2
487.4127530108014,7419.429148371816,2022-11-30T20:12:00Z,1H 0M 0S,6471,2
487.1551841375642,7419.567093930313,2022-11-30T21:12:00Z,1H 0M 0S,6471,2
487.03795331103714,7419.488058041087,2022-11-30T22:12:00Z,1H 0M 0S,6471,2
487.0403902257492,7419.156203979104,2022-11-30T23:12:00Z,1H 0M 0S,6471,2
486.59121780549646,7418.588467376226,2022-12-01T00:12:00Z,1H 0M 0S,6471,2
486.5416269718556,7418.465224907425,2022-12-01T01:12:00Z,1H 0M 0S,6471,2
486.7816845033533,7417.568276187595,2022-12-01T02:12:00Z,1H 0M 0S,6471,2
487.0684720477752,7417.156049980369,2022-12-01T03:12:00Z,1H 0M 0S,6471,2
487.32306554513093,7416.59524952113,2022-12-01T04:12:00Z,1H 0M 0S,6471,2
487.5833259212946,7416.388486516915,2022-12-01T05:12:00Z,1H 0M 0S,6471,2
487.8267654014961,7415.418554475282,2022-12-01T06:12:00Z,1H 0M 0S,6471,2
487.9787812083092,7415.282887853634,2022-12-01T07:12:00Z,1H 0M 0S,6471,2
488.10458417749754,7414.871552625526,2022-12-01T08:12:00Z,1H 0M 0S,6471,2
488.164219293102,7414.8238803334,2022-12-01T09:12:00Z,1H 0M 0S,6471,2
488.6950227773792,7414.5203319835655,2022-12-01T10:12:00Z,1H 0M 0S,6471,2
488.0969765626116,7416.111146153119,2022-12-01T11:12:00Z,1H 0M 0S,6471,2
487.8214682869028,7416.640216851708,2022-12-01T12:12:00Z,1H 0M 0S,6471,2
487.14465164966913,7416.929844247221,2022-12-01T13:12:00Z,1H 0M 0S,6471,2
486.9012039508876,7416.967651506624,2022-12-01T14:12:00Z,1H 0M 0S,6471,2
486.7639175796193,7416.921164361605,2022-12-01T15:12:00Z,1H 0M 0S,6471,2
486.69573267957395,7416.499885029581,2022-12-01T16:12:00Z,1H 0M 0S,6471,2
486.6137766756235,7416.099113205578,2022-12-01T17:12:00Z,1H 0M 0S,6471,2
486.57796673346905,7415.40606676093,2022-12-01T18:12:00Z,1H 0M 0S,6471,2
486.2232198505621,7415.880570650204,2022-12-01T19:12:00Z,1H 0M 0S,6471,2
486.21937705576124,7415.891683209987,2022-12-01T20:12:00Z,1H 0M 0S,6471,2
486.1065577026337,7416.016246268025,2022-12-01T21:12:00Z,1H 0M 0S,6471,2
485.2851263784997,7416.683571724429,2022-12-01T22:12:00Z,1H 0M 0S,6471,2
485.2623292338818,7416.731857762078,2022-12-01T23:12:00Z,1H 0M 0S,6471,2
481.8028812414447,7418.237798820952,2022-12-02T00:12:00Z,1H 0M 0S,6471,2
481.79198718386857,7418.095864437118,2022-12-02T01:12:00Z,1H 0M 0S,6471,2
481.5152913789058,7417.84973771309,2022-12-02T02:12:00Z,1H 0M 0S,6471,2
480.8277255625653,7417.724929945757,2022-12-02T03:12:00Z,1H 0M 0S,6471,2
480.5728132000932,7417.368128056588,2022-12-02T04:12:00Z,1H 0M 0S,6471,2
480.49664278351764,7417.391935086202,2022-12-02T05:12:00Z,1H 0M 0S,6471,2
484.10268046364774,7417.443102455261,2022-11-23T21:12:00Z,1H 0M 0S,6471,3
484.67282746217154,7417.567387550409,2022-11-23T22:12:00Z,1H 0M 0S,6471,3
484.77046464438337,7417.710380870026,2022-11-23T23:12:00Z,1H 0M 0S,6471,3
484.7707939728642,7417.710500641456,2022-11-24T00:12:00Z,1H 0M 0S,6471,3
484.76750134368535,7418.101569822346,2022-11-24T01:12:00Z,1H 0M 0S,6471,3
485.3416043160531,7418.033041675738,2022-11-24T02:12:00Z,1H 0M 0S,6471,3
485.3889461075195,7417.950337877151,2022-11-24T03:12:00Z,1H 0M 0S,6471,3
485.0112962083838,7417.599194718205,2022-11-24T04:12:00Z,1H 0M 0S,6471,3
485.2718107170759,7417.396262582017,2022-11-24T05:12:00Z,1H 0M 0S,6471,3
486.18879480279014,7417.919853747422,2022-11-24T06:12:00Z,1H 0M 0S,6471,3
486.4117541949255,7418.084366953831,2022-11-24T07:12:00Z,1H 0M 0S,6471,3
487.3642751704983,7418.212951317889,2022-11-24T08:12:00Z,1H 0M 0S,6471,3
488.43514921976606,7418.627009227645,2022-11-24T09:12:00Z,1H 0M 0S,6471,3
488.34262976319354,7417.159465323269,2022-11-24T10:12:00Z,1H 0M 0S,6471,3
488.24160709471545,7417.121770917342,2022-11-24T11:12:00Z,1H 0M 0S,6471,3
489.84371627786436,7415.707717555887,2022-11-24T12:12:00Z,1H 0M 0S,6471,3
490.8125250767796,7415.084479637593,2022-11-24T13:12:00Z,1H 0M 0S,6471,3
490.86644446339596,7414.546833247007,2022-11-24T14:12:00Z,1H 0M 0S,6471,3
490.06998417705097,7413.480196401218,2022-11-24T15:12:00Z,1H 0M 0S,6471,3
489.9587729322082,7413.3610662832425,2022-11-24T16:12:00Z,1H 0M 0S,6471,3
493.83031473548425,7414.770126914352,2022-11-24T17:12:00Z,1H 0M 0S,6471,3
493.3355749282251,7413.829098616145,2022-11-24T18:12:00Z,1H 0M 0S,6471,3
492.6663356922464,7413.745494913976,2022-11-24T19:12:00Z,1H 0M 0S,6471,3
492.53911288127375,7413.6964885313055,2022-11-24T20:12:00Z,1H 0M 0S,6471,3
491.83841962114934,7413.810675610484,2022-11-24T21:12:00Z,1H 0M 0S,6471,3
490.89321064394017,7413.502988106466,2022-11-24T22:12:00Z,1H 0M 0S,6471,3
490.5928575958912,7413.0640145976195,2022-11-24T23:12:00Z,1H 0M 0S,6471,3
490.790318035848,7412.936478594448,2022-11-25T00:12:00Z,1H 0M 0S,6471,3
491.04355098130037,7412.744070928914,2022-11-25T01:12:00Z,1H 0M 0S,6471,3
491.0500961389655,7412.736557790565,2022-11-25T02:12:00Z,1H 0M 0S,6471,3
492.119257311199,7411.756034363565,2022-11-25T03:12:00Z,1H 0M 0S,6471,3
492.1950741492588,7411.721723775964,2022-11-25T04:12:00Z,1H 0M 0S,6471,3
492.90835864136665,7410.925196338346,2022-11-25T05:12:00Z,1H 0M 0S,6471,3
493.173765120244,7410.95509244994,2022-11-25T06:12:00Z,1H 0M 0S,6471,3
493.13705054194253,7411.357727143031,2022-11-25T07:12:00Z,1H 0M 0S,6471,3
493.06425316934804,7411.359919885943,2022-11-25T08:12:00Z,1H 0M 0S,6471,3
492.8718084084724,7411.33335202761,2022-11-25T09:12:00Z,1H 0M 0S,6471,3
492.8647679067867,7411.290009462177,2022-11-25T10:12:00Z,1H 0M 0S,6471,3
492.8320938784868,7411.253440161835,2022-11-25T11:12:00Z,1H 0M 0S,6471,3
493.27957014916717,7411.491109829025,2022-11-25T12:12:00Z,1H 0M 0S,6471,3
493.27376348166615,7411.534146755081,2022-11-25T13:12:00Z,1H 0M 0S,6471,3
493.20604156372866,7411.30432398011,2022-11-25T14:12:00Z,1H 0M 0S,6471,3
493.0887481339042,7411.0103936469095,2022-11-25T15:12:00Z,1H 0M 0S,6471,3
493.06295701447794,7410.350630880851,2022-11-25T16:12:00Z,1H 0M 0S,6471,3
492.406426005023,7410.470414686288,2022-11-25T17:12:00Z,1H 0M 0S,6471,3
491.9547865354411,7410.433467011303,2022-11-25T18:12:00Z,1H 0M 0S,6471,3
491.9323738105772,7410.4436314531,2022-11-25T19:12:00Z,1H 0M 0S,6471,3
490.9167347149917,7410.715692673482,2022-11-25T20:12:00Z,1H 0M 0S,6471,3
490.8902991787849,7410.703793795982,2022-11-25T21:12:00Z,1H 0M 0S,6471,3
490.1968751579841,7410.675792011226,2022-11-25T22:12:00Z,1H 0M 0S,6471,3
489.8747558712391,7410.802886537299,2022-11-25T23:12:00Z,1H 0M 0S,6471,3
489.8304788908467,7410.830587191815,2022-11-26T00:12:00Z,1H 0M 0S,6471,3
489.71516916952805,7410.649837497823,2022-11-26T01:12:00Z,1H 0M 0S,6471,3
489.54008364296726,7410.539609948042,2022-11-26T02:12:00Z,1H 0M 0S,6471,3
489.2632970678226,7409.246273861749,2022-11-26T03:12:00Z,1H 0M 0S,6471,3
489.7446692150512,7407.918527123134,2022-11-26T04:12:00Z,1H 0M 0S,6471,3
489.9402592684522,7408.2951990351485,2022-11-26T05:12:00Z,1H 0M 0S,6471,3
490.0480399815402,7409.045020408636,2022-11-26T06:12:00Z,1H 0M 0S,6471,3
490.029141614615,7409.166596857783,2022-11-26T07:12:00Z,1H 0M 0S,6471,3
489.9195423245088,7409.2382038075075,2022-11-26T08:12:00Z,1H 0M 0S,6471,3
489.8779519477936,7409.216965455935,2022-11-26T09:12:00Z,1H 0M 0S,6471,3
488.9752347826784,7408.574190052183,2022-11-26T10:12:00Z,1H 0M 0S,6471,3
488.95581858002623,7408.504853376326,2022-11-26T11:12:00Z,1H 0M 0S,6471,3
488.3320351675604,7407.9439978407445,2022-11-26T12:12:00Z,1H 0M 0S,6471,3
488.27115333294046,7407.664059834069,2022-11-26T13:12:00Z,1H 0M 0S,6471,3
488.86238267002534,7407.263738800842,2022-11-26T14:12:00Z,1H 0M 0S,6471,3
488.9315168178485,7407.288441463123,2022-11-26T15:12:00Z,1H 0M 0S,6471,3
489.5577696385922,7407.373501080725,2022-11-26T16:12:00Z,1H 0M 0S,6471,3
488.1017996380721,7406.492350441746,2022-11-26T17:12:00Z,1H 0M 0S,6471,3
487.92461805073674,7406.530742366982,2022-11-26T18:12:00Z,1H 0M 0S,6471,3
487.9181009852482,7406.541066647312,2022-11-26T19:12:00Z,1H 0M 0S,6471,3
487.82211699868276,7406.66416046485,2022-11-26T20:12:00Z,1H 0M 0S,6471,3
488.07333184732926,7408.6571570669375,2022-11-26T21:12:00Z,1H 0M 0S,6471,3
488.05734457098134,7408.7434693501955,2022-11-26T22:12:00Z,1H 0M 0S,6471,3
487.98706446851196,7408.723239970146,2022-11-26T23:12:00Z,1H 0M 0S,6471,3
487.6417858590373,7408.630398572895,2022-11-27T00:12:00Z,1H 0M 0S,6471,3
486.513172730953,7407.637924129051,2022-11-27T01:12:00Z,1H 0M 0S,6471,3
486.3976382625652,7407.613608051925,2022-11-27T02:12:00Z,1H 0M 0S,6471,3
485.5753818044415,7407.727945635075,2022-11-27T03:12:00Z,1H 0M 0S,6471,3
485.16102037916284,7407.682126089108,2022-11-27T04:12:00Z,1H 0M 0S,6471,3
484.7972284640208,7407.410485484749,2022-11-27T05:12:00Z,1H 0M 0S,6471,3
484.2791560866758,7407.465523772227,2022-11-27T06:12:00Z,1H 0M 0S,6471,3
484.2546354209363,7407.514100525101,2022-11-27T07:12:00Z,1H 0M 0S,6471,3
484.2476166120137,7407.560378964277,2022-11-27T08:12:00Z,1H 0M 0S,6471,3
484.4120055222437,7407.593204024006,2022-11-27T09:12:00Z,1H 0M 0S,6471,3
484.5001710520987,7407.736473885704,2022-11-27T10:12:00Z,1H 0M 0S,6471,3
484.50236347979126,7410.188947228807,2022-11-27T11:12:00Z,1H 0M 0S,6471,3
485.127582937854,7410.230587762439,2022-11-27T12:12:00Z,1H 0M 0S,6471,3
485.37120968427683,7410.4016915900875,2022-11-27T13:12:00Z,1H 0M 0S,6471,3
485.3534048609099,7410.5091987863225,2022-11-27T14:12:00Z,1H 0M 0S,6471,3
485.33939505225203,7410.526828379632,2022-11-27T15:12:00Z,1H 0M 0S,6471,3
485.2848289271046,7410.5614202213,2022-11-27T16:12:00Z,1H 0M 0S,6471,3
485.25894148096506,7410.614092290165,2022-11-27T17:12:00Z,1H 0M 0S,6471,3
485.25157719979416,7410.764264568657,2022-11-27T18:12:00Z,1H 0M 0S,6471,3
485.1729757552736,7410.401677417561,2022-11-27T19:12:00Z,1H 0M 0S,6471,3
485.355535004164,7410.145114688973,2022-11-27T20:12:00Z,1H 0M 0S,6471,3
484.95494340285967,7410.043213045027,2022-11-27T21:12:00Z,1H 0M 0S,6471,3
486.95444678322417,7409.009320878973,2022-11-27T22:12:00Z,1H 0M 0S,6471,3
487.23837237646893,7407.236103600006,2022-11-27T23:12:00Z,1H 0M 0S,6471,3
487.23568730625533,7407.10833029512,2022-11-28T00:12:00Z,1H 0M 0S,6471,3
487.0505643330252,7406.823456888398,2022-11-28T01:12:00Z,1H 0M 0S,6471,3
487.08575896447627,7406.7000787026145,2022-11-28T02:12:00Z,1H 0M 0S,6471,3
487.50961962192986,7406.350548475979,2022-11-28T03:12:00Z,1H 0M 0S,6471,3
487.8136598525819,7406.6727032806075,2022-11-28T04:12:00Z,1H 0M 0S,6471,3
488.3452589475326,7406.524364727249,2022-11-28T05:12:00Z,1H 0M 0S,6471,3
488.45183044079266,7406.598200451159,2022-11-28T06:12:00Z,1H 0M 0S,6471,3
488.56632367241,7406.606210743116,2022-11-28T07:12:00Z,1H 0M 0S,6471,3
488.5668527689832,7406.606425262939,2022-11-28T08:12:00Z,1H 0M 0S,6471,3
488.5926894585164,7406.626792251366,2022-11-28T09:12:00Z,1H 0M 0S,6471,3
488.3652992831011,7406.545128942182,2022-11-28T10:12:00Z,1H 0M 0S,6471,3
488.55860819642913,7406.416701735057,2022-11-28T11:12:00Z,1H 0M 0S,6471,3
488.79254706567576,7406.927969320492,2022-11-28T12:12:00Z,1H 0M 0S,6471,3
488.3375276013898,7406.552181645615,2022-11-28T13:12:00Z,1H 0M 0S,6471,3
487.4842463971315,7406.489433940946,2022-11-28T14:12:00Z,1H 0M 0S,6471,3
487.4598972674868,7406.392421024566,2022-11-28T15:12:00Z,1H 0M 0S,6471,3
487.45393510197465,7406.392247350901,2022-11-28T16:12:00Z,1H 0M 0S,6471,3
487.24041028711247,7406.8959194407735,2022-11-28T17:12:00Z,1H 0M 0S,6471,3
487.15137166446783,7405.971802388647,2022-11-28T18:12:00Z,1H 0M 0S,6471,3
486.9939209863908,7406.178240088956,2022-11-28T19:12:00Z,1H 0M 0S,6471,3
487.3594572124066,7406.261738187287,2022-11-28T20:12:00Z,1H 0M 0S,6471,3
487.3678695588007,7406.278167269401,2022-11-28T21:12:00Z,1H 0M 0S,6471,3
488.4135256217917,7406.352657913644,2022-11-28T22:12:00Z,1H 0M 0S,6471,3
489.5127063198113,7406.403874502533,2022-11-28T23:12:00Z,1H 0M 0S,6471,3
489.8597654646977,7407.00727897036,2022-11-29T00:12:00Z,1H 0M 0S,6471,3
488.990311420622,7407.821768222521,2022-11-29T01:12:00Z,1H 0M 0S,6471,3
489.1722723574984,7407.988489498992,2022-11-29T02:12:00Z,1H 0M 0S,6471,3
489.25934421753533,7408.038664951754,2022-11-29T03:12:00Z,1H 0M 0S,6471,3
490.05981210928513,7407.7945953363105,2022-11-29T04:12:00Z,1H 0M 0S,6471,3
490.6420995705008,7408.010528160297,2022-11-29T05:12:00Z,1H 0M 0S,6471,3
490.405311436675,7407.712729098102,2022-11-29T06:12:00Z,1H 0M 0S,6471,3
490.2752365982327,7407.676307544806,2022-11-29T07:12:00Z,1H 0M 0S,6471,3
491.87234093938906,7408.139076287853,2022-11-29T08:12:00Z,1H 0M 0S,6471,3
492.4591280345803,7408.735675964841,2022-11-29T09:12:00Z,1H 0M 0S,6471,3
492.7597696390351,7410.0024017693295,2022-11-29T10:12:00Z,1H 0M 0S,6471,3
492.9338460291055,7410.038855397379,2022-11-29T11:12:00Z,1H 0M 0S,6471,3
492.5931080231503,7409.613114402901,2022-11-29T12:12:00Z,1H 0M 0S,6471,3
492.54031656714596,7409.595190146891,2022-11-29T13:12:00Z,1H 0M 0S,6471,3
492.37236943437216,7409.654535445804,2022-11-29T14:12:00Z,1H 0M 0S,6471,3
492.06690715754814,7409.64650199786,2022-11-29T15:12:00Z,1H 0M 0S,6471,3
491.5847873229821,7410.762291454519,2022-11-29T16:12:00Z,1H 0M 0S,6471,3
492.4309965566269,7410.700846495102,2022-11-29T17:12:00Z,1H 0M 0S,6471,3
492.45935628246144,7410.69388891202,2022-11-29T18:12:00Z,1H 0M 0S,6471,3
494.60907944385355,7409.2423491937,2022-11-29T19:12:00Z,1H 0M 0S,6471,3
495.52463251275924,7409.272254899738,2022-11-29T20:12:00Z,1H 0M 0S,6471,3
495.6288985664447,7409.372503571266,2022-11-29T21:12:00Z,1H 0M 0S,6471,3
495.6594023433809,7409.3740059409465,2022-11-29T22:12:00Z,1H 0M 0S,6471,3
495.6762958444399,7409.026966695857,2022-11-29T23:12:00Z,1H 0M 0S,6471,3
495.54857103379913,7408.395701162853,2022-11-30T00:12:00Z,1H 0M 0S,6471,3
495.0661477743629,7408.1264511626105,2022-11-30T01:12:00Z,1H 0M 0S,6471,3
494.35047994768456,7407.741140157715,2022-11-30T02:12:00Z,1H 0M 0S,6471,3
494.2140719828197,7407.679972424024,2022-11-30T03:12:00Z,1H 0M 0S,6471,3
494.05997179618646,7407.768126782623,2022-11-30T04:12:00Z,1H 0M 0S,6471,3
491.45628340014287,7405.683022539284,2022-11-30T05:12:00Z,1H 0M 0S,6471,3
491.40550022723386,7405.629665832192,2022-11-30T06:12:00Z,1H 0M 0S,6471,3
491.446329117899,7405.546369951237,2022-11-30T07:12:00Z,1H 0M 0S,6471,3
491.3868917711655,7405.416379335952,2022-11-30T08:12:00Z,1H 0M 0S,6471,3
491.1261803312263,7404.733880433788,2022-11-30T09:12:00Z,1H 0M 0S,6471,3
491.5061507208874,7403.5676459590895,2022-11-30T10:12:00Z,1H 0M 0S,6471,3
491.5877814400752,7403.521226351374,2022-11-30T11:12:00Z,1H 0M 0S,6471,3
491.84293294413,7403.422222658108,2022-11-30T12:12:00Z,1H 0M 0S,6471,3
491.9483300398041,7402.980670089245,2022-11-30T13:12:00Z,1H 0M 0S,6471,3
491.9455017220692,7402.83555427814,2022-11-30T14:12:00Z,1H 0M 0S,6471,3
492.14672301185834,7402.88044956937,2022-11-30T15:12:00Z,1H 0M 0S,6471,3
492.16595785960055,7402.881750558153,2022-11-30T16:12:00Z,1H 0M 0S,6471,3
492.31528456366146,7402.909065578409,2022-11-30T17:12:00Z,1H 0M 0S,6471,3
492.3607815305127,7402.786919581435,2022-11-30T18:12:00Z,1H 0M 0S,6471,3
492.4337603564003,7402.667434584303,2022-11-30T19:12:00Z,1H 0M 0S,6471,3
492.4690810169325,7402.574109053849,2022-11-30T20:12:00Z,1H 0M 0S,6471,3
492.7164860353275,7402.583982104227,2022-11-30T21:12:00Z,1H 0M 0S,6471,3
492.89884951625294,7402.5661989751125,2022-11-30T22:12:00Z,1H 0M 0S,6471,3
492.96424594710663,7402.482524668009,2022-11-30T23:12:00Z,1H 0M 0S,6471,3
492.78219115907115,7401.934280255678,2022-12-01T00:12:00Z,1H 0M 0S,6471,3
492.9612057257073,7401.739284799612,2022-12-01T01:12:00Z,1H 0M 0S,6471,3
492.5664640890059,7401.05402178623,2022-12-01T02:12:00Z,1H 0M 0S,6471,3
492.25151350911193,7401.088098899017,2022-12-01T03:12:00Z,1H 0M 0S,6471,3
492.18698366134737,7400.955932823528,2022-12-01T04:12:00Z,1H 0M 0S,6471,3
491.91710955429255,7400.809845051999,2022-12-01T05:12:00Z,1H 0M 0S,6471,3
491.814757000958,7400.799055341606,2022-12-01T06:12:00Z,1H 0M 0S,6471,3
491.7039454640626,7400.993125879044,2022-12-01T07:12:00Z,1H 0M 0S,6471,3
491.6997515677655,7401.004948645591,2022-12-01T08:12:00Z,1H 0M 0S,6471,3
491.68014443157756,7401.129803337378,2022-12-01T09:12:00Z,1H 0M 0S,6471,3
491.72947176683675,7401.25092961157,2022-12-01T10:12:00Z,1H 0M 0S,6471,3
492.4515697261898,7400.856340364575,2022-12-01T11:12:00Z,1H 0M 0S,6471,3
492.6474904188554,7401.182165773931,2022-12-01T12:12:00Z,1H 0M 0S,6471,3
492.9819415290661,7401.423406427558,2022-12-01T13:12:00Z,1H 0M 0S,6471,3
492.81001982050736,7400.8803877798955,2022-12-01T14:12:00Z,1H 0M 0S,6471,3
492.68228366197945,7400.84497259009,2022-12-01T15:12:00Z,1H 0M 0S,6471,3
492.63329462584596,7400.826625302328,2022-12-01T16:12:00Z,1H 0M 0S,6471,3
492.5739354344601,7400.7002301976945,2022-12-01T17:12:00Z,1H 0M 0S,6471,3
492.56264791330744,7399.373497553393,2022-12-01T18:12:00Z,1H 0M 0S,6471,3
492.44656762485005,7398.864580815587,2022-12-01T19:12:00Z,1H 0M 0S,6471,3
492.3969562934421,7399.3729551745955,2022-12-01T20:12:00Z,1H 0M 0S,6471,3
492.5626321534283,7399.536901481862,2022-12-01T21:12:00Z,1H 0M 0S,6471,3
493.14161132169016,7399.758144523736,2022-12-01T22:12:00Z,1H 0M 0S,6471,3
493.3761671632799,7399.394431798547,2022-12-01T23:12:00Z,1H 0M 0S,6471,3
493.67196131225853,7399.207200385733,2022-12-02T00:12:00Z,1H 0M 0S,6471,3
493.8477935731235,7399.433508855964,2022-12-02T01:12:00Z,1H 0M 0S,6471,3
494.0929691271612,7399.567449421095,2022-12-02T02:12:00Z,1H 0M 0S,6471,3
494.6093663701292,7399.317350163458,2022-12-02T03:12:00Z,1H 0M 0S,6471,3
494.8136223321274,7399.224137717946,2022-12-02T04:12:00Z,1H 0M 0S,6471,3
494.29859556710926,7398.72333034591,2022-12-02T05:12:00Z,1H 0M 0S,6471,3
484.10268046364774,7417.443102455261,2022-11-23T21:12:00Z,1H 0M 0S,6471,4
484.53785756188273,7417.364815321549,2022-11-23T22:12:00Z,1H 0M 0S,6471,4
485.0609374751642,7417.1812712677265,2022-11-23T23:12:00Z,1H 0M 0S,6471,4
485.04846708387043,7417.160991750408,2022-11-24T00:12:00Z,1H 0M 0S,6471,4
485.16075567271946,7417.38431274386,2022-11-24T01:12:00Z,1H 0M 0S,6471,4
485.10391217298536,7417.552294523152,2022-11-24T02:12:00Z,1H 0M 0S,6471,4
484.6644552352032,7417.647077131913,2022-11-24T03:12:00Z,1H 0M 0S,6471,4
484.66068499574203,7417.673271145898,2022-11-24T04:12:00Z,1H 0M 0S,6471,4
484.66751644128357,7418.073106608524,2022-11-24T05:12:00Z,1H 0M 0S,6471,4
484.84843624176915,7417.82595216131,2022-11-24T06:12:00Z,1H 0M 0S,6471,4
484.8755559086397,7417.800275387682,2022-11-24T07:12:00Z,1H 0M 0S,6471,4
485.068086859829,7417.667664442382,2022-11-24T08:12:00Z,1H 0M 0S,6471,4
485.0950629513031,7417.6639987869,2022-11-24T09:12:00Z,1H 0M 0S,6471,4
485.1336145270964,7417.897541513477,2022-11-24T10:12:00Z,1H 0M 0S,6471,4
485.0918255525795,7419.0099271146455,2022-11-24T11:12:00Z,1H 0M 0S,6471,4
485.0686255187503,7419.1768002459185,2022-11-24T12:12:00Z,1H 0M 0S,6471,4
485.03646046177386,7419.218604698581,2022-11-24T13:12:00Z,1H 0M 0S,6471,4
484.8803066849763,7419.226692311222,2022-11-24T14:12:00Z,1H 0M 0S,6471,4
484.4553123157589,7419.1422370485025,2022-11-24T15:12:00Z,1H 0M 0S,6471,4
484.40405245437626,7419.10535595562,2022-11-24T16:12:00Z,1H 0M 0S,6471,4
484.19867748776136,7419.315877568189,2022-11-24T17:12:00Z,1H 0M 0S,6471,4
483.4904610862362,7419.032378485315,2022-11-24T18:12:00Z,1H 0M 0S,6471,4
483.44390617922073,7419.109308618925,2022-11-24T19:12:00Z,1H 0M 0S,6471,4
483.19791874948567,7418.905491098011,2022-11-24T20:12:00Z,1H 0M 0S,6471,4
482.8061427350606,7418.8001319248315,2022-11-24T21:12:00Z,1H 0M 0S,6471,4
482.80065774966323,7418.923104738942,2022-11-24T22:12:00Z,1H 0M 0S,6471,4
482.42731626947494,7419.244828612542,2022-11-24T23:12:00Z,1H 0M 0S,6471,4
481.76217977361915,7419.506583210554,2022-11-25T00:12:00Z,1H 0M 0S,6471,4
481.59603920997233,7419.960445913379,2022-11-25T01:12:00Z,1H 0M 0S,6471,4
481.68258100650394,7420.390385586928,2022-11-25T02:12:00Z,1H 0M 0S,6471,4
480.9317382350227,7420.963316770929,2022-11-25T03:12:00Z,1H 0M 0S,6471,4
480.9149392810024,7420.967881835181,2022-11-25T04:12:00Z,1H 0M 0S,6471,4
480.8283057294378,7420.819433633319,2022-11-25T05:12:00Z,1H 0M 0S,6471,4
480.5773562299659,7420.747602275736,2022-11-25T06:12:00Z,1H 0M 0S,6471,4
480.5214834631489,7420.695623009242,2022-11-25T07:12:00Z,1H 0M 0S,6471,4
480.46421157364875,7420.660291949892,2022-11-25T08:12:00Z,1H 0M 0S,6471,4
479.65844371832,7420.914149878111,2022-11-25T09:12:00Z,1H 0M 0S,6471,4
479.44812978702646,7421.044211810914,2022-11-25T10:12:00Z,1H 0M 0S,6471,4
479.75110614410113,7421.052039001278,2022-11-25T11:12:00Z,1H 0M 0S,6471,4
480.1994715576666,7421.496744017376,2022-11-25T12:12:00Z,1H 0M 0S,6471,4
481.5523349357103,7420.664902821612,2022-11-25T13:12:00Z,1H 0M 0S,6471,4
481.6740473767182,7420.409973189623,2022-11-25T14:12:00Z,1H 0M 0S,6471,4
481.77420536402644,7420.28814806595,2022-11-25T15:12:00Z,1H 0M 0S,6471,4
481.797919097313,7420.106022868988,2022-11-25T16:12:00Z,1H 0M 0S,6471,4
481.8502766493687,7419.326174996463,2022-11-25T17:12:00Z,1H 0M 0S,6471,4
481.97362226768354,7419.517448879495,2022-11-25T18:12:00Z,1H 0M 0S,6471,4
482.1168487145825,7419.676327189641,2022-11-25T19:12:00Z,1H 0M 0S,6471,4
482.9037836035939,7420.759488230843,2022-11-25T20:12:00Z,1H 0M 0S,6471,4
482.985201932612,7420.84034845122,2022-11-25T21:12:00Z,1H 0M 0S,6471,4
484.0317054488268,7420.928785672678,2022-11-25T22:12:00Z,1H 0M 0S,6471,4
484.47703802579684,7419.839275379036,2022-11-25T23:12:00Z,1H 0M 0S,6471,4
484.4870646555252,7419.779882444194,2022-11-26T00:12:00Z,1H 0M 0S,6471,4
484.53807856996133,7419.766123875934,2022-11-26T01:12:00Z,1H 0M 0S,6471,4
485.24111948555134,7419.426182380581,2022-11-26T02:12:00Z,1H 0M 0S,6471,4
486.60054795302096,7418.876153656857,2022-11-26T03:12:00Z,1H 0M 0S,6471,4
486.4013190955496,7418.772119375616,2022-11-26T04:12:00Z,1H 0M 0S,6471,4
485.75277419251546,7418.570309251235,2022-11-26T05:12:00Z,1H 0M 0S,6471,4
485.5935545936852,7418.378004675344,2022-11-26T06:12:00Z,1H 0M 0S,6471,4
485.55989804709856,7418.290534576482,2022-11-26T07:12:00Z,1H 0M 0S,6471,4
485.44733455675765,7418.214565326116,2022-11-26T08:12:00Z,1H 0M 0S,6471,4
485.1926828936408,7418.084141495869,2022-11-26T09:12:00Z,1H 0M 0S,6471,4
485.09657471252734,7417.943002444797,2022-11-26T10:12:00Z,1H 0M 0S,6471,4
484.5107093022578,7417.3662409050485,2022-11-26T11:12:00Z,1H 0M 0S,6471,4
484.4710247544747,7417.10841080552,2022-11-26T12:12:00Z,1H 0M 0S,6471,4
484.534787545358,7416.936776489877,2022-11-26T13:12:00Z,1H 0M 0S,6471,4
485.3408111929708,7416.847587185848,2022-11-26T14:12:00Z,1H 0M 0S,6471,4
485.5038204509462,7416.551139033474,2022-11-26T15:12:00Z,1H 0M 0S,6471,4
485.5481708371288,7416.41587869337,2022-11-26T16:12:00Z,1H 0M 0S,6471,4
485.1558954577753,7416.40092101185,2022-11-26T17:12:00Z,1H 0M 0S,6471,4
483.6686562237276,7416.107777695547,2022-11-26T18:12:00Z,1H 0M 0S,6471,4
483.636393704406,7416.316957830952,2022-11-26T19:12:00Z,1H 0M 0S,6471,4
483.2680397179021,7416.41906389101,2022-11-26T20:12:00Z,1H 0M 0S,6471,4
482.808934464164,7415.71050000387,2022-11-26T21:12:00Z,1H 0M 0S,6471,4
482.5114715017209,7415.23983341813,2022-11-26T22:12:00Z,1H 0M 0S,6471,4
482.4585087888337,7415.46269062477,2022-11-26T23:12:00Z,1H 0M 0S,6471,4
482.46853157482747,7415.465056837547,2022-11-27T00:12:00Z,1H 0M 0S,6471,4
482.95442032237804,7415.800589014187,2022-11-27T01:12:00Z,1H 0M 0S,6471,4
483.89040971826597,7415.91629501606,2022-11-27T02:12:00Z,1H 0M 0S,6471,4
485.03255359857644,7415.318620509672,2022-11-27T03:12:00Z,1H 0M 0S,6471,4
484.9116275510481,7415.30599064593,2022-11-27T04:12:00Z,1H 0M 0S,6471,4
484.4616740084221,7416.1631997021295,2022-11-27T05:12:00Z,1H 0M 0S,6471,4
484.0141228668494,7417.489654814285,2022-11-27T06:12:00Z,1H 0M 0S,6471,4
483.8016504238464,7417.590903689046,2022-11-27T07:12:00Z,1H 0M 0S,6471,4
483.8265666610409,7417.620026368361,2022-11-27T08:12:00Z,1H 0M 0S,6471,4
484.2979088347047,7417.649800015495,2022-11-27T09:12:00Z,1H 0M 0S,6471,4
484.6156466403264,7417.758878096684,2022-11-27T10:12:00Z,1H 0M 0S,6471,4
484.6172760243449,7417.752770449923,2022-11-27T11:12:00Z,1H 0M 0S,6471,4
485.14301491186427,7416.926815332214,2022-11-27T12:12:00Z,1H 0M 0S,6471,4
485.2680991913623,7417.0238874401175,2022-11-27T13:12:00Z,1H 0M 0S,6471,4
486.0707596562675,7416.812617809761,2022-11-27T14:12:00Z,1H 0M 0S,6471,4
486.07053168482946,7416.840574427093,2022-11-27T15:12:00Z,1H 0M 0S,6471,4
486.34491597638277,7417.261236141102,2022-11-27T16:12:00Z,1H 0M 0S,6471,4
486.6925081794095,7417.624560746853,2022-11-27T17:12:00Z,1H 0M 0S,6471,4
486.8102620960567,7417.596241805241,2022-11-27T18:12:00Z,1H 0M 0S,6471,4
487.2422427830424,7418.021949529738,2022-11-27T19:12:00Z,1H 0M 0S,6471,4
487.1436380794347,7418.630957390608,2022-11-27T20:12:00Z,1H 0M 0S,6471,4
488.11903434485845,7418.906953927913,2022-11-27T21:12:00Z,1H 0M 0S,6471,4
488.0790099936902,7419.031894686806,2022-11-27T22:12:00Z,1H 0M 0S,6471,4
488.1147788768566,7419.065976123494,2022-11-27T23:12:00Z,1H 0M 0S,6471,4
488.4995412231084,7419.966142062864,2022-11-28T00:12:00Z,1H 0M 0S,6471,4
488.33443964954313,7420.007282592968,2022-11-28T01:12:00Z,1H 0M 0S,6471,4
488.08785386240993,7420.861964271079,2022-11-28T02:12:00Z,1H 0M 0S,6471,4
488.0140482215421,7420.923934394917,2022-11-28T03:12:00Z,1H 0M 0S,6471,4
488.3209148622177,7420.818652420551,2022-11-28T04:12:00Z,1H 0M 0S,6471,4
488.3437983921754,7420.804202446568,2022-11-28T05:12:00Z,1H 0M 0S,6471,4
488.8436166998677,7420.857440000549,2022-11-28T06:12:00Z,1H 0M 0S,6471,4
489.09037196098615,7420.786246320605,2022-11-28T07:12:00Z,1H 0M 0S,6471,4
489.9118664707758,7420.6606069648815,2022-11-28T08:12:00Z,1H 0M 0S,6471,4
490.0319265864444,7421.356109803014,2022-11-28T09:12:00Z,1H 0M 0S,6471,4
490.0547419370658,7421.945950918385,2022-11-28T10:12:00Z,1H 0M 0S,6471,4
490.1776498746164,7422.221353157827,2022-11-28T11:12:00Z,1H 0M 0S,6471,4
490.18411512397483,7422.207754825431,2022-11-28T12:12:00Z,1H 0M 0S,6471,4
489.7945713471033,7425.471795329452,2022-11-28T13:12:00Z,1H 0M 0S,6471,4
490.4173745012267,7425.815352556609,2022-11-28T14:12:00Z,1H 0M 0S,6471,4
490.43887866792704,7425.804552895476,2022-11-28T15:12:00Z,1H 0M 0S,6471,4
491.90255540761893,7425.866504951938,2022-11-28T16:12:00Z,1H 0M 0S,6471,4
492.166963701195,7426.94078179746,2022-11-28T17:12:00Z,1H 0M 0S,6471,4
492.615009383241,7428.330161953831,2022-11-28T18:12:00Z,1H 0M 0S,6471,4
493.6555671734195,7428.706863969759,2022-11-28T19:12:00Z,1H 0M 0S,6471,4
494.7019544207357,7428.517884701299,2022-11-28T20:12:00Z,1H 0M 0S,6471,4
495.15692996428663,7428.213791887278,2022-11-28T21:12:00Z,1H 0M 0S,6471,4
495.23388862039627,7428.128483667535,2022-11-28T22:12:00Z,1H 0M 0S,6471,4
495.3017672461872,7428.019350588097,2022-11-28T23:12:00Z,1H 0M 0S,6471,4
496.09145013227186,7427.450249254407,2022-11-29T00:12:00Z,1H 0M 0S,6471,4
496.6236146943396,7427.44644031867,2022-11-29T01:12:00Z,1H 0M 0S,6471,4
496.02169272213774,7427.453554199077,2022-11-29T02:12:00Z,1H 0M 0S,6471,4
496.1290117265213,7427.308746812824,2022-11-29T03:12:00Z,1H 0M 0S,6471,4
496.278832734039,7427.239295754843,2022-11-29T04:12:00Z,1H 0M 0S,6471,4
496.37004585666153,7427.289885461965,2022-11-29T05:12:00Z,1H 0M 0S,6471,4
496.6404666324456,7427.61929491058,2022-11-29T06:12:00Z,1H 0M 0S,6471,4
496.45485440700423,7428.014821826044,2022-11-29T07:12:00Z,1H 0M 0S,6471,4
496.9745123712602,7428.237275182073,2022-11-29T08:12:00Z,1H 0M 0S,6471,4
498.0426734557743,7427.720100565157,2022-11-29T09:12:00Z,1H 0M 0S,6471,4
498.51970550464677,7427.262930624883,2022-11-29T10:12:00Z,1H 0M 0S,6471,4
498.5749053363654,7427.341079312938,2022-11-29T11:12:00Z,1H 0M 0S,6471,4
498.69950784515953,7427.691288509485,2022-11-29T12:12:00Z,1H 0M 0S,6471,4
498.0192932118418,7428.256756869304,2022-11-29T13:12:00Z,1H 0M 0S,6471,4
498.1468788560682,7428.187330789374,2022-11-29T14:12:00Z,1H 0M 0S,6471,4
498.2706070817485,7427.839809808906,2022-11-29T15:12:00Z,1H 0M 0S,6471,4
498.6982713796254,7427.612348312271,2022-11-29T16:12:00Z,1H 0M 0S,6471,4
498.7388925431288,7427.622675578226,2022-11-29T17:12:00Z,1H 0M 0S,6471,4
498.73267574376825,7427.596295529779,2022-11-29T18:12:00Z,1H 0M 0S,6471,4
498.4727814186941,7427.376729494997,2022-11-29T19:12:00Z,1H 0M 0S,6471,4
498.09168267385434,7426.694812005071,2022-11-29T20:12:00Z,1H 0M 0S,6471,4
497.65830327176167,7426.382512390417,2022-11-29T21:12:00Z,1H 0M 0S,6471,4
496.5976967284619,7426.368231397136,2022-11-29T22:12:00Z,1H 0M 0S,6471,4
496.2682343838424,7426.40337447257,2022-11-29T23:12:00Z,1H 0M 0S,6471,4
496.2159902602261,7426.3849300856755,2022-11-30T00:12:00Z,1H 0M 0S,6471,4
494.694124667607,7427.6192974228625,2022-11-30T01:12:00Z,1H 0M 0S,6471,4
494.05510191797254,7427.168501942473,2022-11-30T02:12:00Z,1H 0M 0S,6471,4
492.5698543409199,7427.296144592403,2022-11-30T03:12:00Z,1H 0M 0S,6471,4
490.9112755681964,7427.22601080651,2022-11-30T04:12:00Z,1H 0M 0S,6471,4
490.87293393219585,7427.737173869205,2022-11-30T05:12:00Z,1H 0M 0S,6471,4
490.7949993499995,7427.7909970822675,2022-11-30T06:12:00Z,1H 0M 0S,6471,4
490.8254429226155,7430.180515917633,2022-11-30T07:12:00Z,1H 0M 0S,6471,4
490.6331433413917,7430.658671610597,2022-11-30T08:12:00Z,1H 0M 0S,6471,4
490.3363226618807,7430.949025347988,2022-11-30T09:12:00Z,1H 0M 0S,6471,4
490.29610365610824,7431.003515349713,2022-11-30T10:12:00Z,1H 0M 0S,6471,4
490.22496098774,7431.025867411446,2022-11-30T11:12:00Z,1H 0M 0S,6471,4
490.1899436062475,7431.025207772098,2022-11-30T12:12:00Z,1H 0M 0S,6471,4
490.0986893874112,7430.943846444515,2022-11-30T13:12:00Z,1H 0M 0S,6471,4
488.9214408161263,7429.708180745862,2022-11-30T14:12:00Z,1H 0M 0S,6471,4
488.30128552962844,7428.749322393819,2022-11-30T15:12:00Z,1H 0M 0S,6471,4
488.3240703504462,7428.431335519822,2022-11-30T16:12:00Z,1H 0M 0S,6471,4
487.40734102737565,7428.821639928756,2022-11-30T17:12:00Z,1H 0M 0S,6471,4
486.59441245526926,7429.204801496349,2022-11-30T18:12:00Z,1H 0M 0S,6471,4
486.4838234438932,7428.956441375959,2022-11-30T19:12:00Z,1H 0M 0S,6471,4
484.81301483863706,7427.810527468467,2022-11-30T20:12:00Z,1H 0M 0S,6471,4
485.65457544195743,7426.805179351109,2022-11-30T21:12:00Z,1H 0M 0S,6471,4
485.8481772281056,7426.464974081419,2022-11-30T22:12:00Z,1H 0M 0S,6471,4
485.92434049279365,7426.142974814219,2022-11-30T23:12:00Z,1H 0M 0S,6471,4
485.87724479909065,7426.009191492012,2022-12-01T00:12:00Z,1H 0M 0S,6471,4
485.74727842940734,7425.26842857491,2022-12-01T01:12:00Z,1H 0M 0S,6471,4
485.7740995027249,7425.160417583039,2022-12-01T02:12:00Z,1H 0M 0S,6471,4
486.4665839248015,7424.89585713211,2022-12-01T03:12:00Z,1H 0M 0S,6471,4
487.78696312427593,7423.98919547269,2022-12-01T04:12:00Z,1H 0M 0S,6471,4
488.06853315294387,7423.90038377281,2022-12-01T05:12:00Z,1H 0M 0S,6471,4
489.14259642122113,7422.804160367711,2022-12-01T06:12:00Z,1H 0M 0S,6471,4
489.2717135349603,7422.781751804501,2022-12-01T07:12:00Z,1H 0M 0S,6471,4
489.3088422399632,7422.805524482918,2022-12-01T08:12:00Z,1H 0M 0S,6471,4
489.83452362693356,7422.059826678281,2022-12-01T09:12:00Z,1H 0M 0S,6471,4
490.17513648714913,7423.503462469588,2022-12-01T10:12:00Z,1H 0M 0S,6471,4
490.17804662459156,7423.521122247715,2022-12-01T11:12:00Z,1H 0M 0S,6471,4
489.9712236787482,7423.664388463991,2022-12-01T12:12:00Z,1H 0M 0S,6471,4
489.2236757961295,7424.089601886248,2022-12-01T13:12:00Z,1H 0M 0S,6471,4
488.6091046624209,7424.053464266473,2022-12-01T14:12:00Z,1H 0M 0S,6471,4
488.3358196928918,7424.039958155233,2022-12-01T15:12:00Z,1H 0M 0S,6471,4
488.30961572158776,7423.995458864392,2022-12-01T16:12:00Z,1H 0M 0S,6471,4
487.78522603509674,7423.24297923898,2022-12-01T17:12:00Z,1H 0M 0S,6471,4
487.49425477348757,7422.542903724998,2022-12-01T18:12:00Z,1H 0M 0S,6471,4
487.5060906575152,7422.516833208578,2022-12-01T19:12:00Z,1H 0M 0S,6471,4
487.24098812233024,7422.265406773585,2022-12-01T20:12:00Z,1H 0M 0S,6471,4
487.33695752311155,7421.966612637389,2022-12-01T21:12:00Z,1H 0M 0S,6471,4
487.2074607353476,7421.538173065941,2022-12-01T22:12:00Z,1H 0M 0S,6471,4
487.0264019356566,7421.581498743857,2022-12-01T23:12:00Z,1H 0M 0S,6471,4
486.6236475865748,7421.580694276216,2022-12-02T00:12:00Z,1H 0M 0S,6471,4
486.5647134671005,7422.170669296604,2022-12-02T01:12:00Z,1H 0M 0S,6471,4
486.49740135227955,7422.216859156819,2022-12-02T02:12:00Z,1H 0M 0S,6471,4
486.0291045225813,7422.2163364555845,2022-12-02T03:12:00Z,1H 0M 0S,6471,4
485.9676956784,7421.7191712906,2022-12-02T04:12:00Z,1H 0M 0S,6471,4
486.0497644460986,7420.251664413343,2022-12-02T05:12:00Z,1H 0M 0S,6471,4
484.10268046364774,7417.443102455261,2022-11-23T21:12:00Z,1H 0M 0S,6471,5
484.1893332258644,7417.516774425261,2022-11-23T22:12:00Z,1H 0M 0S,6471,5
484.3525255297885,7417.628259836575,2022-11-23T23:12:00Z,1H 0M 0S,6471,5
485.26386082156597,7417.874274379218,2022-11-24T00:12:00Z,1H 0M 0S,6471,5
486.3194549669837,7418.000410301875,2022-11-24T01:12:00Z,1H 0M 0S,6471,5
486.7959982280811,7418.105437550711,2022-11-24T02:12:00Z,1H 0M 0S,6471,5
486.92484424467557,7418.805440013573,2022-11-24T03:12:00Z,1H 0M 0S,6471,5
486.7438212453133,7419.216617469982,2022-11-24T04:12:00Z,1H 0M 0S,6471,5
487.0439461649255,7419.571037944732,2022-11-24T05:12:00Z,1H 0M 0S,6471,5
487.19632508280586,7419.674108283103,2022-11-24T06:12:00Z,1H 0M 0S,6471,5
487.20374430182335,7419.484997000005,2022-11-24T07:12:00Z,1H 0M 0S,6471,5
487.1287387363467,7419.312298544294,2022-11-24T08:12:00Z,1H 0M 0S,6471,5
487.26115045872666,7419.03760826177,2022-11-24T09:12:00Z,1H 0M 0S,6471,5
487.4819193089391,7418.5665504803965,2022-11-24T10:12:00Z,1H 0M 0S,6471,5
488.31195213260236,7418.745159619409,2022-11-24T11:12:00Z,1H 0M 0S,6471,5
488.511594009374,7419.0374176057085,2022-11-24T12:12:00Z,1H 0M 0S,6471,5
488.8576212233174,7418.501757397743,2022-11-24T13:12:00Z,1H 0M 0S,6471,5
488.988147588637,7418.608604640893,2022-11-24T14:12:00Z,1H 0M 0S,6471,5
489.0011952343043,7418.649677983406,2022-11-24T15:12:00Z,1H 0M 0S,6471,5
489.01686767795786,7418.6227766014945,2022-11-24T16:12:00Z,1H 0M 0S,6471,5
489.3628723816037,7418.561986911931,2022-11-24T17:12:00Z,1H 0M 0S,6471,5
489.466794213294,7418.41038808394,2022-11-24T18:12:00Z,1H 0M 0S,6471,5
489.8917593829756,7418.266731424583,2022-11-24T19:12:00Z,1H 0M 0S,6471,5
489.8914972127779,7418.190060604983,2022-11-24T20:12:00Z,1H 0M 0S,6471,5
490.21235801749503,7418.053989759746,2022-11-24T21:12:00Z,1H 0M 0S,6471,5
490.2528162500317,7417.941900738799,2022-11-24T22:12:00Z,1H 0M 0S,6471,5
490.64149731451613,7417.367075614557,2022-11-24T23:12:00Z,1H 0M 0S,6471,5
490.58445575466374,7418.878437562604,2022-11-25T00:12:00Z,1H 0M 0S,6471,5
490.74259197025617,7419.052480013227,2022-11-25T01:12:00Z,1H 0M 0S,6471,5
490.94994351740456,7419.253632844936,2022-11-25T02:12:00Z,1H 0M 0S,6471,5
491.82898168643976,7419.027718509307,2022-11-25T03:12:00Z,1H 0M 0S,6471,5
491.99988710781747,7419.271841216004,2022-11-25T04:12:00Z,1H 0M 0S,6471,5
492.39325885775787,7419.684880862958,2022-11-25T05:12:00Z,1H 0M 0S,6471,5
492.4769526858213,7419.755864531967,2022-11-25T06:12:00Z,1H 0M 0S,6471,5
492.5398109535006,7420.55068228087,2022-11-25T07:12:00Z,1H 0M 0S,6471,5
492.5949830673396,7420.62435933403,2022-11-25T08:12:00Z,1H 0M 0S,6471,5
492.7484605863785,7420.853917322845,2022-11-25T09:12:00Z,1H 0M 0S,6471,5
493.7373387126173,7420.86679599944,2022-11-25T10:12:00Z,1H 0M 0S,6471,5
493.90049924320016,7420.594058653262,2022-11-25T11:12:00Z,1H 0M 0S,6471,5
493.35602497737017,7420.350234392516,2022-11-25T12:12:00Z,1H 0M 0S,6471,5
493.5628350287522,7419.594882138929,2022-11-25T13:12:00Z,1H 0M 0S,6471,5
493.56531902864396,7419.543359433205,2022-11-25T14:12:00Z,1H 0M 0S,6471,5
493.9082866512581,7419.591581947131,2022-11-25T15:12:00Z,1H 0M 0S,6471,5
494.18459292292147,7420.115145306382,2022-11-25T16:12:00Z,1H 0M 0S,6471,5
494.23291172663767,7420.155449165757,2022-11-25T17:12:00Z,1H 0M 0S,6471,5
494.33149044098076,7420.2765687637375,2022-11-25T18:12:00Z,1H 0M 0S,6471,5
494.33174650002314,7420.277863838989,2022-11-25T19:12:00Z,1H 0M 0S,6471,5
493.9558657124272,7420.934230866466,2022-11-25T20:12:00Z,1H 0M 0S,6471,5
493.8334566941074,7421.254874644582,2022-11-25T21:12:00Z,1H 0M 0S,6471,5
493.8465295198333,7421.179856246453,2022-11-25T22:12:00Z,1H 0M 0S,6471,5
494.9547282159217,7420.869877777742,2022-11-25T23:12:00Z,1H 0M 0S,6471,5
495.1915481100947,7420.874263381863,2022-11-26T00:12:00Z,1H 0M 0S,6471,5
495.2905399500042,7420.778466818052,2022-11-26T01:12:00Z,1H 0M 0S,6471,5
495.1748466143605,7419.697048846743,2022-11-26T02:12:00Z,1H 0M 0S,6471,5
495.1314360924329,7419.180525098949,2022-11-26T03:12:00Z,1H 0M 0S,6471,5
494.79600436716635,7418.224611902183,2022-11-26T04:12:00Z,1H 0M 0S,6471,5
494.544921774677,7418.113566372388,2022-11-26T05:12:00Z,1H 0M 0S,6471,5
494.12629682092796,7418.015736539102,2022-11-26T06:12:00Z,1H 0M 0S,6471,5
493.9275785580794,7417.97292865911,2022-11-26T07:12:00Z,1H 0M 0S,6471,5
493.8057640348679,7417.984442954028,2022-11-26T08:12:00Z,1H 0M 0S,6471,5
493.54089140288,7418.099879857327,2022-11-26T09:12:00Z,1H 0M 0S,6471,5
492.9814762984175,7418.077726657291,2022-11-26T10:12:00Z,1H 0M 0S,6471,5
492.49188539841845,7417.887212287634,2022-11-26T11:12:00Z,1H 0M 0S,6471,5
490.9449263318854,7418.821850827085,2022-11-26T12:12:00Z,1H 0M 0S,6471,5
490.9264021120935,7418.809867307161,2022-11-26T13:12:00Z,1H 0M 0S,6471,5
490.8821174686915,7418.793494640181,2022-11-26T14:12:00Z,1H 0M 0S,6471,5
490.9335794442544,7418.65771372892,2022-11-26T15:12:00Z,1H 0M 0S,6471,5
491.83366085274616,7418.067033606458,2022-11-26T16:12:00Z,1H 0M 0S,6471,5
491.9430116201251,7418.09351985518,2022-11-26T17:12:00Z,1H 0M 0S,6471,5
492.07127519122326,7418.069830573807,2022-11-26T18:12:00Z,1H 0M 0S,6471,5
492.11365967701363,7418.044186488062,2022-11-26T19:12:00Z,1H 0M 0S,6471,5
492.87782892890505,7417.577591950503,2022-11-26T20:12:00Z,1H 0M 0S,6471,5
493.0873984661086,7417.007540552777,2022-11-26T21:12:00Z,1H 0M 0S,6471,5
493.3898670500504,7416.201792888734,2022-11-26T22:12:00Z,1H 0M 0S,6471,5
493.2116637068124,7415.893537068385,2022-11-26T23:12:00Z,1H 0M 0S,6471,5
493.0782718442231,7415.896784365321,2022-11-27T00:12:00Z,1H 0M 0S,6471,5
492.49514555130503,7416.510705315588,2022-11-27T01:12:00Z,1H 0M 0S,6471,5
492.6242024621546,7416.606346602595,2022-11-27T02:12:00Z,1H 0M 0S,6471,5
493.5053871996288,7417.124778920444,2022-11-27T03:12:00Z,1H 0M 0S,6471,5
493.3705470736306,7417.371930347397,2022-11-27T04:12:00Z,1H 0M 0S,6471,5
493.3719662029616,7417.373811353151,2022-11-27T05:12:00Z,1H 0M 0S,6471,5
493.4098445742495,7417.446448520743,2022-11-27T06:12:00Z,1H 0M 0S,6471,5
493.61479044170915,7417.415349878598,2022-11-27T07:12:00Z,1H 0M 0S,6471,5
495.3283067487237,7418.962087619864,2022-11-27T08:12:00Z,1H 0M 0S,6471,5
495.3352940235266,7418.971958725067,2022-11-27T09:12:00Z,1H 0M 0S,6471,5
495.3541409586179,7419.595842580574,2022-11-27T10:12:00Z,1H 0M 0S,6471,5
495.8127829374181,7419.553724085996,2022-11-27T11:12:00Z,1H 0M 0S,6471,5
497.7415343722259,7418.425715538517,2022-11-27T12:12:00Z,1H 0M 0S,6471,5
497.74036828043756,7418.419950659181,2022-11-27T13:12:00Z,1H 0M 0S,6471,5
499.355424768353,7418.4109523324805,2022-11-27T14:12:00Z,1H 0M 0S,6471,5
499.9449123844004,7418.535387563476,2022-11-27T15:12:00Z,1H 0M 0S,6471,5
503.3016974588388,7418.356608903469,2022-11-27T16:12:00Z,1H 0M 0S,6471,5
503.8382655490751,7418.709949286085,2022-11-27T17:12:00Z,1H 0M 0S,6471,5
504.0198841951422,7419.0703561420705,2022-11-27T18:12:00Z,1H 0M 0S,6471,5
503.8395810528833,7419.89252422682,2022-11-27T19:12:00Z,1H 0M 0S,6471,5
503.8473639400234,7419.892027360458,2022-11-27T20:12:00Z,1H 0M 0S,6471,5
503.6191506639952,7420.008867950602,2022-11-27T21:12:00Z,1H 0M 0S,6471,5
503.6090982483209,7420.036117796038,2022-11-27T22:12:00Z,1H 0M 0S,6471,5
503.59221262974995,7420.037497348781,2022-11-27T23:12:00Z,1H 0M 0S,6471,5
502.3351515473668,7421.287430236269,2022-11-28T00:12:00Z,1H 0M 0S,6471,5
502.27568569073816,7421.4143467293525,2022-11-28T01:12:00Z,1H 0M 0S,6471,5
500.98975967170276,7422.956674931949,2022-11-28T02:12:00Z,1H 0M 0S,6471,5
500.4272493459737,7422.708132355704,2022-11-28T03:12:00Z,1H 0M 0S,6471,5
500.4614177206439,7422.985568398588,2022-11-28T04:12:00Z,1H 0M 0S,6471,5
501.8284917575417,7423.52682125683,2022-11-28T05:12:00Z,1H 0M 0S,6471,5
501.8279942470989,7423.502366960036,2022-11-28T06:12:00Z,1H 0M 0S,6471,5
501.83489916747465,7423.198106938714,2022-11-28T07:12:00Z,1H 0M 0S,6471,5
502.32441013695114,7422.788835007041,2022-11-28T08:12:00Z,1H 0M 0S,6471,5
501.57744898455485,7423.660756291385,2022-11-28T09:12:00Z,1H 0M 0S,6471,5
501.5464831196491,7423.7440039306775,2022-11-28T10:12:00Z,1H 0M 0S,6471,5
501.65981277184363,7423.746560890178,2022-11-28T11:12:00Z,1H 0M 0S,6471,5
502.1346262676837,7424.028449805118,2022-11-28T12:12:00Z,1H 0M 0S,6471,5
502.47364099713076,7424.176527719651,2022-11-28T13:12:00Z,1H 0M 0S,6471,5
503.17306095878126,7424.622094180842,2022-11-28T14:12:00Z,1H 0M 0S,6471,5
503.36993672173054,7424.3420148037885,2022-11-28T15:12:00Z,1H 0M 0S,6471,5
503.2169515895516,7424.252156443669,2022-11-28T16:12:00Z,1H 0M 0S,6471,5
503.14876476441697,7424.167858941352,2022-11-28T17:12:00Z,1H 0M 0S,6471,5
503.09695128802025,7423.967930446485,2022-11-28T18:12:00Z,1H 0M 0S,6471,5
503.2698873754336,7423.902389305329,2022-11-28T19:12:00Z,1H 0M 0S,6471,5
503.29807704204467,7423.8601740382455,2022-11-28T20:12:00Z,1H 0M 0S,6471,5
503.3404778992352,7423.56263898222,2022-11-28T21:12:00Z,1H 0M 0S,6471,5
503.67031996367797,7423.401861356145,2022-11-28T22:12:00Z,1H 0M 0S,6471,5
503.80851831090075,7423.251376280947,2022-11-28T23:12:00Z,1H 0M 0S,6471,5
503.77036977691813,7423.277684532242,2022-11-29T00:12:00Z,1H 0M 0S,6471,5
503.7481984212303,7423.277696889303,2022-11-29T01:12:00Z,1H 0M 0S,6471,5
503.6852199580017,7423.232357745281,2022-11-29T02:12:00Z,1H 0M 0S,6471,5
503.1729128065228,7423.761611252725,2022-11-29T03:12:00Z,1H 0M 0S,6471,5
502.95338481669774,7423.956431652418,2022-11-29T04:12:00Z,1H 0M 0S,6471,5
502.88186003314195,7424.0129597853675,2022-11-29T05:12:00Z,1H 0M 0S,6471,5
502.71822170027997,7424.088191833908,2022-11-29T06:12:00Z,1H 0M 0S,6471,5
502.7867045622278,7423.594492295907,2022-11-29T07:12:00Z,1H 0M 0S,6471,5
502.7421060779977,7423.42249360531,2022-11-29T08:12:00Z,1H 0M 0S,6471,5
502.85454230193517,7423.371104463227,2022-11-29T09:12:00Z,1H 0M 0S,6471,5
503.2651805746685,7423.223977622321,2022-11-29T10:12:00Z,1H 0M 0S,6471,5
503.29101962717925,7423.781730148587,2022-11-29T11:12:00Z,1H 0M 0S,6471,5
503.1823451808748,7423.858880628381,2022-11-29T12:12:00Z,1H 0M 0S,6471,5
502.62530614652434,7424.288768270375,2022-11-29T13:12:00Z,1H 0M 0S,6471,5
502.6041169790383,7424.281671424556,2022-11-29T14:12:00Z,1H 0M 0S,6471,5
502.323927263675,7424.50505981521,2022-11-29T15:12:00Z,1H 0M 0S,6471,5
502.30183213071865,7423.638474340998,2022-11-29T16:12:00Z,1H 0M 0S,6471,5
502.2035477100957,7423.414766460667,2022-11-29T17:12:00Z,1H 0M 0S,6471,5
502.3213880570392,7423.213669075785,2022-11-29T18:12:00Z,1H 0M 0S,6471,5
502.30977602454317,7423.211263636126,2022-11-29T19:12:00Z,1H 0M 0S,6471,5
502.2238486925729,7423.1442305761,2022-11-29T20:12:00Z,1H 0M 0S,6471,5
502.0908786653811,7423.056155085255,2022-11-29T21:12:00Z,1H 0M 0S,6471,5
500.8284468698569,7422.862227819844,2022-11-29T22:12:00Z,1H 0M 0S,6471,5
501.11790776807453,7423.165301652665,2022-11-29T23:12:00Z,1H 0M 0S,6471,5
501.1652494132897,7423.143322687753,2022-11-30T00:12:00Z,1H 0M 0S,6471,5
501.44585780975797,7423.369840949665,2022-11-30T01:12:00Z,1H 0M 0S,6471,5
501.44362897877886,7423.365725171643,2022-11-30T02:12:00Z,1H 0M 0S,6471,5
501.4615467229463,7423.36867898549,2022-11-30T03:12:00Z,1H 0M 0S,6471,5
501.4938629600371,7423.368074818639,2022-11-30T04:12:00Z,1H 0M 0S,6471,5
502.2506156037324,7423.1285625590435,2022-11-30T05:12:00Z,1H 0M 0S,6471,5
502.27937349988815,7423.138955864786,2022-11-30T06:12:00Z,1H 0M 0S,6471,5
502.2921059852818,7423.130644817321,2022-11-30T07:12:00Z,1H 0M 0S,6471,5
502.2540385385486,7423.127399281481,2022-11-30T08:12:00Z,1H 0M 0S,6471,5
502.2462639996525,7423.132816652945,2022-11-30T09:12:00Z,1H 0M 0S,6471,5
501.8366503016881,7423.6231800864625,2022-11-30T10:12:00Z,1H 0M 0S,6471,5
501.9569215874903,7423.955116706408,2022-11-30T11:12:00Z,1H 0M 0S,6471,5
501.8690678420175,7424.787144025181,2022-11-30T12:12:00Z,1H 0M 0S,6471,5
501.66578272323,7425.22753875855,2022-11-30T13:12:00Z,1H 0M 0S,6471,5
501.58032266045285,7425.348082389505,2022-11-30T14:12:00Z,1H 0M 0S,6471,5
501.5626509696373,7425.357376407601,2022-11-30T15:12:00Z,1H 0M 0S,6471,5
501.3013079165592,7425.6079442979535,2022-11-30T16:12:00Z,1H 0M 0S,6471,5
500.47641104236624,7425.903527268222,2022-11-30T17:12:00Z,1H 0M 0S,6471,5
500.2230444835747,7426.044485473841,2022-11-30T18:12:00Z,1H 0M 0S,6471,5
500.2019163049357,7426.059870254746,2022-11-30T19:12:00Z,1H 0M 0S,6471,5
500.03191741230387,7426.230023081484,2022-11-30T20:12:00Z,1H 0M 0S,6471,5
499.9304932923264,7426.189690772874,2022-11-30T21:12:00Z,1H 0M 0S,6471,5
498.67616591120117,7427.326628245728,2022-11-30T22:12:00Z,1H 0M 0S,6471,5
498.45264842693894,7427.460222233081,2022-11-30T23:12:00Z,1H 0M 0S,6471,5
498.2769685805762,7427.479176041019,2022-12-01T00:12:00Z,1H 0M 0S,6471,5
498.2327102944836,7427.4932312358305,2022-12-01T01:12:00Z,1H 0M 0S,6471,5
497.9924752647548,7427.242057833019,2022-12-01T02:12:00Z,1H 0M 0S,6471,5
497.8662830343481,7427.0977150623885,2022-12-01T03:12:00Z,1H 0M 0S,6471,5
497.7010257351324,7426.846569662029,2022-12-01T04:12:00Z,1H 0M 0S,6471,5
497.5677726401886,7426.679276822304,2022-12-01T05:12:00Z,1H 0M 0S,6471,5
497.6855370689959,7426.392335125917,2022-12-01T06:12:00Z,1H 0M 0S,6471,5
497.67124109757344,7426.442146670384,2022-12-01T07:12:00Z,1H 0M 0S,6471,5
496.0506285519179,7428.5869979972185,2022-12-01T08:12:00Z,1H 0M 0S,6471,5
495.22074403592535,7429.1649378803895,2022-12-01T09:12:00Z,1H 0M 0S,6471,5
494.9394335458576,7429.092898111051,2022-12-01T10:12:00Z,1H 0M 0S,6471,5
494.7959935778931,7429.063827898631,2022-12-01T11:12:00Z,1H 0M 0S,6471,5
494.7373095415414,7428.964080374287,2022-12-01T12:12:00Z,1H 0M 0S,6471,5
494.4520662275324,7428.746170390214,2022-12-01T13:12:00Z,1H 0M 0S,6471,5
494.36348722645823,7428.431885629922,2022-12-01T14:12:00Z,1H 0M 0S,6471,5
494.4000480833948,7428.321962526818,2022-12-01T15:12:00Z,1H 0M 0S,6471,5
494.5581503500532,7428.287199652363,2022-12-01T16:12:00Z,1H 0M 0S,6471,5
494.4982597042853,7427.682746422587,2022-12-01T17:12:00Z,1H 0M 0S,6471,5
494.09298217590975,7427.4813683916645,2022-12-01T18:12:00Z,1H 0M 0S,6471,5
493.85105254806314,7427.553570322002,2022-12-01T19:12:00Z,1H 0M 0S,6471,5
492.84365843501905,7427.502243945857,2022-12-01T20:12:00Z,1H 0M 0S,6471,5
492.24289614835254,7426.830830897204,2022-12-01T21:12:00Z,1H 0M 0S,6471,5
492.09566420941024,7426.406222663564,2022-12-01T22:12:00Z,1H 0M 0S,6471,5
492.07976808121464,7425.850274852159,2022-12-01T23:12:00Z,1H 0M 0S,6471,5
491.42523564769715,7424.917922469172,2022-12-02T00:12:00Z,1H 0M 0S,6471,5
492.05187966370227,7424.127080841074,2022-12-02T01:12:00Z,1H 0M 0S,6471,5
492.29375378885544,7424.829411628384,2022-12-02T02:12:00Z,1H 0M 0S,6471,5
492.1752613739733,7424.910605219957,2022-12-02T03:12:00Z,1H 0M 0S,6471,5
489.8615831392371,7426.669624832928,2022-12-02T04:12:00Z,1H 0M 0S,6471,5
489.6103907052894,7426.613747414473,2022-12-02T05:12:00Z,1H 0M 0S,6471,5
484.10268046364774,7417.443102455261,2022-11-23T21:12:00Z,1H 0M 0S,6471,6
484.2698205426569,7417.908595751842,2022-11-23T22:12:00Z,1H 0M 0S,6471,6
484.28462353002647,7417.9354271708025,2022-11-23T23:12:00Z,1H 0M 0S,6471,6
484.1961699026092,7417.988980391805,2022-11-24T00:12:00Z,1H 0M 0S,6471,6
483.56926522580716,7416.475562959458,2022-11-24T01:12:00Z,1H 0M 0S,6471,6
482.6158207063959,7415.9051062935205,2022-11-24T02:12:00Z,1H 0M 0S,6471,6
482.77337311134966,7416.8555709844095,2022-11-24T03:12:00Z,1H 0M 0S,6471,6
482.4130317704882,7416.956139672659,2022-11-24T04:12:00Z,1H 0M 0S,6471,6
482.4068090382834,7416.961272566937,2022-11-24T05:12:00Z,1H 0M 0S,6471,6
482.40645320853787,7416.961192245491,2022-11-24T06:12:00Z,1H 0M 0S,6471,6
482.3180528496278,7417.085980824834,2022-11-24T07:12:00Z,1H 0M 0S,6471,6
481.7715388494144,7417.460874405249,2022-11-24T08:12:00Z,1H 0M 0S,6471,6
481.43558202854194,7417.8750816975435,2022-11-24T09:12:00Z,1H 0M 0S,6471,6
481.3572514387276,7418.055864717634,2022-11-24T10:12:00Z,1H 0M 0S,6471,6
479.07209071096634,7418.071156771042,2022-11-24T11:12:00Z,1H 0M 0S,6471,6
477.31303630886026,7417.730038919976,2022-11-24T12:12:00Z,1H 0M 0S,6471,6
477.28125278595206,7417.815667058553,2022-11-24T13:12:00Z,1H 0M 0S,6471,6
477.30560846742907,7417.832715783242,2022-11-24T14:12:00Z,1H 0M 0S,6471,6
477.32599434257514,7417.812085898595,2022-11-24T15:12:00Z,1H 0M 0S,6471,6
477.5552050422594,7416.66055008058,2022-11-24T16:12:00Z,1H 0M 0S,6471,6
477.4774267607767,7416.429966658933,2022-11-24T17:12:00Z,1H 0M 0S,6471,6
477.6203390038902,7416.387115647746,2022-11-24T18:12:00Z,1H 0M 0S,6471,6
477.92029475165623,7416.3554939628975,2022-11-24T19:12:00Z,1H 0M 0S,6471,6
477.49088654251887,7415.264314701652,2022-11-24T20:12:00Z,1H 0M 0S,6471,6
477.47989892347476,7415.242593802997,2022-11-24T21:12:00Z,1H 0M 0S,6471,6
477.4019813514057,7414.929396677744,2022-11-24T22:12:00Z,1H 0M 0S,6471,6
477.4147471239015,7414.903958644217,2022-11-24T23:12:00Z,1H 0M 0S,6471,6
477.46366283533166,7414.817516057829,2022-11-25T00:12:00Z,1H 0M 0S,6471,6
477.4760162823651,7414.810018020694,2022-11-25T01:12:00Z,1H 0M 0S,6471,6
477.8233577354502,7414.578221375888,2022-11-25T02:12:00Z,1H 0M 0S,6471,6
477.91762165697907,7414.54055004717,2022-11-25T03:12:00Z,1H 0M 0S,6471,6
477.91558224596196,7414.4815922460875,2022-11-25T04:12:00Z,1H 0M 0S,6471,6
477.78625146930995,7414.403982523964,2022-11-25T05:12:00Z,1H 0M 0S,6471,6
477.6237917133588,7414.0150095318195,2022-11-25T06:12:00Z,1H 0M 0S,6471,6
477.6354560791409,7413.990371334246,2022-11-25T07:12:00Z,1H 0M 0S,6471,6
477.6632239996762,7413.680987534475,2022-11-25T08:12:00Z,1H 0M 0S,6471,6
477.1501954673294,7413.438715437164,2022-11-25T09:12:00Z,1H 0M 0S,6471,6
477.14714875412915,7413.561755264995,2022-11-25T10:12:00Z,1H 0M 0S,6471,6
477.4407269129524,7414.448964345737,2022-11-25T11:12:00Z,1H 0M 0S,6471,6
477.45894389189897,7414.65782941717,2022-11-25T12:12:00Z,1H 0M 0S,6471,6
477.44751578788663,7414.689130391793,2022-11-25T13:12:00Z,1H 0M 0S,6471,6
477.40511395901444,7414.600203578905,2022-11-25T14:12:00Z,1H 0M 0S,6471,6
477.3924652535109,7414.606752223469,2022-11-25T15:12:00Z,1H 0M 0S,6471,6
476.68835200686726,7414.025680689222,2022-11-25T16:12:00Z,1H 0M 0S,6471,6
476.4013120381529,7414.203570070749,2022-11-25T17:12:00Z,1H 0M 0S,6471,6
476.1561586190742,7414.364149476133,2022-11-25T18:12:00Z,1H 0M 0S,6471,6
476.1449936664797,7414.366538668333,2022-11-25T19:12:00Z,1H 0M 0S,6471,6
475.9659752912464,7414.128791261927,2022-11-25T20:12:00Z,1H 0M 0S,6471,6
475.5785442797129,7414.230915491082,2022-11-25T21:12:00Z,1H 0M 0S,6471,6
475.372751374426,7414.421629160353,2022-11-25T22:12:00Z,1H 0M 0S,6471,6
475.17374677394645,7414.830183552913,2022-11-25T23:12:00Z,1H 0M 0S,6471,6
475.1639875075142,7414.838242320289,2022-11-26T00:12:00Z,1H 0M 0S,6471,6
474.99213234724914,7414.951761315207,2022-11-26T01:12:00Z,1H 0M 0S,6471,6
473.68535449410905,7415.911283030343,2022-11-26T02:12:00Z,1H 0M 0S,6471,6
473.68219628123734,7415.911819089081,2022-11-26T03:12:00Z,1H 0M 0S,6471,6
472.7495310544736,7415.961811154448,2022-11-26T04:12:00Z,1H 0M 0S,6471,6
472.64937119588495,7415.839985352063,2022-11-26T05:12:00Z,1H 0M 0S,6471,6
472.31820262478846,7414.579732802,2022-11-26T06:12:00Z,1H 0M 0S,6471,6
472.50168237297214,7414.232007465126,2022-11-26T07:12:00Z,1H 0M 0S,6471,6
472.60028380123714,7413.866341305447,2022-11-26T08:12:00Z,1H 0M 0S,6471,6
472.9147252850104,7413.050620920982,2022-11-26T09:12:00Z,1H 0M 0S,6471,6
472.8750324726231,7412.8937195364015,2022-11-26T10:12:00Z,1H 0M 0S,6471,6
473.8953755279112,7412.549691766793,2022-11-26T11:12:00Z,1H 0M 0S,6471,6
473.98717578536895,7412.772868126974,2022-11-26T12:12:00Z,1H 0M 0S,6471,6
475.1054261813637,7413.611065806721,2022-11-26T13:12:00Z,1H 0M 0S,6471,6
475.64887010964725,7414.236874568421,2022-11-26T14:12:00Z,1H 0M 0S,6471,6
475.68194666554007,7414.353424518888,2022-11-26T15:12:00Z,1H 0M 0S,6471,6
476.04450776761524,7414.805083918617,2022-11-26T16:12:00Z,1H 0M 0S,6471,6
476.3182439640006,7415.085268784392,2022-11-26T17:12:00Z,1H 0M 0S,6471,6
476.38982614031556,7415.161495025712,2022-11-26T18:12:00Z,1H 0M 0S,6471,6
476.39133787207675,7415.327635662695,2022-11-26T19:12:00Z,1H 0M 0S,6471,6
475.87069023691225,7415.849034857304,2022-11-26T20:12:00Z,1H 0M 0S,6471,6
474.5783265203859,7416.2326035013075,2022-11-26T21:12:00Z,1H 0M 0S,6471,6
473.6572260736752,7416.0168740382505,2022-11-26T22:12:00Z,1H 0M 0S,6471,6
473.63170468305964,7415.993061116136,2022-11-26T23:12:00Z,1H 0M 0S,6471,6
472.5520521078865,7416.627061199206,2022-11-27T00:12:00Z,1H 0M 0S,6471,6
470.60865773022755,7416.03381667145,2022-11-27T01:12:00Z,1H 0M 0S,6471,6
470.3309916358856,7415.874767971813,2022-11-27T02:12:00Z,1H 0M 0S,6471,6
470.31033778763,7415.821429744317,2022-11-27T03:12:00Z,1H 0M 0S,6471,6
470.8850096316302,7415.158416623524,2022-11-27T04:12:00Z,1H 0M 0S,6471,6
470.87786140664,7415.122067829137,2022-11-27T05:12:00Z,1H 0M 0S,6471,6
470.86160762630607,7415.108826043533,2022-11-27T06:12:00Z,1H 0M 0S,6471,6
469.793801791316,7414.871396575082,2022-11-27T07:12:00Z,1H 0M 0S,6471,6
468.39320859722574,7416.556702859916,2022-11-27T08:12:00Z,1H 0M 0S,6471,6
468.00752936982707,7416.042083391151,2022-11-27T09:12:00Z,1H 0M 0S,6471,6
467.88073115241593,7415.601168065627,2022-11-27T10:12:00Z,1H 0M 0S,6471,6
467.6540027116545,7415.1693902415955,2022-11-27T11:12:00Z,1H 0M 0S,6471,6
465.9337362688077,7413.213405136455,2022-11-27T12:12:00Z,1H 0M 0S,6471,6
465.9510809201848,7413.180061765448,2022-11-27T13:12:00Z,1H 0M 0S,6471,6
466.00363920032356,7412.988365480217,2022-11-27T14:12:00Z,1H 0M 0S,6471,6
466.0304734413144,7412.977682380822,2022-11-27T15:12:00Z,1H 0M 0S,6471,6
466.26248972856837,7412.639798322452,2022-11-27T16:12:00Z,1H 0M 0S,6471,6
466.35702196550403,7412.630898388917,2022-11-27T17:12:00Z,1H 0M 0S,6471,6
466.3691252663491,7412.690648362134,2022-11-27T18:12:00Z,1H 0M 0S,6471,6
466.429093502519,7412.467237536722,2022-11-27T19:12:00Z,1H 0M 0S,6471,6
466.84664215278616,7412.08918627697,2022-11-27T20:12:00Z,1H 0M 0S,6471,6
466.8677973177202,7412.071795824485,2022-11-27T21:12:00Z,1H 0M 0S,6471,6
466.8164801235507,7410.429021340374,2022-11-27T22:12:00Z,1H 0M 0S,6471,6
466.35595296203314,7409.389072896398,2022-11-27T23:12:00Z,1H 0M 0S,6471,6
466.21243078163,7409.614936333562,2022-11-28T00:12:00Z,1H 0M 0S,6471,6
466.1051504691237,7409.638996428441,2022-11-28T01:12:00Z,1H 0M 0S,6471,6
465.87300426516754,7409.090320185394,2022-11-28T02:12:00Z,1H 0M 0S,6471,6
465.9134311929064,7408.311728994548,2022-11-28T03:12:00Z,1H 0M 0S,6471,6
465.9857714577908,7408.162359063212,2022-11-28T04:12:00Z,1H 0M 0S,6471,6
466.14001979074163,7407.724893439715,2022-11-28T05:12:00Z,1H 0M 0S,6471,6
466.4864825564943,7407.116189269015,2022-11-28T06:12:00Z,1H 0M 0S,6471,6
466.45735849849405,7407.08745853619,2022-11-28T07:12:00Z,1H 0M 0S,6471,6
466.36927461001005,7406.938125555009,2022-11-28T08:12:00Z,1H 0M 0S,6471,6
466.0685921607414,7406.807132069899,2022-11-28T09:12:00Z,1H 0M 0S,6471,6
464.6557077032458,7406.325545113291,2022-11-28T10:12:00Z,1H 0M 0S,6471,6
464.9595603475914,7405.691543396218,2022-11-28T11:12:00Z,1H 0M 0S,6471,6
465.3022069442628,7404.463018859239,2022-11-28T12:12:00Z,1H 0M 0S,6471,6
465.13530289600334,7404.071816946349,2022-11-28T13:12:00Z,1H 0M 0S,6471,6
464.92043485414104,7403.7940318569345,2022-11-28T14:12:00Z,1H 0M 0S,6471,6
465.6324078784541,7403.403504419488,2022-11-28T15:12:00Z,1H 0M 0S,6471,6
467.3006230671497,7402.080206655724,2022-11-28T16:12:00Z,1H 0M 0S,6471,6
468.0267174295563,7401.555691022129,2022-11-28T17:12:00Z,1H 0M 0S,6471,6
468.03412054127494,7401.25890129095,2022-11-28T18:12:00Z,1H 0M 0S,6471,6
468.05313233898704,7401.17618029777,2022-11-28T19:12:00Z,1H 0M 0S,6471,6
467.9554474473205,7401.090848250856,2022-11-28T20:12:00Z,1H 0M 0S,6471,6
467.4297581538186,7400.53869259013,2022-11-28T21:12:00Z,1H 0M 0S,6471,6
467.1104005032005,7400.453069661959,2022-11-28T22:12:00Z,1H 0M 0S,6471,6
465.81459067685563,7399.883919714824,2022-11-28T23:12:00Z,1H 0M 0S,6471,6
465.8489280645418,7399.8395668941,2022-11-29T00:12:00Z,1H 0M 0S,6471,6
464.3165760543554,7398.959397420383,2022-11-29T01:12:00Z,1H 0M 0S,6471,6
462.21751120551767,7397.148232289648,2022-11-29T02:12:00Z,1H 0M 0S,6471,6
461.1516135302485,7396.776896168298,2022-11-29T03:12:00Z,1H 0M 0S,6471,6
461.0667863223012,7396.722293347241,2022-11-29T04:12:00Z,1H 0M 0S,6471,6
460.9040482698556,7396.756838621463,2022-11-29T05:12:00Z,1H 0M 0S,6471,6
460.8724069276909,7396.7109336803205,2022-11-29T06:12:00Z,1H 0M 0S,6471,6
460.7186416778942,7396.050834408566,2022-11-29T07:12:00Z,1H 0M 0S,6471,6
460.12130294099677,7396.428755516651,2022-11-29T08:12:00Z,1H 0M 0S,6471,6
460.04575162648774,7396.709167247146,2022-11-29T09:12:00Z,1H 0M 0S,6471,6
458.40789748545916,7398.200762309939,2022-11-29T10:12:00Z,1H 0M 0S,6471,6
458.47468822526116,7398.5752176031565,2022-11-29T11:12:00Z,1H 0M 0S,6471,6
458.4483783374572,7399.150100485008,2022-11-29T12:12:00Z,1H 0M 0S,6471,6
458.5115019206569,7399.266184475151,2022-11-29T13:12:00Z,1H 0M 0S,6471,6
458.335091780408,7399.675774638906,2022-11-29T14:12:00Z,1H 0M 0S,6471,6
458.3054536339,7399.645065172245,2022-11-29T15:12:00Z,1H 0M 0S,6471,6
457.50008225928497,7398.957698636518,2022-11-29T16:12:00Z,1H 0M 0S,6471,6
457.47299783197934,7398.916974291783,2022-11-29T17:12:00Z,1H 0M 0S,6471,6
457.5640136398304,7398.391619712465,2022-11-29T18:12:00Z,1H 0M 0S,6471,6
457.5650239820314,7398.369442802579,2022-11-29T19:12:00Z,1H 0M 0S,6471,6
458.06814141164324,7398.214504805725,2022-11-29T20:12:00Z,1H 0M 0S,6471,6
458.99025399237905,7397.9469177303135,2022-11-29T21:12:00Z,1H 0M 0S,6471,6
459.2547901837306,7397.7467199281045,2022-11-29T22:12:00Z,1H 0M 0S,6471,6
456.9317986359159,7396.394239591956,2022-11-29T23:12:00Z,1H 0M 0S,6471,6
456.22799813151653,7396.479263024742,2022-11-30T00:12:00Z,1H 0M 0S,6471,6
456.2024231331042,7396.493882415866,2022-11-30T01:12:00Z,1H 0M 0S,6471,6
456.12278961760654,7396.393999500436,2022-11-30T02:12:00Z,1H 0M 0S,6471,6
456.2146784807787,7396.390537524732,2022-11-30T03:12:00Z,1H 0M 0S,6471,6
459.09573390262227,7396.053699351306,2022-11-30T04:12:00Z,1H 0M 0S,6471,6
459.12982284886925,7396.09551018289,2022-11-30T05:12:00Z,1H 0M 0S,6471,6
459.63525250975994,7396.470923119533,2022-11-30T06:12:00Z,1H 0M 0S,6471,6
459.379955757678,7397.569905853733,2022-11-30T07:12:00Z,1H 0M 0S,6471,6
459.37976697890633,7397.570022825851,2022-11-30T08:12:00Z,1H 0M 0S,6471,6
459.19058752518146,7397.736991816657,2022-11-30T09:12:00Z,1H 0M 0S,6471,6
459.1966260577912,7397.75336331498,2022-11-30T10:12:00Z,1H 0M 0S,6471,6
459.332865739515,7397.919790057756,2022-11-30T11:12:00Z,1H 0M 0S,6471,6
459.3911586142597,7397.982270255116,2022-11-30T12:12:00Z,1H 0M 0S,6471,6
461.00830472672703,7400.898574671732,2022-11-30T13:12:00Z,1H 0M 0S,6471,6
461.72723026800696,7401.2589692020165,2022-11-30T14:12:00Z,1H 0M 0S,6471,6
461.89605720567073,7401.128584478264,2022-11-30T15:12:00Z,1H 0M 0S,6471,6
462.17593226266683,7400.862982103504,2022-11-30T16:12:00Z,1H 0M 0S,6471,6
462.71549462378283,7399.9370087371535,2022-11-30T17:12:00Z,1H 0M 0S,6471,6
463.7133541060361,7399.58699683508,2022-11-30T18:12:00Z,1H 0M 0S,6471,6
464.0700601553964,7399.326288096607,2022-11-30T19:12:00Z,1H 0M 0S,6471,6
464.4109559258898,7399.281069803585,2022-11-30T20:12:00Z,1H 0M 0S,6471,6
464.4019320538911,7398.9501750787495,2022-11-30T21:12:00Z,1H 0M 0S,6471,6
464.7977088607613,7399.147514884642,2022-11-30T22:12:00Z,1H 0M 0S,6471,6
464.8435271988335,7399.195315798604,2022-11-30T23:12:00Z,1H 0M 0S,6471,6
465.05593429477136,7399.333438630448,2022-12-01T00:12:00Z,1H 0M 0S,6471,6
465.36002378949826,7399.993128375405,2022-12-01T01:12:00Z,1H 0M 0S,6471,6
465.61394145030215,7400.02913479431,2022-12-01T02:12:00Z,1H 0M 0S,6471,6
465.51465458592946,7400.385763928023,2022-12-01T03:12:00Z,1H 0M 0S,6471,6
465.3716679962143,7400.43264786907,2022-12-01T04:12:00Z,1H 0M 0S,6471,6
466.2092814596872,7400.6696404294,2022-12-01T05:12:00Z,1H 0M 0S,6471,6
466.9762999369267,7401.1431590507855,2022-12-01T06:12:00Z,1H 0M 0S,6471,6
467.1036784546218,7401.196388957421,2022-12-01T07:12:00Z,1H 0M 0S,6471,6
467.31111008195205,7400.796104401926,2022-12-01T08:12:00Z,1H 0M 0S,6471,6
467.5182570590368,7400.628626905512,2022-12-01T09:12:00Z,1H 0M 0S,6471,6
467.70338679515396,7399.855366326919,2022-12-01T10:12:00Z,1H 0M 0S,6471,6
468.05312880424486,7399.839468225906,2022-12-01T11:12:00Z,1H 0M 0S,6471,6
468.57122685681844,7399.93485733873,2022-12-01T12:12:00Z,1H 0M 0S,6471,6
468.4870660515985,7399.982394479765,2022-12-01T13:12:00Z,1H 0M 0S,6471,6
468.4807591403366,7400.015654492252,2022-12-01T14:12:00Z,1H 0M 0S,6471,6
467.9361013299902,7400.053914853639,2022-12-01T15:12:00Z,1H 0M 0S,6471,6
467.9314058595706,7398.007120057758,2022-12-01T16:12:00Z,1H 0M 0S,6471,6
468.72836458614097,7397.510918032484,2022-12-01T17:12:00Z,1H 0M 0S,6471,6
469.3276530899072,7397.434125864362,2022-12-01T18:12:00Z,1H 0M 0S,6471,6
469.4003282040842,7397.300878143334,2022-12-01T19:12:00Z,1H 0M 0S,6471,6
469.47797947133404,7397.232268611023,2022-12-01T20:12:00Z,1H 0M 0S,6471,6
469.5270540968121,7397.197605136813,2022-12-01T21:12:00Z,1H 0M 0S,6471,6
469.6975533153687,7396.672826209062,2022-12-01T22:12:00Z,1H 0M 0S,6471,6
470.0429033275727,7396.359598978869,2022-12-01T23:12:00Z,1H 0M 0S,6471,6
470.97325480067315,7396.370737783913,2022-12-02T00:12:00Z,1H 0M 0S,6471,6
471.12079056918213,7396.317946382458,2022-12-02T01:12:00Z,1H 0M 0S,6471,6
472.10986329314,7395.830228870497,2022-12-02T02:12:00Z,1H 0M 0S,6471,6
472.14687206701893,7395.818762717156,2022-12-02T03:12:00Z,1H 0M 0S,6471,6
473.1631642290127,7396.878087131724,2022-12-02T04:12:00Z,1H 0M 0S,6471,6
473.2102116746672,7396.856941376282,2022-12-02T05:12:00Z,1H 0M 0S,6471,6
484.10268046364774,7417.443102455261,2022-11-23T21:12:00Z,1H 0M 0S,6471,7
484.13154997809323,7417.453615745675,2022-11-23T22:12:00Z,1H 0M 0S,6471,7
484.16163871288126,7417.433514779168,2022-11-23T23:12:00Z,1H 0M 0S,6471,7
483.9255056199843,7416.973982703315,2022-11-24T00:12:00Z,1H 0M 0S,6471,7
483.8342733270286,7416.622511047567,2022-11-24T01:12:00Z,1H 0M 0S,6471,7
483.9042640362825,7416.479286315827,2022-11-24T02:12:00Z,1H 0M 0S,6471,7
483.7985106922618,7414.723276804076,2022-11-24T03:12:00Z,1H 0M 0S,6471,7
483.7969811153244,7414.719204613218,2022-11-24T04:12:00Z,1H 0M 0S,6471,7
483.62584536852745,7414.731593826439,2022-11-24T05:12:00Z,1H 0M 0S,6471,7
482.9137386024919,7414.3347447622,2022-11-24T06:12:00Z,1H 0M 0S,6471,7
482.51741877149493,7414.478480914876,2022-11-24T07:12:00Z,1H 0M 0S,6471,7
482.3318860249659,7414.769207005473,2022-11-24T08:12:00Z,1H 0M 0S,6471,7
481.7603545119041,7414.902496467714,2022-11-24T09:12:00Z,1H 0M 0S,6471,7
480.26433311116295,7415.4607404557355,2022-11-24T10:12:00Z,1H 0M 0S,6471,7
480.2470159092628,7415.763704734233,2022-11-24T11:12:00Z,1H 0M 0S,6471,7
480.3049906459915,7415.902956946189,2022-11-24T12:12:00Z,1H 0M 0S,6471,7
479.8699265306458,7416.234825836334,2022-11-24T13:12:00Z,1H 0M 0S,6471,7
479.2666190113122,7415.522531841975,2022-11-24T14:12:00Z,1H 0M 0S,6471,7
478.1156447561874,7414.9810990967535,2022-11-24T15:12:00Z,1H 0M 0S,6471,7
478.14394452330083,7414.848502818483,2022-11-24T16:12:00Z,1H 0M 0S,6471,7
478.680938112074,7414.004905345139,2022-11-24T17:12:00Z,1H 0M 0S,6471,7
479.66249546276663,7413.570500498819,2022-11-24T18:12:00Z,1H 0M 0S,6471,7
479.8462784825279,7414.014656235336,2022-11-24T19:12:00Z,1H 0M 0S,6471,7
479.70018688602613,7414.0977048806835,2022-11-24T20:12:00Z,1H 0M 0S,6471,7
478.96015329919095,7414.6604319393045,2022-11-24T21:12:00Z,1H 0M 0S,6471,7
478.59267769132504,7415.108835898796,2022-11-24T22:12:00Z,1H 0M 0S,6471,7
478.4714019523922,7415.662698889621,2022-11-24T23:12:00Z,1H 0M 0S,6471,7
477.9443670531289,7415.871018644858,2022-11-25T00:12:00Z,1H 0M 0S,6471,7
477.7839056174192,7416.760684278783,2022-11-25T01:12:00Z,1H 0M 0S,6471,7
478.09568842851036,7416.788167920305,2022-11-25T02:12:00Z,1H 0M 0S,6471,7
478.5962349837987,7416.807546214207,2022-11-25T03:12:00Z,1H 0M 0S,6471,7
479.03607076946616,7416.295428872353,2022-11-25T04:12:00Z,1H 0M 0S,6471,7
479.4455761145363,7416.360642053044,2022-11-25T05:12:00Z,1H 0M 0S,6471,7
480.17894495141036,7416.058362908896,2022-11-25T06:12:00Z,1H 0M 0S,6471,7
480.83613119930254,7416.074872291814,2022-11-25T07:12:00Z,1H 0M 0S,6471,7
482.02087895219813,7417.749974801175,2022-11-25T08:12:00Z,1H 0M 0S,6471,7
482.0065331689267,7418.2294769153405,2022-11-25T09:12:00Z,1H 0M 0S,6471,7
481.1350737379906,7418.270595452593,2022-11-25T10:12:00Z,1H 0M 0S,6471,7
480.9964589465591,7418.1611192241935,2022-11-25T11:12:00Z,1H 0M 0S,6471,7
481.3471868157849,7417.446246704805,2022-11-25T12:12:00Z,1H 0M 0S,6471,7
480.8692215484378,7416.978109036422,2022-11-25T13:12:00Z,1H 0M 0S,6471,7
480.82338680922373,7416.953306381709,2022-11-25T14:12:00Z,1H 0M 0S,6471,7
480.7606001646864,7416.900816415057,2022-11-25T15:12:00Z,1H 0M 0S,6471,7
479.8497421164359,7416.57553531686,2022-11-25T16:12:00Z,1H 0M 0S,6471,7
479.71188717206354,7416.608990241012,2022-11-25T17:12:00Z,1H 0M 0S,6471,7
479.58493723604636,7416.689119995499,2022-11-25T18:12:00Z,1H 0M 0S,6471,7
479.5958140609818,7416.827743837465,2022-11-25T19:12:00Z,1H 0M 0S,6471,7
479.44343766205196,7417.159166770588,2022-11-25T20:12:00Z,1H 0M 0S,6471,7
479.33546707139453,7417.145291709065,2022-11-25T21:12:00Z,1H 0M 0S,6471,7
479.325726490063,7417.08003691037,2022-11-25T22:12:00Z,1H 0M 0S,6471,7
479.23205165911435,7417.201273472503,2022-11-25T23:12:00Z,1H 0M 0S,6471,7
478.71331336224756,7417.90289717356,2022-11-26T00:12:00Z,1H 0M 0S,6471,7
478.5723857710762,7418.536079533472,2022-11-26T01:12:00Z,1H 0M 0S,6471,7
478.4320232068469,7419.828170061811,2022-11-26T02:12:00Z,1H 0M 0S,6471,7
478.6556410409602,7419.80595607461,2022-11-26T03:12:00Z,1H 0M 0S,6471,7
479.4954011120675,7420.1674953102065,2022-11-26T04:12:00Z,1H 0M 0S,6471,7
479.7084285061369,7420.241084143912,2022-11-26T05:12:00Z,1H 0M 0S,6471,7
479.8036944672871,7420.234757211028,2022-11-26T06:12:00Z,1H 0M 0S,6471,7
479.80403649081165,7420.23478299444,2022-11-26T07:12:00Z,1H 0M 0S,6471,7
480.4464191475609,7420.4487927228965,2022-11-26T08:12:00Z,1H 0M 0S,6471,7
480.45393199378816,7420.58306283096,2022-11-26T09:12:00Z,1H 0M 0S,6471,7
480.6232500418094,7420.627674041558,2022-11-26T10:12:00Z,1H 0M 0S,6471,7
480.77535426584245,7420.780874755741,2022-11-26T11:12:00Z,1H 0M 0S,6471,7
481.075838994537,7420.869177359522,2022-11-26T12:12:00Z,1H 0M 0S,6471,7
480.5878427143743,7422.742869447399,2022-11-26T13:12:00Z,1H 0M 0S,6471,7
480.6913907090963,7422.513810788977,2022-11-26T14:12:00Z,1H 0M 0S,6471,7
480.7547668633561,7422.311406673424,2022-11-26T15:12:00Z,1H 0M 0S,6471,7
481.6334674972631,7422.797908397835,2022-11-26T16:12:00Z,1H 0M 0S,6471,7
484.6912996757004,7420.425457769312,2022-11-26T17:12:00Z,1H 0M 0S,6471,7
484.727256658131,7420.5831561107225,2022-11-26T18:12:00Z,1H 0M 0S,6471,7
484.7065149856628,7420.617671532525,2022-11-26T19:12:00Z,1H 0M 0S,6471,7
483.88692800190654,7420.284382402552,2022-11-26T20:12:00Z,1H 0M 0S,6471,7
483.78270440186355,7419.935297092031,2022-11-26T21:12:00Z,1H 0M 0S,6471,7
483.1266835719688,7418.568106956249,2022-11-26T22:12:00Z,1H 0M 0S,6471,7
482.98386576050615,7418.225499504922,2022-11-26T23:12:00Z,1H 0M 0S,6471,7
482.9508182990613,7418.1033966018185,2022-11-27T00:12:00Z,1H 0M 0S,6471,7
483.0098539653927,7418.038725889019,2022-11-27T01:12:00Z,1H 0M 0S,6471,7
483.08444125275946,7418.02093061345,2022-11-27T02:12:00Z,1H 0M 0S,6471,7
482.96075864257733,7418.171284255985,2022-11-27T03:12:00Z,1H 0M 0S,6471,7
482.99810313140983,7418.183843548552,2022-11-27T04:12:00Z,1H 0M 0S,6471,7
482.9735643824867,7418.399018264993,2022-11-27T05:12:00Z,1H 0M 0S,6471,7
482.9679708382735,7418.405827018733,2022-11-27T06:12:00Z,1H 0M 0S,6471,7
483.01466086133064,7418.41080532485,2022-11-27T07:12:00Z,1H 0M 0S,6471,7
483.22058662825214,7418.504824249474,2022-11-27T08:12:00Z,1H 0M 0S,6471,7
483.3369839023696,7418.475089328315,2022-11-27T09:12:00Z,1H 0M 0S,6471,7
483.70156781322675,7418.892579686522,2022-11-27T10:12:00Z,1H 0M 0S,6471,7
483.6640709879057,7418.847174731355,2022-11-27T11:12:00Z,1H 0M 0S,6471,7
483.45714271129555,7418.807748786387,2022-11-27T12:12:00Z,1H 0M 0S,6471,7
482.61957426352467,7417.111822186025,2022-11-27T13:12:00Z,1H 0M 0S,6471,7
482.63104687615703,7417.126517708963,2022-11-27T14:12:00Z,1H 0M 0S,6471,7
483.38124496321024,7417.797852354996,2022-11-27T15:12:00Z,1H 0M 0S,6471,7
483.35527765311764,7417.878898283256,2022-11-27T16:12:00Z,1H 0M 0S,6471,7
483.2080731413819,7418.561422146227,2022-11-27T17:12:00Z,1H 0M 0S,6471,7
483.2235626590066,7418.565805554188,2022-11-27T18:12:00Z,1H 0M 0S,6471,7
483.240367955277,7418.569805111985,2022-11-27T19:12:00Z,1H 0M 0S,6471,7
483.16390815709923,7418.971188079177,2022-11-27T20:12:00Z,1H 0M 0S,6471,7
483.935786808904,7419.265784061215,2022-11-27T21:12:00Z,1H 0M 0S,6471,7
483.83033027413234,7418.083218846304,2022-11-27T22:12:00Z,1H 0M 0S,6471,7
483.57728962520775,7417.754322783834,2022-11-27T23:12:00Z,1H 0M 0S,6471,7
483.6221498970773,7417.449828960902,2022-11-28T00:12:00Z,1H 0M 0S,6471,7
484.30318236732586,7417.006597996516,2022-11-28T01:12:00Z,1H 0M 0S,6471,7
484.52926845031755,7416.832330276543,2022-11-28T02:12:00Z,1H 0M 0S,6471,7
485.236665807284,7416.948362237968,2022-11-28T03:12:00Z,1H 0M 0S,6471,7
485.47045031627977,7417.090993994719,2022-11-28T04:12:00Z,1H 0M 0S,6471,7
485.5677958023176,7416.902363076753,2022-11-28T05:12:00Z,1H 0M 0S,6471,7
486.0260832503554,7416.561185684326,2022-11-28T06:12:00Z,1H 0M 0S,6471,7
486.5875962011764,7416.708712932201,2022-11-28T07:12:00Z,1H 0M 0S,6471,7
486.8004628911624,7416.685679846458,2022-11-28T08:12:00Z,1H 0M 0S,6471,7
486.93090159458836,7416.770574362028,2022-11-28T09:12:00Z,1H 0M 0S,6471,7
487.16533839711144,7416.641219199416,2022-11-28T10:12:00Z,1H 0M 0S,6471,7
486.7730379562127,7416.052983094637,2022-11-28T11:12:00Z,1H 0M 0S,6471,7
486.72684615033415,7415.72496236117,2022-11-28T12:12:00Z,1H 0M 0S,6471,7
486.6058183396429,7414.941225772453,2022-11-28T13:12:00Z,1H 0M 0S,6471,7
486.41542678035944,7414.068112651729,2022-11-28T14:12:00Z,1H 0M 0S,6471,7
485.83692957131734,7413.988959800578,2022-11-28T15:12:00Z,1H 0M 0S,6471,7
485.81331034466837,7413.980815386858,2022-11-28T16:12:00Z,1H 0M 0S,6471,7
485.7780470804189,7413.973216471394,2022-11-28T17:12:00Z,1H 0M 0S,6471,7
485.7743188550886,7413.988488335528,2022-11-28T18:12:00Z,1H 0M 0S,6471,7
485.8943183881918,7413.960119512508,2022-11-28T19:12:00Z,1H 0M 0S,6471,7
485.9217420933876,7413.85668139753,2022-11-28T20:12:00Z,1H 0M 0S,6471,7
485.82937060376236,7413.390196107182,2022-11-28T21:12:00Z,1H 0M 0S,6471,7
485.7633183308752,7413.3356200960225,2022-11-28T22:12:00Z,1H 0M 0S,6471,7
485.59645166051604,7413.357077656054,2022-11-28T23:12:00Z,1H 0M 0S,6471,7
485.9255577662211,7413.976791550103,2022-11-29T00:12:00Z,1H 0M 0S,6471,7
485.9583152361512,7414.1140998198725,2022-11-29T01:12:00Z,1H 0M 0S,6471,7
485.4886624144709,7414.5005010114055,2022-11-29T02:12:00Z,1H 0M 0S,6471,7
485.4482288308825,7414.562284698334,2022-11-29T03:12:00Z,1H 0M 0S,6471,7
485.6318315916214,7414.488399579492,2022-11-29T04:12:00Z,1H 0M 0S,6471,7
485.653811270729,7414.485709486341,2022-11-29T05:12:00Z,1H 0M 0S,6471,7
486.280419468561,7414.683598150181,2022-11-29T06:12:00Z,1H 0M 0S,6471,7
487.1769073884531,7414.089938407091,2022-11-29T07:12:00Z,1H 0M 0S,6471,7
487.19402097686,7414.128165207689,2022-11-29T08:12:00Z,1H 0M 0S,6471,7
486.90724587219336,7414.082638425029,2022-11-29T09:12:00Z,1H 0M 0S,6471,7
486.99437229149277,7414.487475354553,2022-11-29T10:12:00Z,1H 0M 0S,6471,7
487.0046571634448,7414.529097761902,2022-11-29T11:12:00Z,1H 0M 0S,6471,7
486.95832258114245,7415.0075895954,2022-11-29T12:12:00Z,1H 0M 0S,6471,7
486.0643739009717,7415.207934991362,2022-11-29T13:12:00Z,1H 0M 0S,6471,7
485.836639042789,7415.264546222218,2022-11-29T14:12:00Z,1H 0M 0S,6471,7
485.9456938500037,7414.2960747999105,2022-11-29T15:12:00Z,1H 0M 0S,6471,7
486.11299431723387,7413.952850851216,2022-11-29T16:12:00Z,1H 0M 0S,6471,7
485.8172999663506,7414.1475806562885,2022-11-29T17:12:00Z,1H 0M 0S,6471,7
484.96007453563,7414.687802059628,2022-11-29T18:12:00Z,1H 0M 0S,6471,7
484.58578690797924,7415.400701940706,2022-11-29T19:12:00Z,1H 0M 0S,6471,7
484.5562245213255,7415.587927104855,2022-11-29T20:12:00Z,1H 0M 0S,6471,7
484.0046647605817,7415.967794839921,2022-11-29T21:12:00Z,1H 0M 0S,6471,7
483.7285317501385,7416.069511702162,2022-11-29T22:12:00Z,1H 0M 0S,6471,7
483.25672603551897,7416.112477126246,2022-11-29T23:12:00Z,1H 0M 0S,6471,7
482.3747855278257,7416.154236836976,2022-11-30T00:12:00Z,1H 0M 0S,6471,7
482.36720303339905,7416.277388589591,2022-11-30T01:12:00Z,1H 0M 0S,6471,7
482.3811614559826,7416.491303945978,2022-11-30T02:12:00Z,1H 0M 0S,6471,7
482.07038811634015,7416.76171051885,2022-11-30T03:12:00Z,1H 0M 0S,6471,7
481.26384779053853,7418.173316384422,2022-11-30T04:12:00Z,1H 0M 0S,6471,7
481.63935770494635,7418.235673330294,2022-11-30T05:12:00Z,1H 0M 0S,6471,7
481.46884368583176,7418.4347016808015,2022-11-30T06:12:00Z,1H 0M 0S,6471,7
480.4308841169974,7418.456783368604,2022-11-30T07:12:00Z,1H 0M 0S,6471,7
479.8679734011886,7418.995637496116,2022-11-30T08:12:00Z,1H 0M 0S,6471,7
479.6991453568549,7418.932556684977,2022-11-30T09:12:00Z,1H 0M 0S,6471,7
479.62637978357674,7418.897486413737,2022-11-30T10:12:00Z,1H 0M 0S,6471,7
479.5834336879679,7419.358428530252,2022-11-30T11:12:00Z,1H 0M 0S,6471,7
480.12186151911106,7419.30878337236,2022-11-30T12:12:00Z,1H 0M 0S,6471,7
480.0975058300611,7420.019469551305,2022-11-30T13:12:00Z,1H 0M 0S,6471,7
480.12127794081704,7420.088209308183,2022-11-30T14:12:00Z,1H 0M 0S,6471,7
480.10685306121064,7420.167610821913,2022-11-30T15:12:00Z,1H 0M 0S,6471,7
479.5893049882558,7420.94593178898,2022-11-30T16:12:00Z,1H 0M 0S,6471,7
479.3747566323259,7421.15553512588,2022-11-30T17:12:00Z,1H 0M 0S,6471,7
479.32362059962287,7421.304760042068,2022-11-30T18:12:00Z,1H 0M 0S,6471,7
479.26463139441455,7421.247013939337,2022-11-30T19:12:00Z,1H 0M 0S,6471,7
478.93641629488326,7421.173990864939,2022-11-30T20:12:00Z,1H 0M 0S,6471,7
478.88625511515744,7421.137977769535,2022-11-30T21:12:00Z,1H 0M 0S,6471,7
478.2122752338246,7420.45604174768,2022-11-30T22:12:00Z,1H 0M 0S,6471,7
478.1718697988604,7420.197163538177,2022-11-30T23:12:00Z,1H 0M 0S,6471,7
477.8467745338009,7419.787916209853,2022-12-01T00:12:00Z,1H 0M 0S,6471,7
476.9286312653715,7419.055343645688,2022-12-01T01:12:00Z,1H 0M 0S,6471,7
476.40268368070093,7418.712908689315,2022-12-01T02:12:00Z,1H 0M 0S,6471,7
476.01342067939504,7418.5966477204265,2022-12-01T03:12:00Z,1H 0M 0S,6471,7
475.97626392072533,7418.618028073913,2022-12-01T04:12:00Z,1H 0M 0S,6471,7
475.7636387349328,7419.221261275642,2022-12-01T05:12:00Z,1H 0M 0S,6471,7
475.78776101410716,7419.238843298865,2022-12-01T06:12:00Z,1H 0M 0S,6471,7
476.1378019800711,7418.588957683222,2022-12-01T07:12:00Z,1H 0M 0S,6471,7
476.2042354732457,7418.612897716457,2022-12-01T08:12:00Z,1H 0M 0S,6471,7
476.10481475556156,7418.919461684927,2022-12-01T09:12:00Z,1H 0M 0S,6471,7
476.57196062200654,7419.936815754991,2022-12-01T10:12:00Z,1H 0M 0S,6471,7
476.59014466947815,7419.927208654818,2022-12-01T11:12:00Z,1H 0M 0S,6471,7
476.9676217434554,7419.881155733345,2022-12-01T12:12:00Z,1H 0M 0S,6471,7
477.1782652839851,7419.839241372069,2022-12-01T13:12:00Z,1H 0M 0S,6471,7
477.2228594994703,7419.838966508085,2022-12-01T14:12:00Z,1H 0M 0S,6471,7
477.45048051213433,7419.436126429134,2022-12-01T15:12:00Z,1H 0M 0S,6471,7
477.47836476145164,7419.419714909584,2022-12-01T16:12:00Z,1H 0M 0S,6471,7
476.6276532491382,7418.155053055869,2022-12-01T17:12:00Z,1H 0M 0S,6471,7
476.0830128240116,7418.281534865564,2022-12-01T18:12:00Z,1H 0M 0S,6471,7
475.33910465920155,7418.443017199568,2022-12-01T19:12:00Z,1H 0M 0S,6471,7
475.0679181647385,7419.31148843012,2022-12-01T20:12:00Z,1H 0M 0S,6471,7
475.08358789567717,7419.331689325988,2022-12-01T21:12:00Z,1H 0M 0S,6471,7
475.27476083172843,7419.476017401309,2022-12-01T22:12:00Z,1H 0M 0S,6471,7
475.28574120327403,7419.8237469671585,2022-12-01T23:12:00Z,1H 0M 0S,6471,7
475.6440857991982,7420.3948279983515,2022-12-02T00:12:00Z,1H 0M 0S,6471,7
476.03519929825956,7420.439796351824,2022-12-02T01:12:00Z,1H 0M 0S,6471,7
475.7287605444618,7420.697584024292,2022-12-02T02:12:00Z,1H 0M 0S,6471,7
475.7332098343295,7420.747311095875,2022-12-02T03:12:00Z,1H 0M 0S,6471,7
476.32429633930167,7420.877035002316,2022-12-02T04:12:00Z,1H 0M 0S,6471,7
476.01116243288095,7421.103301278869,2022-12-02T05:12:00Z,1H 0M 0S,6471,7
484.10268046364774,7417.443102455261,2022-11-23T21:12:00Z,1H 0M 0S,6471,8
484.22854601353737,7417.334836820776,2022-11-23T22:12:00Z,1H 0M 0S,6471,8
484.44344855869747,7417.071465199887,2022-11-23T23:12:00Z,1H 0M 0S,6471,8
484.41564045847497,7415.838476499776,2022-11-24T00:12:00Z,1H 0M 0S,6471,8
484.61642518927084,7415.646512623449,2022-11-24T01:12:00Z,1H 0M 0S,6471,8
484.6345788790394,7415.614908378294,2022-11-24T02:12:00Z,1H 0M 0S,6471,8
484.606907899454,7415.486280552418,2022-11-24T03:12:00Z,1H 0M 0S,6471,8
485.0496200050298,7415.404106871023,2022-11-24T04:12:00Z,1H 0M 0S,6471,8
485.2676718408271,7415.244134386157,2022-11-24T05:12:00Z,1H 0M 0S,6471,8
485.2734964334815,7415.185983723069,2022-11-24T06:12:00Z,1H 0M 0S,6471,8
485.29673251277154,7415.146938496806,2022-11-24T07:12:00Z,1H 0M 0S,6471,8
485.3466195115329,7415.163082979578,2022-11-24T08:12:00Z,1H 0M 0S,6471,8
485.1532031870003,7414.9233551166835,2022-11-24T09:12:00Z,1H 0M 0S,6471,8
485.08416180915003,7414.920447647867,2022-11-24T10:12:00Z,1H 0M 0S,6471,8
485.11852455754683,7414.812202297925,2022-11-24T11:12:00Z,1H 0M 0S,6471,8
485.1744569452868,7414.784953193309,2022-11-24T12:12:00Z,1H 0M 0S,6471,8
485.2681713607835,7414.674232213862,2022-11-24T13:12:00Z,1H 0M 0S,6471,8
485.8011018471487,7414.207967466888,2022-11-24T14:12:00Z,1H 0M 0S,6471,8
485.00132882748244,7413.047922747931,2022-11-24T15:12:00Z,1H 0M 0S,6471,8
484.28945872698296,7412.006632404626,2022-11-24T16:12:00Z,1H 0M 0S,6471,8
484.197613089629,7411.939702829036,2022-11-24T17:12:00Z,1H 0M 0S,6471,8
484.1142784485267,7411.259951934202,2022-11-24T18:12:00Z,1H 0M 0S,6471,8
485.139526022623,7412.876929064794,2022-11-24T19:12:00Z,1H 0M 0S,6471,8
484.86746505477663,7412.801525817561,2022-11-24T20:12:00Z,1H 0M 0S,6471,8
483.9997481601566,7414.571872846664,2022-11-24T21:12:00Z,1H 0M 0S,6471,8
483.91326290843244,7414.770485133171,2022-11-24T22:12:00Z,1H 0M 0S,6471,8
483.8940710786348,7414.7186969561835,2022-11-24T23:12:00Z,1H 0M 0S,6471,8
482.82629092386827,7414.574597172899,2022-11-25T00:12:00Z,1H 0M 0S,6471,8
483.0771464358085,7413.64324799367,2022-11-25T01:12:00Z,1H 0M 0S,6471,8
482.81880396463936,7413.941141953045,2022-11-25T02:12:00Z,1H 0M 0S,6471,8
483.0081727391801,7414.715360482504,2022-11-25T03:12:00Z,1H 0M 0S,6471,8
482.7685851386841,7414.780898778186,2022-11-25T04:12:00Z,1H 0M 0S,6471,8
482.6610114658685,7414.773942099874,2022-11-25T05:12:00Z,1H 0M 0S,6471,8
482.525944425308,7414.862930323388,2022-11-25T06:12:00Z,1H 0M 0S,6471,8
482.5349042001607,7414.512648518471,2022-11-25T07:12:00Z,1H 0M 0S,6471,8
482.5473072569608,7414.522641656424,2022-11-25T08:12:00Z,1H 0M 0S,6471,8
482.7640022034713,7414.725982157188,2022-11-25T09:12:00Z,1H 0M 0S,6471,8
482.82389682953686,7414.9191155257,2022-11-25T10:12:00Z,1H 0M 0S,6471,8
482.7719589620183,7415.041664320773,2022-11-25T11:12:00Z,1H 0M 0S,6471,8
482.7659223698922,7415.045973356499,2022-11-25T12:12:00Z,1H 0M 0S,6471,8
482.6318264784163,7415.118863774493,2022-11-25T13:12:00Z,1H 0M 0S,6471,8
482.606735295641,7415.148175498363,2022-11-25T14:12:00Z,1H 0M 0S,6471,8
482.6160849128595,7415.1180051712745,2022-11-25T15:12:00Z,1H 0M 0S,6471,8
483.22705634814827,7415.052011040896,2022-11-25T16:12:00Z,1H 0M 0S,6471,8
484.8491253740464,7414.956129364449,2022-11-25T17:12:00Z,1H 0M 0S,6471,8
485.364289115493,7414.82192035943,2022-11-25T18:12:00Z,1H 0M 0S,6471,8
485.55391183747855,7414.687637945433,2022-11-25T19:12:00Z,1H 0M 0S,6471,8
485.9151196234216,7414.6306451747405,2022-11-25T20:12:00Z,1H 0M 0S,6471,8
485.9024145071043,7414.303371239737,2022-11-25T21:12:00Z,1H 0M 0S,6471,8
486.02454892685586,7414.291697647261,2022-11-25T22:12:00Z,1H 0M 0S,6471,8
486.41852790580333,7414.473717259951,2022-11-25T23:12:00Z,1H 0M 0S,6471,8
486.36598784123436,7414.491806713297,2022-11-26T00:12:00Z,1H 0M 0S,6471,8
486.59035931580877,7414.738733741123,2022-11-26T01:12:00Z,1H 0M 0S,6471,8
485.92393386062275,7414.85556025957,2022-11-26T02:12:00Z,1H 0M 0S,6471,8
485.8766923233317,7414.915291141917,2022-11-26T03:12:00Z,1H 0M 0S,6471,8
485.45256491328064,7415.034756686531,2022-11-26T04:12:00Z,1H 0M 0S,6471,8
485.33724000874554,7415.048637539259,2022-11-26T05:12:00Z,1H 0M 0S,6471,8
485.1376095924049,7415.336419964269,2022-11-26T06:12:00Z,1H 0M 0S,6471,8
484.7145659032984,7415.406771879784,2022-11-26T07:12:00Z,1H 0M 0S,6471,8
484.61174144023516,7415.249375305857,2022-11-26T08:12:00Z,1H 0M 0S,6471,8
483.47560895765173,7415.588777081026,2022-11-26T09:12:00Z,1H 0M 0S,6471,8
481.9992600307351,7416.966058045468,2022-11-26T10:12:00Z,1H 0M 0S,6471,8
481.1308769731817,7416.230108441121,2022-11-26T11:12:00Z,1H 0M 0S,6471,8
480.7261711922225,7415.659400402086,2022-11-26T12:12:00Z,1H 0M 0S,6471,8
480.59500360387676,7415.609515059159,2022-11-26T13:12:00Z,1H 0M 0S,6471,8
480.3407894400631,7415.540122147384,2022-11-26T14:12:00Z,1H 0M 0S,6471,8
479.8042328921326,7415.9006461914405,2022-11-26T15:12:00Z,1H 0M 0S,6471,8
479.7235913280667,7416.071825523111,2022-11-26T16:12:00Z,1H 0M 0S,6471,8
479.122715186658,7416.475452697835,2022-11-26T17:12:00Z,1H 0M 0S,6471,8
477.7393058691035,7417.391718087005,2022-11-26T18:12:00Z,1H 0M 0S,6471,8
477.7357339016515,7417.697353007301,2022-11-26T19:12:00Z,1H 0M 0S,6471,8
477.5894604897572,7417.889940274051,2022-11-26T20:12:00Z,1H 0M 0S,6471,8
477.568797813476,7417.974800530463,2022-11-26T21:12:00Z,1H 0M 0S,6471,8
477.1565128552794,7418.330397474658,2022-11-26T22:12:00Z,1H 0M 0S,6471,8
477.1668339898745,7418.309833032604,2022-11-26T23:12:00Z,1H 0M 0S,6471,8
477.3645507539705,7417.905473651329,2022-11-27T00:12:00Z,1H 0M 0S,6471,8
477.4371516815009,7417.836368868496,2022-11-27T01:12:00Z,1H 0M 0S,6471,8
477.4318966993631,7417.814777029611,2022-11-27T02:12:00Z,1H 0M 0S,6471,8
477.49251974643795,7417.815208777337,2022-11-27T03:12:00Z,1H 0M 0S,6471,8
477.4923243665536,7417.8142713715515,2022-11-27T04:12:00Z,1H 0M 0S,6471,8
477.81414560411775,7418.249313161352,2022-11-27T05:12:00Z,1H 0M 0S,6471,8
478.13977854869825,7418.121819899752,2022-11-27T06:12:00Z,1H 0M 0S,6471,8
478.28834534846317,7418.615411716645,2022-11-27T07:12:00Z,1H 0M 0S,6471,8
478.4634778682963,7418.829427299232,2022-11-27T08:12:00Z,1H 0M 0S,6471,8
478.7399207609625,7418.806999950241,2022-11-27T09:12:00Z,1H 0M 0S,6471,8
478.9981618640015,7418.76161412368,2022-11-27T10:12:00Z,1H 0M 0S,6471,8
479.09973623273373,7418.76079567053,2022-11-27T11:12:00Z,1H 0M 0S,6471,8
478.7068327497622,7420.60882096819,2022-11-27T12:12:00Z,1H 0M 0S,6471,8
479.2072406388139,7420.8098023682815,2022-11-27T13:12:00Z,1H 0M 0S,6471,8
479.2455861133214,7420.765711991139,2022-11-27T14:12:00Z,1H 0M 0S,6471,8
478.7274603381464,7419.856080871119,2022-11-27T15:12:00Z,1H 0M 0S,6471,8
478.7963954839219,7419.678682957638,2022-11-27T16:12:00Z,1H 0M 0S,6471,8
478.93152067631746,7419.650297421179,2022-11-27T17:12:00Z,1H 0M 0S,6471,8
479.0205032126304,7419.835500596257,2022-11-27T18:12:00Z,1H 0M 0S,6471,8
479.2536192257979,7420.3797008934625,2022-11-27T19:12:00Z,1H 0M 0S,6471,8
479.96586935237,7420.730492785761,2022-11-27T20:12:00Z,1H 0M 0S,6471,8
479.2396415320565,7420.10442120974,2022-11-27T21:12:00Z,1H 0M 0S,6471,8
479.0652061291202,7420.071095316258,2022-11-27T22:12:00Z,1H 0M 0S,6471,8
478.6970896170291,7420.429581313216,2022-11-27T23:12:00Z,1H 0M 0S,6471,8
478.68407561018984,7420.453601591383,2022-11-28T00:12:00Z,1H 0M 0S,6471,8
478.63965046057444,7420.570154270927,2022-11-28T01:12:00Z,1H 0M 0S,6471,8
478.73946416095765,7420.764750423912,2022-11-28T02:12:00Z,1H 0M 0S,6471,8
478.7009516639031,7421.712496426981,2022-11-28T03:12:00Z,1H 0M 0S,6471,8
476.94579257227315,7422.610276420495,2022-11-28T04:12:00Z,1H 0M 0S,6471,8
476.9018365939103,7422.716343338838,2022-11-28T05:12:00Z,1H 0M 0S,6471,8
475.9184609042153,7423.263007842703,2022-11-28T06:12:00Z,1H 0M 0S,6471,8
474.1680485959402,7423.548178851983,2022-11-28T07:12:00Z,1H 0M 0S,6471,8
473.32282148868336,7423.709227498973,2022-11-28T08:12:00Z,1H 0M 0S,6471,8
473.10658898327176,7423.77764164624,2022-11-28T09:12:00Z,1H 0M 0S,6471,8
473.1056982884932,7423.778897211276,2022-11-28T10:12:00Z,1H 0M 0S,6471,8
472.5786539890059,7423.93698272005,2022-11-28T11:12:00Z,1H 0M 0S,6471,8
472.42506868019166,7423.723063774321,2022-11-28T12:12:00Z,1H 0M 0S,6471,8
472.4737793735333,7423.252741146557,2022-11-28T13:12:00Z,1H 0M 0S,6471,8
473.1605860777387,7422.142820637599,2022-11-28T14:12:00Z,1H 0M 0S,6471,8
473.63533838225254,7421.720270329475,2022-11-28T15:12:00Z,1H 0M 0S,6471,8
473.52465924033487,7421.610683572975,2022-11-28T16:12:00Z,1H 0M 0S,6471,8
473.73856277846545,7421.615658449584,2022-11-28T17:12:00Z,1H 0M 0S,6471,8
473.9402962088239,7421.622102088634,2022-11-28T18:12:00Z,1H 0M 0S,6471,8
474.0418387325178,7421.654530813401,2022-11-28T19:12:00Z,1H 0M 0S,6471,8
474.1896008142665,7421.799528755745,2022-11-28T20:12:00Z,1H 0M 0S,6471,8
474.56573363023506,7422.321054971578,2022-11-28T21:12:00Z,1H 0M 0S,6471,8
474.7838950597508,7422.529687084349,2022-11-28T22:12:00Z,1H 0M 0S,6471,8
474.79515640306784,7422.605395712192,2022-11-28T23:12:00Z,1H 0M 0S,6471,8
475.2587305427594,7423.431985245721,2022-11-29T00:12:00Z,1H 0M 0S,6471,8
474.83015205557615,7423.675626895603,2022-11-29T01:12:00Z,1H 0M 0S,6471,8
474.1226990528451,7423.810659750621,2022-11-29T02:12:00Z,1H 0M 0S,6471,8
473.4978245316402,7424.048060062095,2022-11-29T03:12:00Z,1H 0M 0S,6471,8
471.7571975731729,7424.369010821271,2022-11-29T04:12:00Z,1H 0M 0S,6471,8
470.90444079610705,7423.350690735616,2022-11-29T05:12:00Z,1H 0M 0S,6471,8
470.4798982490429,7423.348131036628,2022-11-29T06:12:00Z,1H 0M 0S,6471,8
471.1334150860955,7422.33192784365,2022-11-29T07:12:00Z,1H 0M 0S,6471,8
470.93962020868156,7422.447953035287,2022-11-29T08:12:00Z,1H 0M 0S,6471,8
471.6885599290529,7421.175242846856,2022-11-29T09:12:00Z,1H 0M 0S,6471,8
471.8340534187811,7421.141671907223,2022-11-29T10:12:00Z,1H 0M 0S,6471,8
472.0946578888882,7420.933020634473,2022-11-29T11:12:00Z,1H 0M 0S,6471,8
472.9968162936525,7421.370130477772,2022-11-29T12:12:00Z,1H 0M 0S,6471,8
473.4482216848521,7421.777369647746,2022-11-29T13:12:00Z,1H 0M 0S,6471,8
474.24510272251933,7421.85895974878,2022-11-29T14:12:00Z,1H 0M 0S,6471,8
474.573221559645,7421.760667797686,2022-11-29T15:12:00Z,1H 0M 0S,6471,8
474.59992249101686,7421.77108325877,2022-11-29T16:12:00Z,1H 0M 0S,6471,8
474.6909085663031,7422.179738793747,2022-11-29T17:12:00Z,1H 0M 0S,6471,8
474.77063248843353,7423.62842835159,2022-11-29T18:12:00Z,1H 0M 0S,6471,8
475.40582833515344,7424.094801913442,2022-11-29T19:12:00Z,1H 0M 0S,6471,8
475.4343992710863,7424.326529086231,2022-11-29T20:12:00Z,1H 0M 0S,6471,8
475.870568528164,7424.541739067508,2022-11-29T21:12:00Z,1H 0M 0S,6471,8
475.857742593541,7424.751616818353,2022-11-29T22:12:00Z,1H 0M 0S,6471,8
475.8590813918241,7424.761458225448,2022-11-29T23:12:00Z,1H 0M 0S,6471,8
475.93031337707566,7424.861629966159,2022-11-30T00:12:00Z,1H 0M 0S,6471,8
476.39875760271457,7425.256931971635,2022-11-30T01:12:00Z,1H 0M 0S,6471,8
477.14355482005476,7424.897035941469,2022-11-30T02:12:00Z,1H 0M 0S,6471,8
477.2277898744322,7424.787441561432,2022-11-30T03:12:00Z,1H 0M 0S,6471,8
477.94777998920716,7423.736027093361,2022-11-30T04:12:00Z,1H 0M 0S,6471,8
477.9477995719356,7423.735505100809,2022-11-30T05:12:00Z,1H 0M 0S,6471,8
478.17665873794436,7423.420169339993,2022-11-30T06:12:00Z,1H 0M 0S,6471,8
478.7564371887708,7423.446826403955,2022-11-30T07:12:00Z,1H 0M 0S,6471,8
479.77658590848426,7424.333339992303,2022-11-30T08:12:00Z,1H 0M 0S,6471,8
479.9101596552169,7424.673247157937,2022-11-30T09:12:00Z,1H 0M 0S,6471,8
479.97989165744315,7424.707979930988,2022-11-30T10:12:00Z,1H 0M 0S,6471,8
480.02438125892485,7424.758424938331,2022-11-30T11:12:00Z,1H 0M 0S,6471,8
480.02706435002716,7424.808471312267,2022-11-30T12:12:00Z,1H 0M 0S,6471,8
480.2692126505418,7424.653128099112,2022-11-30T13:12:00Z,1H 0M 0S,6471,8
480.8168640397353,7424.9461103895865,2022-11-30T14:12:00Z,1H 0M 0S,6471,8
480.9863741660133,7425.241390983737,2022-11-30T15:12:00Z,1H 0M 0S,6471,8
481.27396873787086,7425.569149653077,2022-11-30T16:12:00Z,1H 0M 0S,6471,8
481.0377298469486,7427.256445387991,2022-11-30T17:12:00Z,1H 0M 0S,6471,8
482.1371068296814,7428.808281693596,2022-11-30T18:12:00Z,1H 0M 0S,6471,8
482.914518697255,7428.892245043073,2022-11-30T19:12:00Z,1H 0M 0S,6471,8
483.0356180009447,7429.007141455982,2022-11-30T20:12:00Z,1H 0M 0S,6471,8
483.5693687929596,7429.7634282202735,2022-11-30T21:12:00Z,1H 0M 0S,6471,8
482.62018056105575,7431.488666139885,2022-11-30T22:12:00Z,1H 0M 0S,6471,8
482.63608288468185,7431.50786933663,2022-11-30T23:12:00Z,1H 0M 0S,6471,8
482.66734244498997,7432.778365286169,2022-12-01T00:12:00Z,1H 0M 0S,6471,8
482.75165097200704,7432.870252436717,2022-12-01T01:12:00Z,1H 0M 0S,6471,8
483.01607345770276,7432.990262957483,2022-12-01T02:12:00Z,1H 0M 0S,6471,8
484.5933074679174,7434.363272488879,2022-12-01T03:12:00Z,1H 0M 0S,6471,8
484.6173273637804,7434.359746937934,2022-12-01T04:12:00Z,1H 0M 0S,6471,8
484.2672988868811,7433.509261789178,2022-12-01T05:12:00Z,1H 0M 0S,6471,8
484.3290534653835,7433.491057650431,2022-12-01T06:12:00Z,1H 0M 0S,6471,8
484.3414016712894,7433.499037605119,2022-12-01T07:12:00Z,1H 0M 0S,6471,8
484.80540359084523,7433.777470333352,2022-12-01T08:12:00Z,1H 0M 0S,6471,8
484.81619275991625,7433.791283472877,2022-12-01T09:12:00Z,1H 0M 0S,6471,8
484.98782391804474,7433.6585032880075,2022-12-01T10:12:00Z,1H 0M 0S,6471,8
485.1012997815624,7433.629095914206,2022-12-01T11:12:00Z,1H 0M 0S,6471,8
485.1281349020934,7433.620077289877,2022-12-01T12:12:00Z,1H 0M 0S,6471,8
485.1589984427113,7433.564151872799,2022-12-01T13:12:00Z,1H 0M 0S,6471,8
485.401252616334,7432.94364694924,2022-12-01T14:12:00Z,1H 0M 0S,6471,8
485.9787949330982,7432.452411783807,2022-12-01T15:12:00Z,1H 0M 0S,6471,8
486.6800115967922,7431.695608099665,2022-12-01T16:12:00Z,1H 0M 0S,6471,8
486.97196458494716,7432.017676259498,2022-12-01T17:12:00Z,1H 0M 0S,6471,8
487.48438810290145,7432.768805241232,2022-12-01T18:12:00Z,1H 0M 0S,6471,8
487.85186541207577,7433.256759985805,2022-12-01T19:12:00Z,1H 0M 0S,6471,8
487.5647746003888,7433.776317871887,2022-12-01T20:12:00Z,1H 0M 0S,6471,8
487.3962772055108,7434.251949103276,2022-12-01T21:12:00Z,1H 0M 0S,6471,8
487.13026289599406,7433.959180132514,2022-12-01T22:12:00Z,1H 0M 0S,6471,8
486.95898491689735,7433.9234874351805,2022-12-01T23:12:00Z,1H 0M 0S,6471,8
486.7740125166389,7434.228447689453,2022-12-02T00:12:00Z,1H 0M 0S,6471,8
486.7523142579921,7434.313739191444,2022-12-02T01:12:00Z,1H 0M 0S,6471,8
487.1896445423686,7436.583128768013,2022-12-02T02:12:00Z,1H 0M 0S,6471,8
486.8023049774043,7436.67516146827,2022-12-02T03:12:00Z,1H 0M 0S,6471,8
486.65875279014756,7436.656880423368,2022-12-02T04:12:00Z,1H 0M 0S,6471,8
485.72271427780527,7436.448115746844,2022-12-02T05:12:00Z,1H 0M 0S,6471,8
484.10268046364774,7417.443102455261,2022-11-23T21:12:00Z,1H 0M 0S,6471,9
484.78515344608655,7417.863876162571,2022-11-23T22:12:00Z,1H 0M 0S,6471,9
484.9502057884565,7417.959596547984,2022-11-23T23:12:00Z,1H 0M 0S,6471,9
484.98295613589136,7417.783972656192,2022-11-24T00:12:00Z,1H 0M 0S,6471,9
484.90740844612566,7417.598623375709,2022-11-24T01:12:00Z,1H 0M 0S,6471,9
484.97379225896765,7417.478118637496,2022-11-24T02:12:00Z,1H 0M 0S,6471,9
484.99988202792906,7417.425366961576,2022-11-24T03:12:00Z,1H 0M 0S,6471,9
485.68701522833436,7416.3621739747805,2022-11-24T04:12:00Z,1H 0M 0S,6471,9
485.92080847743307,7415.965637059607,2022-11-24T05:12:00Z,1H 0M 0S,6471,9
485.8696852919412,7415.866900033044,2022-11-24T06:12:00Z,1H 0M 0S,6471,9
485.19335241626385,7415.076272698291,2022-11-24T07:12:00Z,1H 0M 0S,6471,9
484.99811923894055,7414.884439588915,2022-11-24T08:12:00Z,1H 0M 0S,6471,9
485.3605412162375,7414.673888609634,2022-11-24T09:12:00Z,1H 0M 0S,6471,9
486.5886254844737,7414.104059898272,2022-11-24T10:12:00Z,1H 0M 0S,6471,9
486.6600092191888,7414.098707332086,2022-11-24T11:12:00Z,1H 0M 0S,6471,9
486.82140798921006,7414.086056260241,2022-11-24T12:12:00Z,1H 0M 0S,6471,9
486.9859151255694,7414.160917788007,2022-11-24T13:12:00Z,1H 0M 0S,6471,9
487.0775240977941,7414.286755129073,2022-11-24T14:12:00Z,1H 0M 0S,6471,9
487.0412259917704,7414.490648256773,2022-11-24T15:12:00Z,1H 0M 0S,6471,9
487.07358782872996,7414.6556287518515,2022-11-24T16:12:00Z,1H 0M 0S,6471,9
487.10558612227135,7414.665297299024,2022-11-24T17:12:00Z,1H 0M 0S,6471,9
487.3193646243441,7414.089826248652,2022-11-24T18:12:00Z,1H 0M 0S,6471,9
487.09976022689824,7413.809439820829,2022-11-24T19:12:00Z,1H 0M 0S,6471,9
486.98273651017405,7413.815299085189,2022-11-24T20:12:00Z,1H 0M 0S,6471,9
486.2295963284874,7414.105302312459,2022-11-24T21:12:00Z,1H 0M 0S,6471,9
486.135358863627,7414.106221277192,2022-11-24T22:12:00Z,1H 0M 0S,6471,9
484.8730454679103,7413.931623121858,2022-11-24T23:12:00Z,1H 0M 0S,6471,9
484.45833707457564,7414.38648964277,2022-11-25T00:12:00Z,1H 0M 0S,6471,9
484.44667864187505,7414.600743017331,2022-11-25T01:12:00Z,1H 0M 0S,6471,9
484.18623314143525,7414.99485825819,2022-11-25T02:12:00Z,1H 0M 0S,6471,9
483.7560657923003,7415.187554110107,2022-11-25T03:12:00Z,1H 0M 0S,6471,9
483.36950964465854,7415.501190541089,2022-11-25T04:12:00Z,1H 0M 0S,6471,9
483.01127221043276,7416.007643527876,2022-11-25T05:12:00Z,1H 0M 0S,6471,9
482.99272991457144,7416.042748989508,2022-11-25T06:12:00Z,1H 0M 0S,6471,9
482.35234305432067,7417.09964139073,2022-11-25T07:12:00Z,1H 0M 0S,6471,9
482.3070814530424,7417.464061956213,2022-11-25T08:12:00Z,1H 0M 0S,6471,9
482.252536709671,7417.531907959852,2022-11-25T09:12:00Z,1H 0M 0S,6471,9
482.05937503269104,7417.455678392621,2022-11-25T10:12:00Z,1H 0M 0S,6471,9
481.77055178054763,7417.348379181941,2022-11-25T11:12:00Z,1H 0M 0S,6471,9
481.395135140189,7416.221792652814,2022-11-25T12:12:00Z,1H 0M 0S,6471,9
481.8915079888036,7415.400233434215,2022-11-25T13:12:00Z,1H 0M 0S,6471,9
481.9120701480895,7415.366071185139,2022-11-25T14:12:00Z,1H 0M 0S,6471,9
481.91268008048723,7415.29482531771,2022-11-25T15:12:00Z,1H 0M 0S,6471,9
482.27959908471837,7414.961415003902,2022-11-25T16:12:00Z,1H 0M 0S,6471,9
482.28237766486245,7414.976150396041,2022-11-25T17:12:00Z,1H 0M 0S,6471,9
481.97323058883705,7415.193583100825,2022-11-25T18:12:00Z,1H 0M 0S,6471,9
481.3151985123528,7415.330631864751,2022-11-25T19:12:00Z,1H 0M 0S,6471,9
481.27500600759487,7415.385134114886,2022-11-25T20:12:00Z,1H 0M 0S,6471,9
480.88436678518076,7414.660870920441,2022-11-25T21:12:00Z,1H 0M 0S,6471,9
480.83648736940233,7414.695047109934,2022-11-25T22:12:00Z,1H 0M 0S,6471,9
479.53504868688793,7414.238512375389,2022-11-25T23:12:00Z,1H 0M 0S,6471,9
477.7507107600693,7413.545404713392,2022-11-26T00:12:00Z,1H 0M 0S,6471,9
476.4704413933378,7413.138686627581,2022-11-26T01:12:00Z,1H 0M 0S,6471,9
475.5822375189465,7413.280490754326,2022-11-26T02:12:00Z,1H 0M 0S,6471,9
475.0249539760341,7413.191191904119,2022-11-26T03:12:00Z,1H 0M 0S,6471,9
472.75452620207597,7412.723820509805,2022-11-26T04:12:00Z,1H 0M 0S,6471,9
472.56921061019875,7412.561355516569,2022-11-26T05:12:00Z,1H 0M 0S,6471,9
472.5667061673034,7412.533209267997,2022-11-26T06:12:00Z,1H 0M 0S,6471,9
472.66475291200277,7412.252213982002,2022-11-26T07:12:00Z,1H 0M 0S,6471,9
472.5339581722738,7411.85503174642,2022-11-26T08:12:00Z,1H 0M 0S,6471,9
472.60740234774636,7411.413026317903,2022-11-26T09:12:00Z,1H 0M 0S,6471,9
472.6763071993542,7411.351852160006,2022-11-26T10:12:00Z,1H 0M 0S,6471,9
472.84703527793545,7411.121453737072,2022-11-26T11:12:00Z,1H 0M 0S,6471,9
473.7596647986777,7410.489275579274,2022-11-26T12:12:00Z,1H 0M 0S,6471,9
473.93821697336784,7410.1252143389665,2022-11-26T13:12:00Z,1H 0M 0S,6471,9
473.9512170112208,7410.120984954986,2022-11-26T14:12:00Z,1H 0M 0S,6471,9
473.9705987087842,7410.118972745899,2022-11-26T15:12:00Z,1H 0M 0S,6471,9
475.5204187822941,7411.9265361059215,2022-11-26T16:12:00Z,1H 0M 0S,6471,9
475.41551657208316,7411.986016851569,2022-11-26T17:12:00Z,1H 0M 0S,6471,9
475.5045281557748,7412.103554722226,2022-11-26T18:12:00Z,1H 0M 0S,6471,9
475.92763841975005,7412.7833620015235,2022-11-26T19:12:00Z,1H 0M 0S,6471,9
475.7946735653205,7414.151397997496,2022-11-26T20:12:00Z,1H 0M 0S,6471,9
475.7917339297494,7414.157583255638,2022-11-26T21:12:00Z,1H 0M 0S,6471,9
475.87984190370435,7414.156949234017,2022-11-26T22:12:00Z,1H 0M 0S,6471,9
475.8890772747853,7414.171999855505,2022-11-26T23:12:00Z,1H 0M 0S,6471,9
475.84100013674595,7414.280755814816,2022-11-27T00:12:00Z,1H 0M 0S,6471,9
475.99437701899984,7414.54822536356,2022-11-27T01:12:00Z,1H 0M 0S,6471,9
475.7247730553041,7413.9291717412125,2022-11-27T02:12:00Z,1H 0M 0S,6471,9
475.454054220203,7413.672079949157,2022-11-27T03:12:00Z,1H 0M 0S,6471,9
474.72353154846843,7413.665406604737,2022-11-27T04:12:00Z,1H 0M 0S,6471,9
474.4004082188804,7413.326338789712,2022-11-27T05:12:00Z,1H 0M 0S,6471,9
474.1840684662425,7412.931387947076,2022-11-27T06:12:00Z,1H 0M 0S,6471,9
473.9229622713458,7412.701786416784,2022-11-27T07:12:00Z,1H 0M 0S,6471,9
473.9761295872256,7412.564110538061,2022-11-27T08:12:00Z,1H 0M 0S,6471,9
474.13991576505157,7412.344726925856,2022-11-27T09:12:00Z,1H 0M 0S,6471,9
473.9870301061158,7411.733720806991,2022-11-27T10:12:00Z,1H 0M 0S,6471,9
473.9251183381914,7411.708029493565,2022-11-27T11:12:00Z,1H 0M 0S,6471,9
473.72809995610476,7411.732001608184,2022-11-27T12:12:00Z,1H 0M 0S,6471,9
472.6453782177873,7410.780703449169,2022-11-27T13:12:00Z,1H 0M 0S,6471,9
472.5450662779591,7410.454691293168,2022-11-27T14:12:00Z,1H 0M 0S,6471,9
472.53755020916776,7410.345224877618,2022-11-27T15:12:00Z,1H 0M 0S,6471,9
472.5579155949582,7410.203527807673,2022-11-27T16:12:00Z,1H 0M 0S,6471,9
473.26616450456754,7408.66428567358,2022-11-27T17:12:00Z,1H 0M 0S,6471,9
473.851549576527,7407.636185308901,2022-11-27T18:12:00Z,1H 0M 0S,6471,9
474.4403044954062,7407.486659658716,2022-11-27T19:12:00Z,1H 0M 0S,6471,9
474.789944441723,7406.469490820892,2022-11-27T20:12:00Z,1H 0M 0S,6471,9
475.2148623116166,7406.7067804401595,2022-11-27T21:12:00Z,1H 0M 0S,6471,9
475.22524183921274,7406.713024462684,2022-11-27T22:12:00Z,1H 0M 0S,6471,9
475.8719536445647,7407.244413230686,2022-11-27T23:12:00Z,1H 0M 0S,6471,9
475.9675128648984,7407.379735346264,2022-11-28T00:12:00Z,1H 0M 0S,6471,9
476.4925363490862,7407.682954431056,2022-11-28T01:12:00Z,1H 0M 0S,6471,9
476.79515659396435,7407.6863335218795,2022-11-28T02:12:00Z,1H 0M 0S,6471,9
477.6617834756046,7407.618873996464,2022-11-28T03:12:00Z,1H 0M 0S,6471,9
478.23038036579345,7407.29868062488,2022-11-28T04:12:00Z,1H 0M 0S,6471,9
478.56612681522336,7407.253129442671,2022-11-28T05:12:00Z,1H 0M 0S,6471,9
478.2771179565118,7406.447175966396,2022-11-28T06:12:00Z,1H 0M 0S,6471,9
478.21928193184226,7406.303774220252,2022-11-28T07:12:00Z,1H 0M 0S,6471,9
478.31808116118725,7405.819211789126,2022-11-28T08:12:00Z,1H 0M 0S,6471,9
478.2231892408661,7404.902958729622,2022-11-28T09:12:00Z,1H 0M 0S,6471,9
477.7080903156205,7404.204800622596,2022-11-28T10:12:00Z,1H 0M 0S,6471,9
477.7285993087342,7404.2044239454,2022-11-28T11:12:00Z,1H 0M 0S,6471,9
477.43559665124627,7405.3683505686395,2022-11-28T12:12:00Z,1H 0M 0S,6471,9
477.4178488621465,7405.402246779491,2022-11-28T13:12:00Z,1H 0M 0S,6471,9
477.61609961438427,7406.214300229697,2022-11-28T14:12:00Z,1H 0M 0S,6471,9
477.5263072899472,7406.422695388254,2022-11-28T15:12:00Z,1H 0M 0S,6471,9
477.4333284131529,7406.562481979499,2022-11-28T16:12:00Z,1H 0M 0S,6471,9
477.3412764986065,7406.589685740868,2022-11-28T17:12:00Z,1H 0M 0S,6471,9
477.3356324059444,7406.585586080771,2022-11-28T18:12:00Z,1H 0M 0S,6471,9
476.9313589373467,7406.4801612170995,2022-11-28T19:12:00Z,1H 0M 0S,6471,9
476.7756495007565,7406.365226471752,2022-11-28T20:12:00Z,1H 0M 0S,6471,9
476.56641251513497,7406.418266114613,2022-11-28T21:12:00Z,1H 0M 0S,6471,9
476.07064723187784,7406.627936956105,2022-11-28T22:12:00Z,1H 0M 0S,6471,9
475.5679020746235,7406.847321031781,2022-11-28T23:12:00Z,1H 0M 0S,6471,9
475.3143253274325,7407.247056629016,2022-11-29T00:12:00Z,1H 0M 0S,6471,9
475.25505413891875,7407.284382870492,2022-11-29T01:12:00Z,1H 0M 0S,6471,9
475.1210686205395,7407.56622110524,2022-11-29T02:12:00Z,1H 0M 0S,6471,9
474.8715886486347,7407.787396359919,2022-11-29T03:12:00Z,1H 0M 0S,6471,9
474.8949998795584,7407.849716743935,2022-11-29T04:12:00Z,1H 0M 0S,6471,9
474.46695036012187,7408.083762329353,2022-11-29T05:12:00Z,1H 0M 0S,6471,9
474.42256324758307,7408.100051115477,2022-11-29T06:12:00Z,1H 0M 0S,6471,9
473.3531130866635,7407.649407659352,2022-11-29T07:12:00Z,1H 0M 0S,6471,9
473.287531222185,7407.648802112302,2022-11-29T08:12:00Z,1H 0M 0S,6471,9
473.28694002436674,7407.648744405288,2022-11-29T09:12:00Z,1H 0M 0S,6471,9
472.81974109635166,7407.961216523286,2022-11-29T10:12:00Z,1H 0M 0S,6471,9
472.70249327325627,7407.685169660189,2022-11-29T11:12:00Z,1H 0M 0S,6471,9
472.71645910053155,7407.609460885233,2022-11-29T12:12:00Z,1H 0M 0S,6471,9
472.784523894545,7407.433181174036,2022-11-29T13:12:00Z,1H 0M 0S,6471,9
472.6041987073204,7406.749860334202,2022-11-29T14:12:00Z,1H 0M 0S,6471,9
471.97498529653353,7406.041241774645,2022-11-29T15:12:00Z,1H 0M 0S,6471,9
471.9521552061806,7405.919876276664,2022-11-29T16:12:00Z,1H 0M 0S,6471,9
472.08690245398975,7405.197970994133,2022-11-29T17:12:00Z,1H 0M 0S,6471,9
472.63151731190777,7404.815692525787,2022-11-29T18:12:00Z,1H 0M 0S,6471,9
472.7252524803583,7404.742102074496,2022-11-29T19:12:00Z,1H 0M 0S,6471,9
473.0624737831309,7404.553343458738,2022-11-29T20:12:00Z,1H 0M 0S,6471,9
472.995710421956,7404.1595780990265,2022-11-29T21:12:00Z,1H 0M 0S,6471,9
470.22851221377266,7403.686524949052,2022-11-29T22:12:00Z,1H 0M 0S,6471,9
469.25597111960246,7403.773004807112,2022-11-29T23:12:00Z,1H 0M 0S,6471,9
469.24806574343467,7403.784493581123,2022-11-30T00:12:00Z,1H 0M 0S,6471,9
469.335979782312,7403.979943647552,2022-11-30T01:12:00Z,1H 0M 0S,6471,9
469.5655793032977,7404.080718891315,2022-11-30T02:12:00Z,1H 0M 0S,6471,9
470.19949832054573,7405.539103969401,2022-11-30T03:12:00Z,1H 0M 0S,6471,9
470.51448848180036,7405.811564942397,2022-11-30T04:12:00Z,1H 0M 0S,6471,9
470.4070583589036,7405.85979176106,2022-11-30T05:12:00Z,1H 0M 0S,6471,9
470.32067651727465,7405.912313349539,2022-11-30T06:12:00Z,1H 0M 0S,6471,9
469.6514508718876,7406.125173983447,2022-11-30T07:12:00Z,1H 0M 0S,6471,9
469.66372879973676,7405.909705517351,2022-11-30T08:12:00Z,1H 0M 0S,6471,9
470.00469743816154,7405.970521020086,2022-11-30T09:12:00Z,1H 0M 0S,6471,9
470.2196344811719,7406.661435527156,2022-11-30T10:12:00Z,1H 0M 0S,6471,9
470.23003725250413,7407.127281072751,2022-11-30T11:12:00Z,1H 0M 0S,6471,9
470.21967265461893,7407.1470525949135,2022-11-30T12:12:00Z,1H 0M 0S,6471,9
470.0970924303795,7407.516937902064,2022-11-30T13:12:00Z,1H 0M 0S,6471,9
470.2690988774834,7407.690100893917,2022-11-30T14:12:00Z,1H 0M 0S,6471,9
470.4110194176364,7407.6696564920985,2022-11-30T15:12:00Z,1H 0M 0S,6471,9
470.4099559592198,7407.492052692329,2022-11-30T16:12:00Z,1H 0M 0S,6471,9
472.7582535123943,7405.335941867673,2022-11-30T17:12:00Z,1H 0M 0S,6471,9
472.742357011205,7405.21007911271,2022-11-30T18:12:00Z,1H 0M 0S,6471,9
472.48244758700827,7403.914955384925,2022-11-30T19:12:00Z,1H 0M 0S,6471,9
471.75958479901027,7402.5423176250315,2022-11-30T20:12:00Z,1H 0M 0S,6471,9
471.68706842005656,7402.182935896824,2022-11-30T21:12:00Z,1H 0M 0S,6471,9
472.5210862974179,7402.762421748838,2022-11-30T22:12:00Z,1H 0M 0S,6471,9
472.7957524195986,7402.495888393414,2022-11-30T23:12:00Z,1H 0M 0S,6471,9
472.9101911038114,7402.33537707418,2022-12-01T00:12:00Z,1H 0M 0S,6471,9
472.9278981837145,7402.2808929407865,2022-12-01T01:12:00Z,1H 0M 0S,6471,9
472.15050626047747,7401.784860674047,2022-12-01T02:12:00Z,1H 0M 0S,6471,9
471.964384311119,7401.747299924478,2022-12-01T03:12:00Z,1H 0M 0S,6471,9
470.9532338434358,7400.013885949739,2022-12-01T04:12:00Z,1H 0M 0S,6471,9
470.8935434996666,7399.885166866345,2022-12-01T05:12:00Z,1H 0M 0S,6471,9
470.27481772285824,7400.0472686273715,2022-12-01T06:12:00Z,1H 0M 0S,6471,9
469.59927549916455,7400.312517904887,2022-12-01T07:12:00Z,1H 0M 0S,6471,9
469.52423922737444,7400.227525810914,2022-12-01T08:12:00Z,1H 0M 0S,6471,9
468.7416066720929,7400.446409866508,2022-12-01T09:12:00Z,1H 0M 0S,6471,9
468.60755168952534,7400.645768057194,2022-12-01T10:12:00Z,1H 0M 0S,6471,9
468.7176671597684,7400.783673581888,2022-12-01T11:12:00Z,1H 0M 0S,6471,9
468.7037602448381,7400.820476060434,2022-12-01T12:12:00Z,1H 0M 0S,6471,9
468.3815990054359,7400.690770919695,2022-12-01T13:12:00Z,1H 0M 0S,6471,9
468.1076628262175,7400.964121597297,2022-12-01T14:12:00Z,1H 0M 0S,6471,9
468.04302393761054,7400.991393762805,2022-12-01T15:12:00Z,1H 0M 0S,6471,9
467.8852123743748,7401.140967021637,2022-12-01T16:12:00Z,1H 0M 0S,6471,9
467.8598432270587,7401.0509752226535,2022-12-01T17:12:00Z,1H 0M 0S,6471,9
467.9194664494667,7400.6568300485405,2022-12-01T18:12:00Z,1H 0M 0S,6471,9
467.951376480939,7400.594627542377,2022-12-01T19:12:00Z,1H 0M 0S,6471,9
468.2133809320226,7400.449832025331,2022-12-01T20:12:00Z,1H 0M 0S,6471,9
468.2230156366248,7400.3948346010075,2022-12-01T21:12:00Z,1H 0M 0S,6471,9
467.75800216200037,7399.727606664892,2022-12-01T22:12:00Z,1H 0M 0S,6471,9
467.6444572647651,7398.8581462830625,2022-12-01T23:12:00Z,1H 0M 0S,6471,9
468.1724235088637,7397.676402298352,2022-12-02T00:12:00Z,1H 0M 0S,6471,9
468.1678529308959,7397.665654835128,2022-12-02T01:12:00Z,1H 0M 0S,6471,9
468.14242041379885,7397.612958827592,2022-12-02T02:12:00Z,1H 0M 0S,6471,9
468.4099766882513,7397.837584961656,2022-12-02T03:12:00Z,1H 0M 0S,6471,9
468.65133302566227,7398.058463263155,2022-12-02T04:12:00Z,1H 0M 0S,6471,9
468.73379429053335,7398.149610208443,2022-12-02T05:12:00Z,1H 0M 0S,6471,9
484.10268046364774,7417.443102455261,2022-11-23T21:12:00Z,1H 0M 0S,6471,10
484.21346373487097,7417.426411741628,2022-11-23T22:12:00Z,1H 0M 0S,6471,10
484.29773353971956,7417.461297367366,2022-11-23T23:12:00Z,1H 0M 0S,6471,10
485.25048792963287,7417.274232522888,2022-11-24T00:12:00Z,1H 0M 0S,6471,10
485.6720859406161,7416.779124180889,2022-11-24T01:12:00Z,1H 0M 0S,6471,10
485.8444462081296,7416.641425442625,2022-11-24T02:12:00Z,1H 0M 0S,6471,10
486.4429924765442,7416.636832416544,2022-11-24T03:12:00Z,1H 0M 0S,6471,10
486.43328111670104,7416.514300131754,2022-11-24T04:12:00Z,1H 0M 0S,6471,10
486.2039555662933,7416.5633498789,2022-11-24T05:12:00Z,1H 0M 0S,6471,10
486.1749032507425,7416.501788924196,2022-11-24T06:12:00Z,1H 0M 0S,6471,10
485.9703826606818,7415.907263880805,2022-11-24T07:12:00Z,1H 0M 0S,6471,10
485.70525298189574,7415.39564239508,2022-11-24T08:12:00Z,1H 0M 0S,6471,10
484.5273458978477,7414.543991653946,2022-11-24T09:12:00Z,1H 0M 0S,6471,10
484.57741433451287,7414.461379773145,2022-11-24T10:12:00Z,1H 0M 0S,6471,10
484.61302579026903,7414.387244414969,2022-11-24T11:12:00Z,1H 0M 0S,6471,10
485.1587160840096,7414.411539089373,2022-11-24T12:12:00Z,1H 0M 0S,6471,10
486.1500048146574,7413.58534310053,2022-11-24T13:12:00Z,1H 0M 0S,6471,10
486.29299763847996,7413.595976426298,2022-11-24T14:12:00Z,1H 0M 0S,6471,10
486.49581774393744,7413.659155957412,2022-11-24T15:12:00Z,1H 0M 0S,6471,10
486.96584034728687,7413.702207011389,2022-11-24T16:12:00Z,1H 0M 0S,6471,10
486.97884628277166,7413.700391328869,2022-11-24T17:12:00Z,1H 0M 0S,6471,10
488.12959710349423,7412.296521025354,2022-11-24T18:12:00Z,1H 0M 0S,6471,10
487.35370013252015,7412.095328605647,2022-11-24T19:12:00Z,1H 0M 0S,6471,10
487.3143844356442,7412.142331133039,2022-11-24T20:12:00Z,1H 0M 0S,6471,10
486.91551853335363,7412.332900103114,2022-11-24T21:12:00Z,1H 0M 0S,6471,10
486.8002299683896,7412.685659868324,2022-11-24T22:12:00Z,1H 0M 0S,6471,10
487.7629953176387,7414.363510014103,2022-11-24T23:12:00Z,1H 0M 0S,6471,10
487.7771143032848,7414.410636999953,2022-11-25T00:12:00Z,1H 0M 0S,6471,10
487.71437451990386,7414.351654087869,2022-11-25T01:12:00Z,1H 0M 0S,6471,10
487.4018492879318,7414.1257537436195,2022-11-25T02:12:00Z,1H 0M 0S,6471,10
487.2409443413461,7413.6729018056785,2022-11-25T03:12:00Z,1H 0M 0S,6471,10
487.21706745201055,7413.5596020130115,2022-11-25T04:12:00Z,1H 0M 0S,6471,10
487.1826885140146,7413.496819663895,2022-11-25T05:12:00Z,1H 0M 0S,6471,10
487.28009766672676,7413.393011214667,2022-11-25T06:12:00Z,1H 0M 0S,6471,10
487.4595177647344,7413.183642096275,2022-11-25T07:12:00Z,1H 0M 0S,6471,10
487.44947848048076,7413.138496440266,2022-11-25T08:12:00Z,1H 0M 0S,6471,10
487.4347097216067,7413.2338313966675,2022-11-25T09:12:00Z,1H 0M 0S,6471,10
487.4309623336441,7413.236880062105,2022-11-25T10:12:00Z,1H 0M 0S,6471,10
487.43223344953225,7413.268880374525,2022-11-25T11:12:00Z,1H 0M 0S,6471,10
487.756947623347,7413.726396724232,2022-11-25T12:12:00Z,1H 0M 0S,6471,10
487.7207230815005,7413.739233558761,2022-11-25T13:12:00Z,1H 0M 0S,6471,10
487.98074971994265,7413.774632740613,2022-11-25T14:12:00Z,1H 0M 0S,6471,10
488.3463442632426,7413.628279109473,2022-11-25T15:12:00Z,1H 0M 0S,6471,10
488.32827936291636,7413.610336599911,2022-11-25T16:12:00Z,1H 0M 0S,6471,10
488.43414840579203,7413.349260616411,2022-11-25T17:12:00Z,1H 0M 0S,6471,10
488.5850691076342,7413.334562428296,2022-11-25T18:12:00Z,1H 0M 0S,6471,10
488.9203608830395,7412.388778339805,2022-11-25T19:12:00Z,1H 0M 0S,6471,10
490.95526732896093,7412.848007676648,2022-11-25T20:12:00Z,1H 0M 0S,6471,10
491.04885799720296,7412.74869110524,2022-11-25T21:12:00Z,1H 0M 0S,6471,10
491.0637160328982,7412.739376576354,2022-11-25T22:12:00Z,1H 0M 0S,6471,10
491.2925798431177,7412.361511333405,2022-11-25T23:12:00Z,1H 0M 0S,6471,10
491.1896549100935,7411.849986434382,2022-11-26T00:12:00Z,1H 0M 0S,6471,10
490.5999379911682,7410.80121613898,2022-11-26T01:12:00Z,1H 0M 0S,6471,10
490.60356348298274,7410.721253531494,2022-11-26T02:12:00Z,1H 0M 0S,6471,10
490.63647460195193,7410.714550794273,2022-11-26T03:12:00Z,1H 0M 0S,6471,10
491.3593031532212,7410.983893375622,2022-11-26T04:12:00Z,1H 0M 0S,6471,10
491.7955865219855,7411.59241207634,2022-11-26T05:12:00Z,1H 0M 0S,6471,10
491.7549590722847,7411.728921991088,2022-11-26T06:12:00Z,1H 0M 0S,6471,10
491.7085594672703,7411.988017803943,2022-11-26T07:12:00Z,1H 0M 0S,6471,10
491.9523281622144,7412.17536080935,2022-11-26T08:12:00Z,1H 0M 0S,6471,10
493.07318959778866,7412.284304799807,2022-11-26T09:12:00Z,1H 0M 0S,6471,10
492.97897963414414,7412.603289456502,2022-11-26T10:12:00Z,1H 0M 0S,6471,10
493.26012312606986,7412.824391233592,2022-11-26T11:12:00Z,1H 0M 0S,6471,10
494.6209687944299,7413.2264861963595,2022-11-26T12:12:00Z,1H 0M 0S,6471,10
494.6909602025538,7413.083120542627,2022-11-26T13:12:00Z,1H 0M 0S,6471,10
494.6552466681729,7411.492914085229,2022-11-26T14:12:00Z,1H 0M 0S,6471,10
494.73696754957695,7411.328250167943,2022-11-26T15:12:00Z,1H 0M 0S,6471,10
492.927808094511,7411.59859876349,2022-11-26T16:12:00Z,1H 0M 0S,6471,10
492.47564279740976,7411.93742190941,2022-11-26T17:12:00Z,1H 0M 0S,6471,10
492.49071797847483,7411.999840538056,2022-11-26T18:12:00Z,1H 0M 0S,6471,10
492.5195991012597,7412.048293351442,2022-11-26T19:12:00Z,1H 0M 0S,6471,10
492.99704601447723,7412.048858508583,2022-11-26T20:12:00Z,1H 0M 0S,6471,10
494.0439514376463,7412.385394195625,2022-11-26T21:12:00Z,1H 0M 0S,6471,10
494.1064653114096,7411.305409713687,2022-11-26T22:12:00Z,1H 0M 0S,6471,10
493.7257581420511,7410.954179437679,2022-11-26T23:12:00Z,1H 0M 0S,6471,10
493.7257553663637,7410.954258142428,2022-11-27T00:12:00Z,1H 0M 0S,6471,10
493.65285614686184,7411.157206005748,2022-11-27T01:12:00Z,1H 0M 0S,6471,10
493.52221114895184,7411.578352846962,2022-11-27T02:12:00Z,1H 0M 0S,6471,10
493.40025086024673,7411.653499642564,2022-11-27T03:12:00Z,1H 0M 0S,6471,10
493.24582587592516,7411.666519710169,2022-11-27T04:12:00Z,1H 0M 0S,6471,10
493.2673006854094,7411.707837022957,2022-11-27T05:12:00Z,1H 0M 0S,6471,10
493.71418214532497,7411.828046221725,2022-11-27T06:12:00Z,1H 0M 0S,6471,10
493.75678098967643,7411.838108533304,2022-11-27T07:12:00Z,1H 0M 0S,6471,10
493.7634234429984,7411.835720986419,2022-11-27T08:12:00Z,1H 0M 0S,6471,10
493.87524155211804,7410.448311635302,2022-11-27T09:12:00Z,1H 0M 0S,6471,10
493.93629916454313,7409.430842110527,2022-11-27T10:12:00Z,1H 0M 0S,6471,10
494.773058954831,7408.622431702436,2022-11-27T11:12:00Z,1H 0M 0S,6471,10
494.1332823408722,7408.256639802146,2022-11-27T12:12:00Z,1H 0M 0S,6471,10
494.125544285453,7408.262225932064,2022-11-27T13:12:00Z,1H 0M 0S,6471,10
493.9993784570066,7408.396735420654,2022-11-27T14:12:00Z,1H 0M 0S,6471,10
493.9865488142273,7408.404400918781,2022-11-27T15:12:00Z,1H 0M 0S,6471,10
493.8766828618025,7408.3627980442825,2022-11-27T16:12:00Z,1H 0M 0S,6471,10
493.8617972467982,7408.394196153044,2022-11-27T17:12:00Z,1H 0M 0S,6471,10
493.87361010134396,7408.461497456469,2022-11-27T18:12:00Z,1H 0M 0S,6471,10
494.2012632686325,7408.518901237813,2022-11-27T19:12:00Z,1H 0M 0S,6471,10
494.2047838161254,7408.520001059197,2022-11-27T20:12:00Z,1H 0M 0S,6471,10
494.76931091588244,7409.337125864523,2022-11-27T21:12:00Z,1H 0M 0S,6471,10
494.47478810898093,7409.450681362288,2022-11-27T22:12:00Z,1H 0M 0S,6471,10
493.8827300508163,7410.259883749673,2022-11-27T23:12:00Z,1H 0M 0S,6471,10
493.88757917042295,7410.546570950715,2022-11-28T00:12:00Z,1H 0M 0S,6471,10
493.93279220997556,7410.769807920502,2022-11-28T01:12:00Z,1H 0M 0S,6471,10
493.934264995481,7410.802480111775,2022-11-28T02:12:00Z,1H 0M 0S,6471,10
494.0254826964889,7411.315061590273,2022-11-28T03:12:00Z,1H 0M 0S,6471,10
494.134518597346,7411.568618904944,2022-11-28T04:12:00Z,1H 0M 0S,6471,10
495.3870656757102,7411.727516690058,2022-11-28T05:12:00Z,1H 0M 0S,6471,10
495.325134808022,7411.858323436211,2022-11-28T06:12:00Z,1H 0M 0S,6471,10
495.3390147617723,7412.1722010286185,2022-11-28T07:12:00Z,1H 0M 0S,6471,10
495.42453686013715,7412.392665619463,2022-11-28T08:12:00Z,1H 0M 0S,6471,10
495.6358057966925,7413.570803780909,2022-11-28T09:12:00Z,1H 0M 0S,6471,10
495.6305967127536,7413.6559828394575,2022-11-28T10:12:00Z,1H 0M 0S,6471,10
495.61268054761683,7413.872392483077,2022-11-28T11:12:00Z,1H 0M 0S,6471,10
495.6578122374501,7413.838775083291,2022-11-28T12:12:00Z,1H 0M 0S,6471,10
495.6411788932402,7413.442690840339,2022-11-28T13:12:00Z,1H 0M 0S,6471,10
495.86331638623705,7413.479174897688,2022-11-28T14:12:00Z,1H 0M 0S,6471,10
495.83088894698943,7414.246747063826,2022-11-28T15:12:00Z,1H 0M 0S,6471,10
495.77954673470646,7413.946010324596,2022-11-28T16:12:00Z,1H 0M 0S,6471,10
496.2886002480576,7413.797659223156,2022-11-28T17:12:00Z,1H 0M 0S,6471,10
496.50612423476167,7413.576128339692,2022-11-28T18:12:00Z,1H 0M 0S,6471,10
496.5218441038078,7413.560692721717,2022-11-28T19:12:00Z,1H 0M 0S,6471,10
496.1134623347142,7413.113661176141,2022-11-28T20:12:00Z,1H 0M 0S,6471,10
495.9724930978283,7413.050369531396,2022-11-28T21:12:00Z,1H 0M 0S,6471,10
496.0328755889074,7413.005300793682,2022-11-28T22:12:00Z,1H 0M 0S,6471,10
496.2233927234996,7412.006093148318,2022-11-28T23:12:00Z,1H 0M 0S,6471,10
496.08231231714814,7411.745095283137,2022-11-29T00:12:00Z,1H 0M 0S,6471,10
496.07404448658644,7411.378480917673,2022-11-29T01:12:00Z,1H 0M 0S,6471,10
496.7142677246305,7411.213770889074,2022-11-29T02:12:00Z,1H 0M 0S,6471,10
496.6349250452156,7409.934186458501,2022-11-29T03:12:00Z,1H 0M 0S,6471,10
496.67216901744064,7409.80250319616,2022-11-29T04:12:00Z,1H 0M 0S,6471,10
496.7270687593018,7409.658391092935,2022-11-29T05:12:00Z,1H 0M 0S,6471,10
497.0340468284468,7408.611615313462,2022-11-29T06:12:00Z,1H 0M 0S,6471,10
498.2385113943974,7408.131553990841,2022-11-29T07:12:00Z,1H 0M 0S,6471,10
499.4827478041576,7407.590331954468,2022-11-29T08:12:00Z,1H 0M 0S,6471,10
499.47979108841986,7407.378891238972,2022-11-29T09:12:00Z,1H 0M 0S,6471,10
499.64869064310847,7407.117547139891,2022-11-29T10:12:00Z,1H 0M 0S,6471,10
499.79250835264185,7407.227886587094,2022-11-29T11:12:00Z,1H 0M 0S,6471,10
499.798206128586,7407.237464001342,2022-11-29T12:12:00Z,1H 0M 0S,6471,10
499.79836038051104,7407.2377341398405,2022-11-29T13:12:00Z,1H 0M 0S,6471,10
499.82566423121176,7407.3302127258885,2022-11-29T14:12:00Z,1H 0M 0S,6471,10
499.138108397985,7407.7675338671015,2022-11-29T15:12:00Z,1H 0M 0S,6471,10
499.12710900869666,7407.756119952836,2022-11-29T16:12:00Z,1H 0M 0S,6471,10
497.9479457403904,7407.214916650502,2022-11-29T17:12:00Z,1H 0M 0S,6471,10
497.93952643595605,7407.206658104969,2022-11-29T18:12:00Z,1H 0M 0S,6471,10
497.84571982008066,7406.896617881483,2022-11-29T19:12:00Z,1H 0M 0S,6471,10
497.6421947197679,7406.554382684435,2022-11-29T20:12:00Z,1H 0M 0S,6471,10
497.56615326537207,7406.635130470776,2022-11-29T21:12:00Z,1H 0M 0S,6471,10
497.3126770707903,7406.790487915059,2022-11-29T22:12:00Z,1H 0M 0S,6471,10
497.82204797465863,7407.176475441784,2022-11-29T23:12:00Z,1H 0M 0S,6471,10
497.8504031452505,7407.205792803298,2022-11-30T00:12:00Z,1H 0M 0S,6471,10
498.09807895463865,7407.135738313097,2022-11-30T01:12:00Z,1H 0M 0S,6471,10
498.10566467138517,7407.121545669188,2022-11-30T02:12:00Z,1H 0M 0S,6471,10
498.0775961599531,7407.04563845929,2022-11-30T03:12:00Z,1H 0M 0S,6471,10
498.0494305636531,7406.553997304553,2022-11-30T04:12:00Z,1H 0M 0S,6471,10
498.03238729778906,7406.529137440038,2022-11-30T05:12:00Z,1H 0M 0S,6471,10
497.6623939270471,7406.780611580363,2022-11-30T06:12:00Z,1H 0M 0S,6471,10
496.69694758458087,7406.797526164684,2022-11-30T07:12:00Z,1H 0M 0S,6471,10
496.31569284584305,7407.032999741809,2022-11-30T08:12:00Z,1H 0M 0S,6471,10
496.29285208559236,7406.771625062231,2022-11-30T09:12:00Z,1H 0M 0S,6471,10
497.1848543850966,7403.963723614232,2022-11-30T10:12:00Z,1H 0M 0S,6471,10
497.0989354335674,7403.581587371117,2022-11-30T11:12:00Z,1H 0M 0S,6471,10
497.0957396746827,7403.531705279282,2022-11-30T12:12:00Z,1H 0M 0S,6471,10
497.18080966053424,7403.439855246812,2022-11-30T13:12:00Z,1H 0M 0S,6471,10
497.1666472570391,7403.435099974514,2022-11-30T14:12:00Z,1H 0M 0S,6471,10
496.92212143147157,7403.283180246607,2022-11-30T15:12:00Z,1H 0M 0S,6471,10
496.8672600204316,7403.228266993594,2022-11-30T16:12:00Z,1H 0M 0S,6471,10
496.5044799560035,7403.088739342778,2022-11-30T17:12:00Z,1H 0M 0S,6471,10
496.83501179917585,7402.335091299094,2022-11-30T18:12:00Z,1H 0M 0S,6471,10
496.84042449995053,7402.247389189406,2022-11-30T19:12:00Z,1H 0M 0S,6471,10
496.89803605983667,7402.215237000457,2022-11-30T20:12:00Z,1H 0M 0S,6471,10
496.9057900855372,7402.09337417941,2022-11-30T21:12:00Z,1H 0M 0S,6471,10
497.1118824489426,7401.939909237159,2022-11-30T22:12:00Z,1H 0M 0S,6471,10
497.12279829532474,7401.943648607916,2022-11-30T23:12:00Z,1H 0M 0S,6471,10
496.80010287503507,7401.652965219816,2022-12-01T00:12:00Z,1H 0M 0S,6471,10
496.6154949900759,7401.6420376697915,2022-12-01T01:12:00Z,1H 0M 0S,6471,10
495.01745658771154,7402.029628735682,2022-12-01T02:12:00Z,1H 0M 0S,6471,10
495.181322519812,7401.304305905462,2022-12-01T03:12:00Z,1H 0M 0S,6471,10
494.7615474117514,7401.612701176795,2022-12-01T04:12:00Z,1H 0M 0S,6471,10
495.04894529448995,7401.970803133522,2022-12-01T05:12:00Z,1H 0M 0S,6471,10
494.00923448875335,7401.8260893740335,2022-12-01T06:12:00Z,1H 0M 0S,6471,10
492.73605523415114,7401.827295722599,2022-12-01T07:12:00Z,1H 0M 0S,6471,10
492.63031013453593,7401.95588316173,2022-12-01T08:12:00Z,1H 0M 0S,6471,10
492.4491524691323,7402.14883996169,2022-12-01T09:12:00Z,1H 0M 0S,6471,10
491.89555400537176,7401.999999397673,2022-12-01T10:12:00Z,1H 0M 0S,6471,10
491.6383597815331,7402.011905427495,2022-12-01T11:12:00Z,1H 0M 0S,6471,10
491.16949262008313,7401.643110221581,2022-12-01T12:12:00Z,1H 0M 0S,6471,10
490.65756860527335,7401.365115639912,2022-12-01T13:12:00Z,1H 0M 0S,6471,10
490.6267915826695,7401.2595928144265,2022-12-01T14:12:00Z,1H 0M 0S,6471,10
491.19232600160825,7401.317246477519,2022-12-01T15:12:00Z,1H 0M 0S,6471,10
491.2376194782513,7401.285656814612,2022-12-01T16:12:00Z,1H 0M 0S,6471,10
491.25142788282676,7401.275349633578,2022-12-01T17:12:00Z,1H 0M 0S,6471,10
491.1273045784075,7401.101226449312,2022-12-01T18:12:00Z,1H 0M 0S,6471,10
491.14031596361343,7401.005896967942,2022-12-01T19:12:00Z,1H 0M 0S,6471,10
491.48951007501273,7399.932194510402,2022-12-01T20:12:00Z,1H 0M 0S,6471,10
491.57611678309524,7399.654858994134,2022-12-01T21:12:00Z,1H 0M 0S,6471,10
491.6329660932685,7399.5721776756845,2022-12-01T22:12:00Z,1H 0M 0S,6471,10
491.5119049511895,7399.769364561149,2022-12-01T23:12:00Z,1H 0M 0S,6471,10
491.50347763422235,7399.851915489656,2022-12-02T00:12:00Z,1H 0M 0S,6471,10
490.67402838433435,7399.216748981136,2022-12-02T01:12:00Z,1H 0M 0S,6471,10
490.3402844262069,7399.408873735089,2022-12-02T02:12:00Z,1H 0M 0S,6471,10
490.20795258621615,7399.358295649913,2022-12-02T03:12:00Z,1H 0M 0S,6471,10
490.13643728175344,7399.33879024987,2022-12-02T04:12:00Z,1H 0M 0S,6471,10
489.18725540835385,7399.446349848503,2022-12-02T05:12:00Z,1H 0M 0S,6471,10
